[2026-01-08T06:16:11.327+0000] {processor.py:161} INFO - Started process (PID=167) to work on /opt/airflow/dags/dag1_csv_to_postgres.py
[2026-01-08T06:16:11.331+0000] {processor.py:830} INFO - Processing file /opt/airflow/dags/dag1_csv_to_postgres.py for tasks to queue
[2026-01-08T06:16:11.334+0000] {logging_mixin.py:188} INFO - [2026-01-08T06:16:11.333+0000] {dagbag.py:538} INFO - Filling up the DagBag from /opt/airflow/dags/dag1_csv_to_postgres.py
[2026-01-08T06:16:13.635+0000] {processor.py:840} INFO - DAG(s) 'csv_to_postgres_ingestion' retrieved from /opt/airflow/dags/dag1_csv_to_postgres.py
[2026-01-08T06:16:14.452+0000] {logging_mixin.py:188} INFO - [2026-01-08T06:16:14.451+0000] {dag.py:3036} INFO - Sync 1 DAGs
[2026-01-08T06:16:14.510+0000] {logging_mixin.py:188} INFO - [2026-01-08T06:16:14.509+0000] {dag.py:3823} INFO - Setting next_dagrun for csv_to_postgres_ingestion to 2026-01-07 00:00:00+00:00, run_after=2026-01-08 00:00:00+00:00
[2026-01-08T06:16:14.670+0000] {processor.py:183} INFO - Processing /opt/airflow/dags/dag1_csv_to_postgres.py took 3.353 seconds
[2026-01-08T06:16:45.342+0000] {processor.py:161} INFO - Started process (PID=173) to work on /opt/airflow/dags/dag1_csv_to_postgres.py
[2026-01-08T06:16:45.346+0000] {processor.py:830} INFO - Processing file /opt/airflow/dags/dag1_csv_to_postgres.py for tasks to queue
[2026-01-08T06:16:45.350+0000] {logging_mixin.py:188} INFO - [2026-01-08T06:16:45.348+0000] {dagbag.py:538} INFO - Filling up the DagBag from /opt/airflow/dags/dag1_csv_to_postgres.py
[2026-01-08T06:16:46.433+0000] {processor.py:840} INFO - DAG(s) 'csv_to_postgres_ingestion' retrieved from /opt/airflow/dags/dag1_csv_to_postgres.py
[2026-01-08T06:16:46.494+0000] {logging_mixin.py:188} INFO - [2026-01-08T06:16:46.494+0000] {dag.py:3036} INFO - Sync 1 DAGs
[2026-01-08T06:16:46.552+0000] {logging_mixin.py:188} INFO - [2026-01-08T06:16:46.551+0000] {dag.py:3823} INFO - Setting next_dagrun for csv_to_postgres_ingestion to 2026-01-07 00:00:00+00:00, run_after=2026-01-08 00:00:00+00:00
[2026-01-08T06:16:46.691+0000] {processor.py:183} INFO - Processing /opt/airflow/dags/dag1_csv_to_postgres.py took 1.372 seconds
[2026-01-08T06:17:17.544+0000] {processor.py:161} INFO - Started process (PID=179) to work on /opt/airflow/dags/dag1_csv_to_postgres.py
[2026-01-08T06:17:17.552+0000] {processor.py:830} INFO - Processing file /opt/airflow/dags/dag1_csv_to_postgres.py for tasks to queue
[2026-01-08T06:17:17.559+0000] {logging_mixin.py:188} INFO - [2026-01-08T06:17:17.556+0000] {dagbag.py:538} INFO - Filling up the DagBag from /opt/airflow/dags/dag1_csv_to_postgres.py
[2026-01-08T06:17:18.722+0000] {processor.py:840} INFO - DAG(s) 'csv_to_postgres_ingestion' retrieved from /opt/airflow/dags/dag1_csv_to_postgres.py
[2026-01-08T06:17:18.804+0000] {logging_mixin.py:188} INFO - [2026-01-08T06:17:18.803+0000] {dag.py:3036} INFO - Sync 1 DAGs
[2026-01-08T06:17:18.878+0000] {logging_mixin.py:188} INFO - [2026-01-08T06:17:18.877+0000] {dag.py:3823} INFO - Setting next_dagrun for csv_to_postgres_ingestion to 2026-01-07 00:00:00+00:00, run_after=2026-01-08 00:00:00+00:00
[2026-01-08T06:17:19.009+0000] {processor.py:183} INFO - Processing /opt/airflow/dags/dag1_csv_to_postgres.py took 1.493 seconds
[2026-01-08T06:17:49.407+0000] {processor.py:161} INFO - Started process (PID=185) to work on /opt/airflow/dags/dag1_csv_to_postgres.py
[2026-01-08T06:17:49.411+0000] {processor.py:830} INFO - Processing file /opt/airflow/dags/dag1_csv_to_postgres.py for tasks to queue
[2026-01-08T06:17:49.416+0000] {logging_mixin.py:188} INFO - [2026-01-08T06:17:49.414+0000] {dagbag.py:538} INFO - Filling up the DagBag from /opt/airflow/dags/dag1_csv_to_postgres.py
[2026-01-08T06:17:50.626+0000] {processor.py:840} INFO - DAG(s) 'csv_to_postgres_ingestion' retrieved from /opt/airflow/dags/dag1_csv_to_postgres.py
[2026-01-08T06:17:50.786+0000] {logging_mixin.py:188} INFO - [2026-01-08T06:17:50.784+0000] {dag.py:3036} INFO - Sync 1 DAGs
[2026-01-08T06:17:50.866+0000] {logging_mixin.py:188} INFO - [2026-01-08T06:17:50.866+0000] {dag.py:3823} INFO - Setting next_dagrun for csv_to_postgres_ingestion to 2026-01-07 00:00:00+00:00, run_after=2026-01-08 00:00:00+00:00
[2026-01-08T06:17:50.938+0000] {processor.py:183} INFO - Processing /opt/airflow/dags/dag1_csv_to_postgres.py took 1.546 seconds
[2026-01-08T06:18:21.218+0000] {processor.py:161} INFO - Started process (PID=191) to work on /opt/airflow/dags/dag1_csv_to_postgres.py
[2026-01-08T06:18:21.224+0000] {processor.py:830} INFO - Processing file /opt/airflow/dags/dag1_csv_to_postgres.py for tasks to queue
[2026-01-08T06:18:21.231+0000] {logging_mixin.py:188} INFO - [2026-01-08T06:18:21.229+0000] {dagbag.py:538} INFO - Filling up the DagBag from /opt/airflow/dags/dag1_csv_to_postgres.py
[2026-01-08T06:18:22.123+0000] {processor.py:840} INFO - DAG(s) 'csv_to_postgres_ingestion' retrieved from /opt/airflow/dags/dag1_csv_to_postgres.py
[2026-01-08T06:18:22.177+0000] {logging_mixin.py:188} INFO - [2026-01-08T06:18:22.177+0000] {dag.py:3036} INFO - Sync 1 DAGs
[2026-01-08T06:18:22.261+0000] {logging_mixin.py:188} INFO - [2026-01-08T06:18:22.260+0000] {dag.py:3823} INFO - Setting next_dagrun for csv_to_postgres_ingestion to 2026-01-07 00:00:00+00:00, run_after=2026-01-08 00:00:00+00:00
[2026-01-08T06:18:22.351+0000] {processor.py:183} INFO - Processing /opt/airflow/dags/dag1_csv_to_postgres.py took 1.151 seconds
[2026-01-08T06:18:52.696+0000] {processor.py:161} INFO - Started process (PID=197) to work on /opt/airflow/dags/dag1_csv_to_postgres.py
[2026-01-08T06:18:52.699+0000] {processor.py:830} INFO - Processing file /opt/airflow/dags/dag1_csv_to_postgres.py for tasks to queue
[2026-01-08T06:18:52.701+0000] {logging_mixin.py:188} INFO - [2026-01-08T06:18:52.700+0000] {dagbag.py:538} INFO - Filling up the DagBag from /opt/airflow/dags/dag1_csv_to_postgres.py
[2026-01-08T06:18:53.528+0000] {processor.py:840} INFO - DAG(s) 'csv_to_postgres_ingestion' retrieved from /opt/airflow/dags/dag1_csv_to_postgres.py
[2026-01-08T06:18:53.611+0000] {logging_mixin.py:188} INFO - [2026-01-08T06:18:53.610+0000] {dag.py:3036} INFO - Sync 1 DAGs
[2026-01-08T06:18:53.699+0000] {logging_mixin.py:188} INFO - [2026-01-08T06:18:53.698+0000] {dag.py:3823} INFO - Setting next_dagrun for csv_to_postgres_ingestion to 2026-01-07 00:00:00+00:00, run_after=2026-01-08 00:00:00+00:00
[2026-01-08T06:18:53.775+0000] {processor.py:183} INFO - Processing /opt/airflow/dags/dag1_csv_to_postgres.py took 1.085 seconds
[2026-01-08T06:19:24.383+0000] {processor.py:161} INFO - Started process (PID=203) to work on /opt/airflow/dags/dag1_csv_to_postgres.py
[2026-01-08T06:19:24.393+0000] {processor.py:830} INFO - Processing file /opt/airflow/dags/dag1_csv_to_postgres.py for tasks to queue
[2026-01-08T06:19:24.401+0000] {logging_mixin.py:188} INFO - [2026-01-08T06:19:24.398+0000] {dagbag.py:538} INFO - Filling up the DagBag from /opt/airflow/dags/dag1_csv_to_postgres.py
[2026-01-08T06:19:25.341+0000] {processor.py:840} INFO - DAG(s) 'csv_to_postgres_ingestion' retrieved from /opt/airflow/dags/dag1_csv_to_postgres.py
[2026-01-08T06:19:25.404+0000] {logging_mixin.py:188} INFO - [2026-01-08T06:19:25.404+0000] {dag.py:3036} INFO - Sync 1 DAGs
[2026-01-08T06:19:25.461+0000] {logging_mixin.py:188} INFO - [2026-01-08T06:19:25.461+0000] {dag.py:3823} INFO - Setting next_dagrun for csv_to_postgres_ingestion to 2026-01-07 00:00:00+00:00, run_after=2026-01-08 00:00:00+00:00
[2026-01-08T06:19:25.508+0000] {processor.py:183} INFO - Processing /opt/airflow/dags/dag1_csv_to_postgres.py took 1.147 seconds
[2026-01-08T06:19:56.065+0000] {processor.py:161} INFO - Started process (PID=209) to work on /opt/airflow/dags/dag1_csv_to_postgres.py
[2026-01-08T06:19:56.074+0000] {processor.py:830} INFO - Processing file /opt/airflow/dags/dag1_csv_to_postgres.py for tasks to queue
[2026-01-08T06:19:56.082+0000] {logging_mixin.py:188} INFO - [2026-01-08T06:19:56.079+0000] {dagbag.py:538} INFO - Filling up the DagBag from /opt/airflow/dags/dag1_csv_to_postgres.py
[2026-01-08T06:19:56.896+0000] {processor.py:840} INFO - DAG(s) 'csv_to_postgres_ingestion' retrieved from /opt/airflow/dags/dag1_csv_to_postgres.py
[2026-01-08T06:19:56.974+0000] {logging_mixin.py:188} INFO - [2026-01-08T06:19:56.973+0000] {dag.py:3036} INFO - Sync 1 DAGs
[2026-01-08T06:19:57.042+0000] {logging_mixin.py:188} INFO - [2026-01-08T06:19:57.041+0000] {dag.py:3823} INFO - Setting next_dagrun for csv_to_postgres_ingestion to 2026-01-07 00:00:00+00:00, run_after=2026-01-08 00:00:00+00:00
[2026-01-08T06:19:57.113+0000] {processor.py:183} INFO - Processing /opt/airflow/dags/dag1_csv_to_postgres.py took 1.077 seconds
[2026-01-08T06:20:27.649+0000] {processor.py:161} INFO - Started process (PID=215) to work on /opt/airflow/dags/dag1_csv_to_postgres.py
[2026-01-08T06:20:27.654+0000] {processor.py:830} INFO - Processing file /opt/airflow/dags/dag1_csv_to_postgres.py for tasks to queue
[2026-01-08T06:20:27.657+0000] {logging_mixin.py:188} INFO - [2026-01-08T06:20:27.656+0000] {dagbag.py:538} INFO - Filling up the DagBag from /opt/airflow/dags/dag1_csv_to_postgres.py
[2026-01-08T06:20:28.937+0000] {processor.py:840} INFO - DAG(s) 'csv_to_postgres_ingestion' retrieved from /opt/airflow/dags/dag1_csv_to_postgres.py
[2026-01-08T06:20:29.024+0000] {logging_mixin.py:188} INFO - [2026-01-08T06:20:29.021+0000] {dag.py:3036} INFO - Sync 1 DAGs
[2026-01-08T06:20:29.202+0000] {logging_mixin.py:188} INFO - [2026-01-08T06:20:29.201+0000] {dag.py:3823} INFO - Setting next_dagrun for csv_to_postgres_ingestion to 2026-01-07 00:00:00+00:00, run_after=2026-01-08 00:00:00+00:00
[2026-01-08T06:20:29.379+0000] {processor.py:183} INFO - Processing /opt/airflow/dags/dag1_csv_to_postgres.py took 1.744 seconds
[2026-01-08T06:21:00.201+0000] {processor.py:161} INFO - Started process (PID=221) to work on /opt/airflow/dags/dag1_csv_to_postgres.py
[2026-01-08T06:21:00.204+0000] {processor.py:830} INFO - Processing file /opt/airflow/dags/dag1_csv_to_postgres.py for tasks to queue
[2026-01-08T06:21:00.207+0000] {logging_mixin.py:188} INFO - [2026-01-08T06:21:00.206+0000] {dagbag.py:538} INFO - Filling up the DagBag from /opt/airflow/dags/dag1_csv_to_postgres.py
[2026-01-08T06:21:01.278+0000] {processor.py:840} INFO - DAG(s) 'csv_to_postgres_ingestion' retrieved from /opt/airflow/dags/dag1_csv_to_postgres.py
[2026-01-08T06:21:01.347+0000] {logging_mixin.py:188} INFO - [2026-01-08T06:21:01.346+0000] {dag.py:3036} INFO - Sync 1 DAGs
[2026-01-08T06:21:01.416+0000] {logging_mixin.py:188} INFO - [2026-01-08T06:21:01.415+0000] {dag.py:3823} INFO - Setting next_dagrun for csv_to_postgres_ingestion to 2026-01-07 00:00:00+00:00, run_after=2026-01-08 00:00:00+00:00
[2026-01-08T06:21:01.489+0000] {processor.py:183} INFO - Processing /opt/airflow/dags/dag1_csv_to_postgres.py took 1.298 seconds
[2026-01-08T06:21:31.853+0000] {processor.py:161} INFO - Started process (PID=227) to work on /opt/airflow/dags/dag1_csv_to_postgres.py
[2026-01-08T06:21:31.860+0000] {processor.py:830} INFO - Processing file /opt/airflow/dags/dag1_csv_to_postgres.py for tasks to queue
[2026-01-08T06:21:31.870+0000] {logging_mixin.py:188} INFO - [2026-01-08T06:21:31.866+0000] {dagbag.py:538} INFO - Filling up the DagBag from /opt/airflow/dags/dag1_csv_to_postgres.py
[2026-01-08T06:21:32.927+0000] {processor.py:840} INFO - DAG(s) 'csv_to_postgres_ingestion' retrieved from /opt/airflow/dags/dag1_csv_to_postgres.py
[2026-01-08T06:21:33.061+0000] {logging_mixin.py:188} INFO - [2026-01-08T06:21:33.055+0000] {dag.py:3036} INFO - Sync 1 DAGs
[2026-01-08T06:21:33.165+0000] {logging_mixin.py:188} INFO - [2026-01-08T06:21:33.165+0000] {dag.py:3823} INFO - Setting next_dagrun for csv_to_postgres_ingestion to 2026-01-07 00:00:00+00:00, run_after=2026-01-08 00:00:00+00:00
[2026-01-08T06:21:33.213+0000] {processor.py:183} INFO - Processing /opt/airflow/dags/dag1_csv_to_postgres.py took 1.383 seconds
[2026-01-08T06:22:03.611+0000] {processor.py:161} INFO - Started process (PID=233) to work on /opt/airflow/dags/dag1_csv_to_postgres.py
[2026-01-08T06:22:03.615+0000] {processor.py:830} INFO - Processing file /opt/airflow/dags/dag1_csv_to_postgres.py for tasks to queue
[2026-01-08T06:22:03.619+0000] {logging_mixin.py:188} INFO - [2026-01-08T06:22:03.618+0000] {dagbag.py:538} INFO - Filling up the DagBag from /opt/airflow/dags/dag1_csv_to_postgres.py
[2026-01-08T06:22:04.730+0000] {processor.py:840} INFO - DAG(s) 'csv_to_postgres_ingestion' retrieved from /opt/airflow/dags/dag1_csv_to_postgres.py
[2026-01-08T06:22:04.796+0000] {logging_mixin.py:188} INFO - [2026-01-08T06:22:04.795+0000] {dag.py:3036} INFO - Sync 1 DAGs
[2026-01-08T06:22:04.860+0000] {logging_mixin.py:188} INFO - [2026-01-08T06:22:04.860+0000] {dag.py:3823} INFO - Setting next_dagrun for csv_to_postgres_ingestion to 2026-01-07 00:00:00+00:00, run_after=2026-01-08 00:00:00+00:00
[2026-01-08T06:22:04.908+0000] {processor.py:183} INFO - Processing /opt/airflow/dags/dag1_csv_to_postgres.py took 1.309 seconds
[2026-01-08T06:22:35.405+0000] {processor.py:161} INFO - Started process (PID=239) to work on /opt/airflow/dags/dag1_csv_to_postgres.py
[2026-01-08T06:22:35.410+0000] {processor.py:830} INFO - Processing file /opt/airflow/dags/dag1_csv_to_postgres.py for tasks to queue
[2026-01-08T06:22:35.415+0000] {logging_mixin.py:188} INFO - [2026-01-08T06:22:35.414+0000] {dagbag.py:538} INFO - Filling up the DagBag from /opt/airflow/dags/dag1_csv_to_postgres.py
[2026-01-08T06:22:36.328+0000] {processor.py:840} INFO - DAG(s) 'csv_to_postgres_ingestion' retrieved from /opt/airflow/dags/dag1_csv_to_postgres.py
[2026-01-08T06:22:36.417+0000] {logging_mixin.py:188} INFO - [2026-01-08T06:22:36.416+0000] {dag.py:3036} INFO - Sync 1 DAGs
[2026-01-08T06:22:36.479+0000] {logging_mixin.py:188} INFO - [2026-01-08T06:22:36.478+0000] {dag.py:3823} INFO - Setting next_dagrun for csv_to_postgres_ingestion to 2026-01-07 00:00:00+00:00, run_after=2026-01-08 00:00:00+00:00
[2026-01-08T06:22:36.623+0000] {processor.py:183} INFO - Processing /opt/airflow/dags/dag1_csv_to_postgres.py took 1.235 seconds
[2026-01-08T06:23:07.201+0000] {processor.py:161} INFO - Started process (PID=245) to work on /opt/airflow/dags/dag1_csv_to_postgres.py
[2026-01-08T06:23:07.208+0000] {processor.py:830} INFO - Processing file /opt/airflow/dags/dag1_csv_to_postgres.py for tasks to queue
[2026-01-08T06:23:07.219+0000] {logging_mixin.py:188} INFO - [2026-01-08T06:23:07.216+0000] {dagbag.py:538} INFO - Filling up the DagBag from /opt/airflow/dags/dag1_csv_to_postgres.py
[2026-01-08T06:23:08.722+0000] {processor.py:840} INFO - DAG(s) 'csv_to_postgres_ingestion' retrieved from /opt/airflow/dags/dag1_csv_to_postgres.py
[2026-01-08T06:23:08.782+0000] {logging_mixin.py:188} INFO - [2026-01-08T06:23:08.781+0000] {dag.py:3036} INFO - Sync 1 DAGs
[2026-01-08T06:23:08.846+0000] {logging_mixin.py:188} INFO - [2026-01-08T06:23:08.845+0000] {dag.py:3823} INFO - Setting next_dagrun for csv_to_postgres_ingestion to 2026-01-07 00:00:00+00:00, run_after=2026-01-08 00:00:00+00:00
[2026-01-08T06:23:08.970+0000] {processor.py:183} INFO - Processing /opt/airflow/dags/dag1_csv_to_postgres.py took 1.799 seconds
[2026-01-08T06:23:39.809+0000] {processor.py:161} INFO - Started process (PID=251) to work on /opt/airflow/dags/dag1_csv_to_postgres.py
[2026-01-08T06:23:39.814+0000] {processor.py:830} INFO - Processing file /opt/airflow/dags/dag1_csv_to_postgres.py for tasks to queue
[2026-01-08T06:23:39.819+0000] {logging_mixin.py:188} INFO - [2026-01-08T06:23:39.817+0000] {dagbag.py:538} INFO - Filling up the DagBag from /opt/airflow/dags/dag1_csv_to_postgres.py
[2026-01-08T06:23:40.635+0000] {processor.py:840} INFO - DAG(s) 'csv_to_postgres_ingestion' retrieved from /opt/airflow/dags/dag1_csv_to_postgres.py
[2026-01-08T06:23:40.686+0000] {logging_mixin.py:188} INFO - [2026-01-08T06:23:40.685+0000] {dag.py:3036} INFO - Sync 1 DAGs
[2026-01-08T06:23:40.743+0000] {logging_mixin.py:188} INFO - [2026-01-08T06:23:40.742+0000] {dag.py:3823} INFO - Setting next_dagrun for csv_to_postgres_ingestion to 2026-01-07 00:00:00+00:00, run_after=2026-01-08 00:00:00+00:00
[2026-01-08T06:23:40.784+0000] {processor.py:183} INFO - Processing /opt/airflow/dags/dag1_csv_to_postgres.py took 0.991 seconds
[2026-01-08T06:24:11.556+0000] {processor.py:161} INFO - Started process (PID=257) to work on /opt/airflow/dags/dag1_csv_to_postgres.py
[2026-01-08T06:24:11.562+0000] {processor.py:830} INFO - Processing file /opt/airflow/dags/dag1_csv_to_postgres.py for tasks to queue
[2026-01-08T06:24:11.567+0000] {logging_mixin.py:188} INFO - [2026-01-08T06:24:11.565+0000] {dagbag.py:538} INFO - Filling up the DagBag from /opt/airflow/dags/dag1_csv_to_postgres.py
[2026-01-08T06:24:12.440+0000] {processor.py:840} INFO - DAG(s) 'csv_to_postgres_ingestion' retrieved from /opt/airflow/dags/dag1_csv_to_postgres.py
[2026-01-08T06:24:12.494+0000] {logging_mixin.py:188} INFO - [2026-01-08T06:24:12.493+0000] {dag.py:3036} INFO - Sync 1 DAGs
[2026-01-08T06:24:12.541+0000] {logging_mixin.py:188} INFO - [2026-01-08T06:24:12.541+0000] {dag.py:3823} INFO - Setting next_dagrun for csv_to_postgres_ingestion to 2026-01-07 00:00:00+00:00, run_after=2026-01-08 00:00:00+00:00
[2026-01-08T06:24:12.631+0000] {processor.py:183} INFO - Processing /opt/airflow/dags/dag1_csv_to_postgres.py took 1.090 seconds
[2026-01-08T06:24:43.204+0000] {processor.py:161} INFO - Started process (PID=263) to work on /opt/airflow/dags/dag1_csv_to_postgres.py
[2026-01-08T06:24:43.208+0000] {processor.py:830} INFO - Processing file /opt/airflow/dags/dag1_csv_to_postgres.py for tasks to queue
[2026-01-08T06:24:43.213+0000] {logging_mixin.py:188} INFO - [2026-01-08T06:24:43.212+0000] {dagbag.py:538} INFO - Filling up the DagBag from /opt/airflow/dags/dag1_csv_to_postgres.py
[2026-01-08T06:24:44.163+0000] {processor.py:840} INFO - DAG(s) 'csv_to_postgres_ingestion' retrieved from /opt/airflow/dags/dag1_csv_to_postgres.py
[2026-01-08T06:24:44.252+0000] {logging_mixin.py:188} INFO - [2026-01-08T06:24:44.251+0000] {dag.py:3036} INFO - Sync 1 DAGs
[2026-01-08T06:24:44.333+0000] {logging_mixin.py:188} INFO - [2026-01-08T06:24:44.333+0000] {dag.py:3823} INFO - Setting next_dagrun for csv_to_postgres_ingestion to 2026-01-07 00:00:00+00:00, run_after=2026-01-08 00:00:00+00:00
[2026-01-08T06:24:44.410+0000] {processor.py:183} INFO - Processing /opt/airflow/dags/dag1_csv_to_postgres.py took 1.216 seconds
[2026-01-08T06:25:14.955+0000] {processor.py:161} INFO - Started process (PID=269) to work on /opt/airflow/dags/dag1_csv_to_postgres.py
[2026-01-08T06:25:14.964+0000] {processor.py:830} INFO - Processing file /opt/airflow/dags/dag1_csv_to_postgres.py for tasks to queue
[2026-01-08T06:25:14.974+0000] {logging_mixin.py:188} INFO - [2026-01-08T06:25:14.971+0000] {dagbag.py:538} INFO - Filling up the DagBag from /opt/airflow/dags/dag1_csv_to_postgres.py
[2026-01-08T06:25:16.004+0000] {processor.py:840} INFO - DAG(s) 'csv_to_postgres_ingestion' retrieved from /opt/airflow/dags/dag1_csv_to_postgres.py
[2026-01-08T06:25:16.076+0000] {logging_mixin.py:188} INFO - [2026-01-08T06:25:16.075+0000] {dag.py:3036} INFO - Sync 1 DAGs
[2026-01-08T06:25:16.139+0000] {logging_mixin.py:188} INFO - [2026-01-08T06:25:16.138+0000] {dag.py:3823} INFO - Setting next_dagrun for csv_to_postgres_ingestion to 2026-01-07 00:00:00+00:00, run_after=2026-01-08 00:00:00+00:00
[2026-01-08T06:25:16.265+0000] {processor.py:183} INFO - Processing /opt/airflow/dags/dag1_csv_to_postgres.py took 1.345 seconds
[2026-01-08T06:25:46.580+0000] {processor.py:161} INFO - Started process (PID=275) to work on /opt/airflow/dags/dag1_csv_to_postgres.py
[2026-01-08T06:25:46.584+0000] {processor.py:830} INFO - Processing file /opt/airflow/dags/dag1_csv_to_postgres.py for tasks to queue
[2026-01-08T06:25:46.587+0000] {logging_mixin.py:188} INFO - [2026-01-08T06:25:46.586+0000] {dagbag.py:538} INFO - Filling up the DagBag from /opt/airflow/dags/dag1_csv_to_postgres.py
[2026-01-08T06:25:47.207+0000] {processor.py:840} INFO - DAG(s) 'csv_to_postgres_ingestion' retrieved from /opt/airflow/dags/dag1_csv_to_postgres.py
[2026-01-08T06:25:47.286+0000] {logging_mixin.py:188} INFO - [2026-01-08T06:25:47.285+0000] {dag.py:3036} INFO - Sync 1 DAGs
[2026-01-08T06:25:47.340+0000] {logging_mixin.py:188} INFO - [2026-01-08T06:25:47.340+0000] {dag.py:3823} INFO - Setting next_dagrun for csv_to_postgres_ingestion to 2026-01-07 00:00:00+00:00, run_after=2026-01-08 00:00:00+00:00
[2026-01-08T06:25:47.471+0000] {processor.py:183} INFO - Processing /opt/airflow/dags/dag1_csv_to_postgres.py took 0.904 seconds
[2026-01-08T06:26:18.412+0000] {processor.py:161} INFO - Started process (PID=281) to work on /opt/airflow/dags/dag1_csv_to_postgres.py
[2026-01-08T06:26:18.418+0000] {processor.py:830} INFO - Processing file /opt/airflow/dags/dag1_csv_to_postgres.py for tasks to queue
[2026-01-08T06:26:18.425+0000] {logging_mixin.py:188} INFO - [2026-01-08T06:26:18.423+0000] {dagbag.py:538} INFO - Filling up the DagBag from /opt/airflow/dags/dag1_csv_to_postgres.py
[2026-01-08T06:26:19.126+0000] {processor.py:840} INFO - DAG(s) 'csv_to_postgres_ingestion' retrieved from /opt/airflow/dags/dag1_csv_to_postgres.py
[2026-01-08T06:26:19.202+0000] {logging_mixin.py:188} INFO - [2026-01-08T06:26:19.201+0000] {dag.py:3036} INFO - Sync 1 DAGs
[2026-01-08T06:26:19.263+0000] {logging_mixin.py:188} INFO - [2026-01-08T06:26:19.263+0000] {dag.py:3823} INFO - Setting next_dagrun for csv_to_postgres_ingestion to 2026-01-07 00:00:00+00:00, run_after=2026-01-08 00:00:00+00:00
[2026-01-08T06:26:19.389+0000] {processor.py:183} INFO - Processing /opt/airflow/dags/dag1_csv_to_postgres.py took 0.994 seconds
[2026-01-08T06:26:49.984+0000] {processor.py:161} INFO - Started process (PID=287) to work on /opt/airflow/dags/dag1_csv_to_postgres.py
[2026-01-08T06:26:49.986+0000] {processor.py:830} INFO - Processing file /opt/airflow/dags/dag1_csv_to_postgres.py for tasks to queue
[2026-01-08T06:26:49.989+0000] {logging_mixin.py:188} INFO - [2026-01-08T06:26:49.988+0000] {dagbag.py:538} INFO - Filling up the DagBag from /opt/airflow/dags/dag1_csv_to_postgres.py
[2026-01-08T06:26:50.932+0000] {processor.py:840} INFO - DAG(s) 'csv_to_postgres_ingestion' retrieved from /opt/airflow/dags/dag1_csv_to_postgres.py
[2026-01-08T06:26:51.087+0000] {logging_mixin.py:188} INFO - [2026-01-08T06:26:51.086+0000] {dag.py:3036} INFO - Sync 1 DAGs
[2026-01-08T06:26:51.218+0000] {logging_mixin.py:188} INFO - [2026-01-08T06:26:51.217+0000] {dag.py:3823} INFO - Setting next_dagrun for csv_to_postgres_ingestion to 2026-01-07 00:00:00+00:00, run_after=2026-01-08 00:00:00+00:00
[2026-01-08T06:26:51.273+0000] {processor.py:183} INFO - Processing /opt/airflow/dags/dag1_csv_to_postgres.py took 1.297 seconds
[2026-01-08T06:27:21.695+0000] {processor.py:161} INFO - Started process (PID=293) to work on /opt/airflow/dags/dag1_csv_to_postgres.py
[2026-01-08T06:27:21.702+0000] {processor.py:830} INFO - Processing file /opt/airflow/dags/dag1_csv_to_postgres.py for tasks to queue
[2026-01-08T06:27:21.708+0000] {logging_mixin.py:188} INFO - [2026-01-08T06:27:21.706+0000] {dagbag.py:538} INFO - Filling up the DagBag from /opt/airflow/dags/dag1_csv_to_postgres.py
[2026-01-08T06:27:22.472+0000] {processor.py:840} INFO - DAG(s) 'csv_to_postgres_ingestion' retrieved from /opt/airflow/dags/dag1_csv_to_postgres.py
[2026-01-08T06:27:22.520+0000] {logging_mixin.py:188} INFO - [2026-01-08T06:27:22.519+0000] {dag.py:3036} INFO - Sync 1 DAGs
[2026-01-08T06:27:22.562+0000] {logging_mixin.py:188} INFO - [2026-01-08T06:27:22.562+0000] {dag.py:3823} INFO - Setting next_dagrun for csv_to_postgres_ingestion to 2026-01-07 00:00:00+00:00, run_after=2026-01-08 00:00:00+00:00
[2026-01-08T06:27:22.610+0000] {processor.py:183} INFO - Processing /opt/airflow/dags/dag1_csv_to_postgres.py took 0.934 seconds
[2026-01-08T06:27:53.217+0000] {processor.py:161} INFO - Started process (PID=299) to work on /opt/airflow/dags/dag1_csv_to_postgres.py
[2026-01-08T06:27:53.220+0000] {processor.py:830} INFO - Processing file /opt/airflow/dags/dag1_csv_to_postgres.py for tasks to queue
[2026-01-08T06:27:53.222+0000] {logging_mixin.py:188} INFO - [2026-01-08T06:27:53.221+0000] {dagbag.py:538} INFO - Filling up the DagBag from /opt/airflow/dags/dag1_csv_to_postgres.py
[2026-01-08T06:27:54.016+0000] {processor.py:840} INFO - DAG(s) 'csv_to_postgres_ingestion' retrieved from /opt/airflow/dags/dag1_csv_to_postgres.py
[2026-01-08T06:27:54.108+0000] {logging_mixin.py:188} INFO - [2026-01-08T06:27:54.106+0000] {dag.py:3036} INFO - Sync 1 DAGs
[2026-01-08T06:27:54.189+0000] {logging_mixin.py:188} INFO - [2026-01-08T06:27:54.188+0000] {dag.py:3823} INFO - Setting next_dagrun for csv_to_postgres_ingestion to 2026-01-07 00:00:00+00:00, run_after=2026-01-08 00:00:00+00:00
[2026-01-08T06:27:54.328+0000] {processor.py:183} INFO - Processing /opt/airflow/dags/dag1_csv_to_postgres.py took 1.122 seconds
[2026-01-08T06:28:24.978+0000] {processor.py:161} INFO - Started process (PID=305) to work on /opt/airflow/dags/dag1_csv_to_postgres.py
[2026-01-08T06:28:24.983+0000] {processor.py:830} INFO - Processing file /opt/airflow/dags/dag1_csv_to_postgres.py for tasks to queue
[2026-01-08T06:28:24.987+0000] {logging_mixin.py:188} INFO - [2026-01-08T06:28:24.986+0000] {dagbag.py:538} INFO - Filling up the DagBag from /opt/airflow/dags/dag1_csv_to_postgres.py
[2026-01-08T06:28:25.752+0000] {processor.py:840} INFO - DAG(s) 'csv_to_postgres_ingestion' retrieved from /opt/airflow/dags/dag1_csv_to_postgres.py
[2026-01-08T06:28:25.824+0000] {logging_mixin.py:188} INFO - [2026-01-08T06:28:25.823+0000] {dag.py:3036} INFO - Sync 1 DAGs
[2026-01-08T06:28:25.886+0000] {logging_mixin.py:188} INFO - [2026-01-08T06:28:25.885+0000] {dag.py:3823} INFO - Setting next_dagrun for csv_to_postgres_ingestion to 2026-01-07 00:00:00+00:00, run_after=2026-01-08 00:00:00+00:00
[2026-01-08T06:28:25.937+0000] {processor.py:183} INFO - Processing /opt/airflow/dags/dag1_csv_to_postgres.py took 1.003 seconds
[2026-01-08T06:28:56.720+0000] {processor.py:161} INFO - Started process (PID=311) to work on /opt/airflow/dags/dag1_csv_to_postgres.py
[2026-01-08T06:28:56.723+0000] {processor.py:830} INFO - Processing file /opt/airflow/dags/dag1_csv_to_postgres.py for tasks to queue
[2026-01-08T06:28:56.727+0000] {logging_mixin.py:188} INFO - [2026-01-08T06:28:56.726+0000] {dagbag.py:538} INFO - Filling up the DagBag from /opt/airflow/dags/dag1_csv_to_postgres.py
[2026-01-08T06:28:57.700+0000] {processor.py:840} INFO - DAG(s) 'csv_to_postgres_ingestion' retrieved from /opt/airflow/dags/dag1_csv_to_postgres.py
[2026-01-08T06:28:57.779+0000] {logging_mixin.py:188} INFO - [2026-01-08T06:28:57.778+0000] {dag.py:3036} INFO - Sync 1 DAGs
[2026-01-08T06:28:57.843+0000] {logging_mixin.py:188} INFO - [2026-01-08T06:28:57.842+0000] {dag.py:3823} INFO - Setting next_dagrun for csv_to_postgres_ingestion to 2026-01-07 00:00:00+00:00, run_after=2026-01-08 00:00:00+00:00
[2026-01-08T06:28:57.895+0000] {processor.py:183} INFO - Processing /opt/airflow/dags/dag1_csv_to_postgres.py took 1.185 seconds
[2026-01-08T06:29:28.411+0000] {processor.py:161} INFO - Started process (PID=317) to work on /opt/airflow/dags/dag1_csv_to_postgres.py
[2026-01-08T06:29:28.416+0000] {processor.py:830} INFO - Processing file /opt/airflow/dags/dag1_csv_to_postgres.py for tasks to queue
[2026-01-08T06:29:28.422+0000] {logging_mixin.py:188} INFO - [2026-01-08T06:29:28.420+0000] {dagbag.py:538} INFO - Filling up the DagBag from /opt/airflow/dags/dag1_csv_to_postgres.py
[2026-01-08T06:29:29.201+0000] {processor.py:840} INFO - DAG(s) 'csv_to_postgres_ingestion' retrieved from /opt/airflow/dags/dag1_csv_to_postgres.py
[2026-01-08T06:29:29.253+0000] {logging_mixin.py:188} INFO - [2026-01-08T06:29:29.253+0000] {dag.py:3036} INFO - Sync 1 DAGs
[2026-01-08T06:29:29.345+0000] {logging_mixin.py:188} INFO - [2026-01-08T06:29:29.344+0000] {dag.py:3823} INFO - Setting next_dagrun for csv_to_postgres_ingestion to 2026-01-07 00:00:00+00:00, run_after=2026-01-08 00:00:00+00:00
[2026-01-08T06:29:29.465+0000] {processor.py:183} INFO - Processing /opt/airflow/dags/dag1_csv_to_postgres.py took 1.071 seconds
[2026-01-08T06:30:00.066+0000] {processor.py:161} INFO - Started process (PID=323) to work on /opt/airflow/dags/dag1_csv_to_postgres.py
[2026-01-08T06:30:00.068+0000] {processor.py:830} INFO - Processing file /opt/airflow/dags/dag1_csv_to_postgres.py for tasks to queue
[2026-01-08T06:30:00.070+0000] {logging_mixin.py:188} INFO - [2026-01-08T06:30:00.069+0000] {dagbag.py:538} INFO - Filling up the DagBag from /opt/airflow/dags/dag1_csv_to_postgres.py
[2026-01-08T06:30:00.631+0000] {processor.py:840} INFO - DAG(s) 'csv_to_postgres_ingestion' retrieved from /opt/airflow/dags/dag1_csv_to_postgres.py
[2026-01-08T06:30:00.707+0000] {logging_mixin.py:188} INFO - [2026-01-08T06:30:00.705+0000] {dag.py:3036} INFO - Sync 1 DAGs
[2026-01-08T06:30:00.793+0000] {logging_mixin.py:188} INFO - [2026-01-08T06:30:00.792+0000] {dag.py:3823} INFO - Setting next_dagrun for csv_to_postgres_ingestion to 2026-01-07 00:00:00+00:00, run_after=2026-01-08 00:00:00+00:00
[2026-01-08T06:30:00.864+0000] {processor.py:183} INFO - Processing /opt/airflow/dags/dag1_csv_to_postgres.py took 0.804 seconds
[2026-01-08T06:30:31.595+0000] {processor.py:161} INFO - Started process (PID=329) to work on /opt/airflow/dags/dag1_csv_to_postgres.py
[2026-01-08T06:30:31.598+0000] {processor.py:830} INFO - Processing file /opt/airflow/dags/dag1_csv_to_postgres.py for tasks to queue
[2026-01-08T06:30:31.603+0000] {logging_mixin.py:188} INFO - [2026-01-08T06:30:31.602+0000] {dagbag.py:538} INFO - Filling up the DagBag from /opt/airflow/dags/dag1_csv_to_postgres.py
[2026-01-08T06:30:32.968+0000] {processor.py:840} INFO - DAG(s) 'csv_to_postgres_ingestion' retrieved from /opt/airflow/dags/dag1_csv_to_postgres.py
[2026-01-08T06:30:33.058+0000] {logging_mixin.py:188} INFO - [2026-01-08T06:30:33.057+0000] {dag.py:3036} INFO - Sync 1 DAGs
[2026-01-08T06:30:33.131+0000] {logging_mixin.py:188} INFO - [2026-01-08T06:30:33.131+0000] {dag.py:3823} INFO - Setting next_dagrun for csv_to_postgres_ingestion to 2026-01-07 00:00:00+00:00, run_after=2026-01-08 00:00:00+00:00
[2026-01-08T06:30:33.270+0000] {processor.py:183} INFO - Processing /opt/airflow/dags/dag1_csv_to_postgres.py took 1.692 seconds
[2026-01-08T06:31:04.027+0000] {processor.py:161} INFO - Started process (PID=335) to work on /opt/airflow/dags/dag1_csv_to_postgres.py
[2026-01-08T06:31:04.031+0000] {processor.py:830} INFO - Processing file /opt/airflow/dags/dag1_csv_to_postgres.py for tasks to queue
[2026-01-08T06:31:04.035+0000] {logging_mixin.py:188} INFO - [2026-01-08T06:31:04.034+0000] {dagbag.py:538} INFO - Filling up the DagBag from /opt/airflow/dags/dag1_csv_to_postgres.py
[2026-01-08T06:31:04.842+0000] {processor.py:840} INFO - DAG(s) 'csv_to_postgres_ingestion' retrieved from /opt/airflow/dags/dag1_csv_to_postgres.py
[2026-01-08T06:31:04.940+0000] {logging_mixin.py:188} INFO - [2026-01-08T06:31:04.939+0000] {dag.py:3036} INFO - Sync 1 DAGs
[2026-01-08T06:31:05.032+0000] {logging_mixin.py:188} INFO - [2026-01-08T06:31:05.032+0000] {dag.py:3823} INFO - Setting next_dagrun for csv_to_postgres_ingestion to 2026-01-07 00:00:00+00:00, run_after=2026-01-08 00:00:00+00:00
[2026-01-08T06:31:05.078+0000] {processor.py:183} INFO - Processing /opt/airflow/dags/dag1_csv_to_postgres.py took 1.062 seconds
[2026-01-08T06:31:36.036+0000] {processor.py:161} INFO - Started process (PID=341) to work on /opt/airflow/dags/dag1_csv_to_postgres.py
[2026-01-08T06:31:36.043+0000] {processor.py:830} INFO - Processing file /opt/airflow/dags/dag1_csv_to_postgres.py for tasks to queue
[2026-01-08T06:31:36.051+0000] {logging_mixin.py:188} INFO - [2026-01-08T06:31:36.049+0000] {dagbag.py:538} INFO - Filling up the DagBag from /opt/airflow/dags/dag1_csv_to_postgres.py
[2026-01-08T06:31:36.974+0000] {processor.py:840} INFO - DAG(s) 'csv_to_postgres_ingestion' retrieved from /opt/airflow/dags/dag1_csv_to_postgres.py
[2026-01-08T06:31:37.043+0000] {logging_mixin.py:188} INFO - [2026-01-08T06:31:37.043+0000] {dag.py:3036} INFO - Sync 1 DAGs
[2026-01-08T06:31:37.116+0000] {logging_mixin.py:188} INFO - [2026-01-08T06:31:37.115+0000] {dag.py:3823} INFO - Setting next_dagrun for csv_to_postgres_ingestion to 2026-01-07 00:00:00+00:00, run_after=2026-01-08 00:00:00+00:00
[2026-01-08T06:31:37.183+0000] {processor.py:183} INFO - Processing /opt/airflow/dags/dag1_csv_to_postgres.py took 1.171 seconds
[2026-01-08T06:32:07.503+0000] {processor.py:161} INFO - Started process (PID=347) to work on /opt/airflow/dags/dag1_csv_to_postgres.py
[2026-01-08T06:32:07.506+0000] {processor.py:830} INFO - Processing file /opt/airflow/dags/dag1_csv_to_postgres.py for tasks to queue
[2026-01-08T06:32:07.510+0000] {logging_mixin.py:188} INFO - [2026-01-08T06:32:07.509+0000] {dagbag.py:538} INFO - Filling up the DagBag from /opt/airflow/dags/dag1_csv_to_postgres.py
[2026-01-08T06:32:08.292+0000] {processor.py:840} INFO - DAG(s) 'csv_to_postgres_ingestion' retrieved from /opt/airflow/dags/dag1_csv_to_postgres.py
[2026-01-08T06:32:08.365+0000] {logging_mixin.py:188} INFO - [2026-01-08T06:32:08.364+0000] {dag.py:3036} INFO - Sync 1 DAGs
[2026-01-08T06:32:08.428+0000] {logging_mixin.py:188} INFO - [2026-01-08T06:32:08.427+0000] {dag.py:3823} INFO - Setting next_dagrun for csv_to_postgres_ingestion to 2026-01-07 00:00:00+00:00, run_after=2026-01-08 00:00:00+00:00
[2026-01-08T06:32:08.481+0000] {processor.py:183} INFO - Processing /opt/airflow/dags/dag1_csv_to_postgres.py took 0.989 seconds
[2026-01-08T06:32:39.179+0000] {processor.py:161} INFO - Started process (PID=353) to work on /opt/airflow/dags/dag1_csv_to_postgres.py
[2026-01-08T06:32:39.186+0000] {processor.py:830} INFO - Processing file /opt/airflow/dags/dag1_csv_to_postgres.py for tasks to queue
[2026-01-08T06:32:39.194+0000] {logging_mixin.py:188} INFO - [2026-01-08T06:32:39.192+0000] {dagbag.py:538} INFO - Filling up the DagBag from /opt/airflow/dags/dag1_csv_to_postgres.py
[2026-01-08T06:32:40.214+0000] {processor.py:840} INFO - DAG(s) 'csv_to_postgres_ingestion' retrieved from /opt/airflow/dags/dag1_csv_to_postgres.py
[2026-01-08T06:32:40.275+0000] {logging_mixin.py:188} INFO - [2026-01-08T06:32:40.274+0000] {dag.py:3036} INFO - Sync 1 DAGs
[2026-01-08T06:32:40.334+0000] {logging_mixin.py:188} INFO - [2026-01-08T06:32:40.334+0000] {dag.py:3823} INFO - Setting next_dagrun for csv_to_postgres_ingestion to 2026-01-07 00:00:00+00:00, run_after=2026-01-08 00:00:00+00:00
[2026-01-08T06:32:40.386+0000] {processor.py:183} INFO - Processing /opt/airflow/dags/dag1_csv_to_postgres.py took 1.224 seconds
[2026-01-08T06:33:10.863+0000] {processor.py:161} INFO - Started process (PID=359) to work on /opt/airflow/dags/dag1_csv_to_postgres.py
[2026-01-08T06:33:10.874+0000] {processor.py:830} INFO - Processing file /opt/airflow/dags/dag1_csv_to_postgres.py for tasks to queue
[2026-01-08T06:33:10.885+0000] {logging_mixin.py:188} INFO - [2026-01-08T06:33:10.882+0000] {dagbag.py:538} INFO - Filling up the DagBag from /opt/airflow/dags/dag1_csv_to_postgres.py
[2026-01-08T06:33:12.083+0000] {processor.py:840} INFO - DAG(s) 'csv_to_postgres_ingestion' retrieved from /opt/airflow/dags/dag1_csv_to_postgres.py
[2026-01-08T06:33:12.153+0000] {logging_mixin.py:188} INFO - [2026-01-08T06:33:12.152+0000] {dag.py:3036} INFO - Sync 1 DAGs
[2026-01-08T06:33:12.237+0000] {logging_mixin.py:188} INFO - [2026-01-08T06:33:12.236+0000] {dag.py:3823} INFO - Setting next_dagrun for csv_to_postgres_ingestion to 2026-01-07 00:00:00+00:00, run_after=2026-01-08 00:00:00+00:00
[2026-01-08T06:33:12.878+0000] {processor.py:183} INFO - Processing /opt/airflow/dags/dag1_csv_to_postgres.py took 2.047 seconds
[2026-01-08T06:33:43.566+0000] {processor.py:161} INFO - Started process (PID=365) to work on /opt/airflow/dags/dag1_csv_to_postgres.py
[2026-01-08T06:33:43.574+0000] {processor.py:830} INFO - Processing file /opt/airflow/dags/dag1_csv_to_postgres.py for tasks to queue
[2026-01-08T06:33:43.581+0000] {logging_mixin.py:188} INFO - [2026-01-08T06:33:43.579+0000] {dagbag.py:538} INFO - Filling up the DagBag from /opt/airflow/dags/dag1_csv_to_postgres.py
[2026-01-08T06:33:44.435+0000] {processor.py:840} INFO - DAG(s) 'csv_to_postgres_ingestion' retrieved from /opt/airflow/dags/dag1_csv_to_postgres.py
[2026-01-08T06:33:44.496+0000] {logging_mixin.py:188} INFO - [2026-01-08T06:33:44.495+0000] {dag.py:3036} INFO - Sync 1 DAGs
[2026-01-08T06:33:44.562+0000] {logging_mixin.py:188} INFO - [2026-01-08T06:33:44.561+0000] {dag.py:3823} INFO - Setting next_dagrun for csv_to_postgres_ingestion to 2026-01-07 00:00:00+00:00, run_after=2026-01-08 00:00:00+00:00
[2026-01-08T06:33:44.675+0000] {processor.py:183} INFO - Processing /opt/airflow/dags/dag1_csv_to_postgres.py took 1.129 seconds
[2026-01-08T06:34:15.155+0000] {processor.py:161} INFO - Started process (PID=371) to work on /opt/airflow/dags/dag1_csv_to_postgres.py
[2026-01-08T06:34:15.158+0000] {processor.py:830} INFO - Processing file /opt/airflow/dags/dag1_csv_to_postgres.py for tasks to queue
[2026-01-08T06:34:15.161+0000] {logging_mixin.py:188} INFO - [2026-01-08T06:34:15.161+0000] {dagbag.py:538} INFO - Filling up the DagBag from /opt/airflow/dags/dag1_csv_to_postgres.py
[2026-01-08T06:34:15.858+0000] {processor.py:840} INFO - DAG(s) 'csv_to_postgres_ingestion' retrieved from /opt/airflow/dags/dag1_csv_to_postgres.py
[2026-01-08T06:34:15.931+0000] {logging_mixin.py:188} INFO - [2026-01-08T06:34:15.930+0000] {dag.py:3036} INFO - Sync 1 DAGs
[2026-01-08T06:34:15.987+0000] {logging_mixin.py:188} INFO - [2026-01-08T06:34:15.987+0000] {dag.py:3823} INFO - Setting next_dagrun for csv_to_postgres_ingestion to 2026-01-07 00:00:00+00:00, run_after=2026-01-08 00:00:00+00:00
[2026-01-08T06:34:16.081+0000] {processor.py:183} INFO - Processing /opt/airflow/dags/dag1_csv_to_postgres.py took 0.938 seconds
[2026-01-08T06:34:46.853+0000] {processor.py:161} INFO - Started process (PID=377) to work on /opt/airflow/dags/dag1_csv_to_postgres.py
[2026-01-08T06:34:46.859+0000] {processor.py:830} INFO - Processing file /opt/airflow/dags/dag1_csv_to_postgres.py for tasks to queue
[2026-01-08T06:34:46.867+0000] {logging_mixin.py:188} INFO - [2026-01-08T06:34:46.864+0000] {dagbag.py:538} INFO - Filling up the DagBag from /opt/airflow/dags/dag1_csv_to_postgres.py
[2026-01-08T06:34:48.090+0000] {processor.py:840} INFO - DAG(s) 'csv_to_postgres_ingestion' retrieved from /opt/airflow/dags/dag1_csv_to_postgres.py
[2026-01-08T06:34:48.147+0000] {logging_mixin.py:188} INFO - [2026-01-08T06:34:48.147+0000] {dag.py:3036} INFO - Sync 1 DAGs
[2026-01-08T06:34:48.214+0000] {logging_mixin.py:188} INFO - [2026-01-08T06:34:48.214+0000] {dag.py:3823} INFO - Setting next_dagrun for csv_to_postgres_ingestion to 2026-01-07 00:00:00+00:00, run_after=2026-01-08 00:00:00+00:00
[2026-01-08T06:34:48.381+0000] {processor.py:183} INFO - Processing /opt/airflow/dags/dag1_csv_to_postgres.py took 1.555 seconds
[2026-01-08T06:35:18.936+0000] {processor.py:161} INFO - Started process (PID=383) to work on /opt/airflow/dags/dag1_csv_to_postgres.py
[2026-01-08T06:35:18.938+0000] {processor.py:830} INFO - Processing file /opt/airflow/dags/dag1_csv_to_postgres.py for tasks to queue
[2026-01-08T06:35:18.940+0000] {logging_mixin.py:188} INFO - [2026-01-08T06:35:18.939+0000] {dagbag.py:538} INFO - Filling up the DagBag from /opt/airflow/dags/dag1_csv_to_postgres.py
[2026-01-08T06:35:19.721+0000] {processor.py:840} INFO - DAG(s) 'csv_to_postgres_ingestion' retrieved from /opt/airflow/dags/dag1_csv_to_postgres.py
[2026-01-08T06:35:19.808+0000] {logging_mixin.py:188} INFO - [2026-01-08T06:35:19.808+0000] {dag.py:3036} INFO - Sync 1 DAGs
[2026-01-08T06:35:19.889+0000] {logging_mixin.py:188} INFO - [2026-01-08T06:35:19.889+0000] {dag.py:3823} INFO - Setting next_dagrun for csv_to_postgres_ingestion to 2026-01-07 00:00:00+00:00, run_after=2026-01-08 00:00:00+00:00
[2026-01-08T06:35:20.004+0000] {processor.py:183} INFO - Processing /opt/airflow/dags/dag1_csv_to_postgres.py took 1.075 seconds
[2026-01-08T06:35:50.424+0000] {processor.py:161} INFO - Started process (PID=392) to work on /opt/airflow/dags/dag1_csv_to_postgres.py
[2026-01-08T06:35:50.430+0000] {processor.py:830} INFO - Processing file /opt/airflow/dags/dag1_csv_to_postgres.py for tasks to queue
[2026-01-08T06:35:50.435+0000] {logging_mixin.py:188} INFO - [2026-01-08T06:35:50.434+0000] {dagbag.py:538} INFO - Filling up the DagBag from /opt/airflow/dags/dag1_csv_to_postgres.py
[2026-01-08T06:35:51.109+0000] {processor.py:840} INFO - DAG(s) 'csv_to_postgres_ingestion' retrieved from /opt/airflow/dags/dag1_csv_to_postgres.py
[2026-01-08T06:35:51.163+0000] {logging_mixin.py:188} INFO - [2026-01-08T06:35:51.163+0000] {dag.py:3036} INFO - Sync 1 DAGs
[2026-01-08T06:35:51.279+0000] {logging_mixin.py:188} INFO - [2026-01-08T06:35:51.277+0000] {dag.py:3823} INFO - Setting next_dagrun for csv_to_postgres_ingestion to 2026-01-08 00:00:00+00:00, run_after=2026-01-09 00:00:00+00:00
[2026-01-08T06:35:51.936+0000] {processor.py:183} INFO - Processing /opt/airflow/dags/dag1_csv_to_postgres.py took 1.532 seconds
[2026-01-08T06:36:22.765+0000] {processor.py:161} INFO - Started process (PID=398) to work on /opt/airflow/dags/dag1_csv_to_postgres.py
[2026-01-08T06:36:22.769+0000] {processor.py:830} INFO - Processing file /opt/airflow/dags/dag1_csv_to_postgres.py for tasks to queue
[2026-01-08T06:36:22.772+0000] {logging_mixin.py:188} INFO - [2026-01-08T06:36:22.771+0000] {dagbag.py:538} INFO - Filling up the DagBag from /opt/airflow/dags/dag1_csv_to_postgres.py
[2026-01-08T06:36:23.562+0000] {processor.py:840} INFO - DAG(s) 'csv_to_postgres_ingestion' retrieved from /opt/airflow/dags/dag1_csv_to_postgres.py
[2026-01-08T06:36:23.642+0000] {logging_mixin.py:188} INFO - [2026-01-08T06:36:23.641+0000] {dag.py:3036} INFO - Sync 1 DAGs
[2026-01-08T06:36:23.724+0000] {logging_mixin.py:188} INFO - [2026-01-08T06:36:23.723+0000] {dag.py:3823} INFO - Setting next_dagrun for csv_to_postgres_ingestion to 2026-01-08 00:00:00+00:00, run_after=2026-01-09 00:00:00+00:00
[2026-01-08T06:36:23.835+0000] {processor.py:183} INFO - Processing /opt/airflow/dags/dag1_csv_to_postgres.py took 1.081 seconds
[2026-01-08T06:36:54.273+0000] {processor.py:161} INFO - Started process (PID=404) to work on /opt/airflow/dags/dag1_csv_to_postgres.py
[2026-01-08T06:36:54.277+0000] {processor.py:830} INFO - Processing file /opt/airflow/dags/dag1_csv_to_postgres.py for tasks to queue
[2026-01-08T06:36:54.280+0000] {logging_mixin.py:188} INFO - [2026-01-08T06:36:54.279+0000] {dagbag.py:538} INFO - Filling up the DagBag from /opt/airflow/dags/dag1_csv_to_postgres.py
[2026-01-08T06:36:55.050+0000] {processor.py:840} INFO - DAG(s) 'csv_to_postgres_ingestion' retrieved from /opt/airflow/dags/dag1_csv_to_postgres.py
[2026-01-08T06:36:55.117+0000] {logging_mixin.py:188} INFO - [2026-01-08T06:36:55.116+0000] {dag.py:3036} INFO - Sync 1 DAGs
[2026-01-08T06:36:55.183+0000] {logging_mixin.py:188} INFO - [2026-01-08T06:36:55.182+0000] {dag.py:3823} INFO - Setting next_dagrun for csv_to_postgres_ingestion to 2026-01-08 00:00:00+00:00, run_after=2026-01-09 00:00:00+00:00
[2026-01-08T06:36:55.243+0000] {processor.py:183} INFO - Processing /opt/airflow/dags/dag1_csv_to_postgres.py took 0.980 seconds
[2026-01-08T06:37:25.882+0000] {processor.py:161} INFO - Started process (PID=410) to work on /opt/airflow/dags/dag1_csv_to_postgres.py
[2026-01-08T06:37:25.885+0000] {processor.py:830} INFO - Processing file /opt/airflow/dags/dag1_csv_to_postgres.py for tasks to queue
[2026-01-08T06:37:25.889+0000] {logging_mixin.py:188} INFO - [2026-01-08T06:37:25.888+0000] {dagbag.py:538} INFO - Filling up the DagBag from /opt/airflow/dags/dag1_csv_to_postgres.py
[2026-01-08T06:37:26.736+0000] {processor.py:840} INFO - DAG(s) 'csv_to_postgres_ingestion' retrieved from /opt/airflow/dags/dag1_csv_to_postgres.py
[2026-01-08T06:37:26.803+0000] {logging_mixin.py:188} INFO - [2026-01-08T06:37:26.802+0000] {dag.py:3036} INFO - Sync 1 DAGs
[2026-01-08T06:37:26.856+0000] {logging_mixin.py:188} INFO - [2026-01-08T06:37:26.856+0000] {dag.py:3823} INFO - Setting next_dagrun for csv_to_postgres_ingestion to 2026-01-08 00:00:00+00:00, run_after=2026-01-09 00:00:00+00:00
[2026-01-08T06:37:26.891+0000] {processor.py:183} INFO - Processing /opt/airflow/dags/dag1_csv_to_postgres.py took 1.023 seconds
[2026-01-08T06:37:57.526+0000] {processor.py:161} INFO - Started process (PID=416) to work on /opt/airflow/dags/dag1_csv_to_postgres.py
[2026-01-08T06:37:57.532+0000] {processor.py:830} INFO - Processing file /opt/airflow/dags/dag1_csv_to_postgres.py for tasks to queue
[2026-01-08T06:37:57.537+0000] {logging_mixin.py:188} INFO - [2026-01-08T06:37:57.535+0000] {dagbag.py:538} INFO - Filling up the DagBag from /opt/airflow/dags/dag1_csv_to_postgres.py
[2026-01-08T06:37:58.282+0000] {processor.py:840} INFO - DAG(s) 'csv_to_postgres_ingestion' retrieved from /opt/airflow/dags/dag1_csv_to_postgres.py
[2026-01-08T06:37:58.343+0000] {logging_mixin.py:188} INFO - [2026-01-08T06:37:58.342+0000] {dag.py:3036} INFO - Sync 1 DAGs
[2026-01-08T06:37:58.410+0000] {logging_mixin.py:188} INFO - [2026-01-08T06:37:58.410+0000] {dag.py:3823} INFO - Setting next_dagrun for csv_to_postgres_ingestion to 2026-01-08 00:00:00+00:00, run_after=2026-01-09 00:00:00+00:00
[2026-01-08T06:37:58.508+0000] {processor.py:183} INFO - Processing /opt/airflow/dags/dag1_csv_to_postgres.py took 0.996 seconds
[2026-01-08T06:38:29.018+0000] {processor.py:161} INFO - Started process (PID=422) to work on /opt/airflow/dags/dag1_csv_to_postgres.py
[2026-01-08T06:38:29.020+0000] {processor.py:830} INFO - Processing file /opt/airflow/dags/dag1_csv_to_postgres.py for tasks to queue
[2026-01-08T06:38:29.022+0000] {logging_mixin.py:188} INFO - [2026-01-08T06:38:29.022+0000] {dagbag.py:538} INFO - Filling up the DagBag from /opt/airflow/dags/dag1_csv_to_postgres.py
[2026-01-08T06:38:29.584+0000] {processor.py:840} INFO - DAG(s) 'csv_to_postgres_ingestion' retrieved from /opt/airflow/dags/dag1_csv_to_postgres.py
[2026-01-08T06:38:29.639+0000] {logging_mixin.py:188} INFO - [2026-01-08T06:38:29.638+0000] {dag.py:3036} INFO - Sync 1 DAGs
[2026-01-08T06:38:29.678+0000] {logging_mixin.py:188} INFO - [2026-01-08T06:38:29.678+0000] {dag.py:3823} INFO - Setting next_dagrun for csv_to_postgres_ingestion to 2026-01-08 00:00:00+00:00, run_after=2026-01-09 00:00:00+00:00
[2026-01-08T06:38:29.758+0000] {processor.py:183} INFO - Processing /opt/airflow/dags/dag1_csv_to_postgres.py took 0.746 seconds
[2026-01-08T09:39:02.693+0000] {processor.py:161} INFO - Started process (PID=430) to work on /opt/airflow/dags/dag1_csv_to_postgres.py
[2026-01-08T09:39:02.699+0000] {processor.py:830} INFO - Processing file /opt/airflow/dags/dag1_csv_to_postgres.py for tasks to queue
[2026-01-08T09:39:02.751+0000] {logging_mixin.py:188} INFO - [2026-01-08T09:39:02.721+0000] {dagbag.py:538} INFO - Filling up the DagBag from /opt/airflow/dags/dag1_csv_to_postgres.py
[2026-01-08T09:39:07.502+0000] {processor.py:840} INFO - DAG(s) 'csv_to_postgres_ingestion' retrieved from /opt/airflow/dags/dag1_csv_to_postgres.py
[2026-01-08T09:39:08.024+0000] {logging_mixin.py:188} INFO - [2026-01-08T09:39:08.015+0000] {dag.py:3036} INFO - Sync 1 DAGs
[2026-01-08T09:39:11.521+0000] {logging_mixin.py:188} INFO - [2026-01-08T09:39:11.510+0000] {dag.py:3823} INFO - Setting next_dagrun for csv_to_postgres_ingestion to 2026-01-08 00:00:00+00:00, run_after=2026-01-09 00:00:00+00:00
[2026-01-08T14:53:13.892+0000] {processor.py:183} INFO - Processing /opt/airflow/dags/dag1_csv_to_postgres.py took 30.445 seconds
[2026-01-08T14:53:55.592+0000] {processor.py:161} INFO - Started process (PID=438) to work on /opt/airflow/dags/dag1_csv_to_postgres.py
[2026-01-08T14:53:55.717+0000] {processor.py:830} INFO - Processing file /opt/airflow/dags/dag1_csv_to_postgres.py for tasks to queue
[2026-01-08T14:53:55.764+0000] {logging_mixin.py:188} INFO - [2026-01-08T14:53:55.752+0000] {dagbag.py:538} INFO - Filling up the DagBag from /opt/airflow/dags/dag1_csv_to_postgres.py
[2026-01-08T14:54:07.780+0000] {processor.py:840} INFO - DAG(s) 'csv_to_postgres_ingestion' retrieved from /opt/airflow/dags/dag1_csv_to_postgres.py
[2026-01-08T14:54:08.452+0000] {logging_mixin.py:188} INFO - [2026-01-08T14:54:08.442+0000] {dag.py:3036} INFO - Sync 1 DAGs
[2026-01-08T14:54:09.176+0000] {logging_mixin.py:188} INFO - [2026-01-08T14:54:09.160+0000] {dag.py:3823} INFO - Setting next_dagrun for csv_to_postgres_ingestion to 2026-01-08 00:00:00+00:00, run_after=2026-01-09 00:00:00+00:00
[2026-01-08T14:54:09.767+0000] {processor.py:183} INFO - Processing /opt/airflow/dags/dag1_csv_to_postgres.py took 14.694 seconds
[2026-01-08T14:54:41.077+0000] {processor.py:161} INFO - Started process (PID=444) to work on /opt/airflow/dags/dag1_csv_to_postgres.py
[2026-01-08T14:54:41.093+0000] {processor.py:830} INFO - Processing file /opt/airflow/dags/dag1_csv_to_postgres.py for tasks to queue
[2026-01-08T14:54:41.109+0000] {logging_mixin.py:188} INFO - [2026-01-08T14:54:41.097+0000] {dagbag.py:538} INFO - Filling up the DagBag from /opt/airflow/dags/dag1_csv_to_postgres.py
[2026-01-08T14:54:44.342+0000] {processor.py:840} INFO - DAG(s) 'csv_to_postgres_ingestion' retrieved from /opt/airflow/dags/dag1_csv_to_postgres.py
[2026-01-08T14:54:44.677+0000] {logging_mixin.py:188} INFO - [2026-01-08T14:54:44.666+0000] {dag.py:3036} INFO - Sync 1 DAGs
[2026-01-08T14:54:44.960+0000] {logging_mixin.py:188} INFO - [2026-01-08T14:54:44.958+0000] {dag.py:3823} INFO - Setting next_dagrun for csv_to_postgres_ingestion to 2026-01-08 00:00:00+00:00, run_after=2026-01-09 00:00:00+00:00
[2026-01-08T14:54:45.193+0000] {processor.py:183} INFO - Processing /opt/airflow/dags/dag1_csv_to_postgres.py took 4.170 seconds
[2026-01-08T14:55:15.719+0000] {processor.py:161} INFO - Started process (PID=450) to work on /opt/airflow/dags/dag1_csv_to_postgres.py
[2026-01-08T14:55:15.722+0000] {processor.py:830} INFO - Processing file /opt/airflow/dags/dag1_csv_to_postgres.py for tasks to queue
[2026-01-08T14:55:15.728+0000] {logging_mixin.py:188} INFO - [2026-01-08T14:55:15.726+0000] {dagbag.py:538} INFO - Filling up the DagBag from /opt/airflow/dags/dag1_csv_to_postgres.py
[2026-01-08T14:55:17.061+0000] {processor.py:840} INFO - DAG(s) 'csv_to_postgres_ingestion' retrieved from /opt/airflow/dags/dag1_csv_to_postgres.py
[2026-01-08T14:55:17.152+0000] {logging_mixin.py:188} INFO - [2026-01-08T14:55:17.150+0000] {dag.py:3036} INFO - Sync 1 DAGs
[2026-01-08T14:55:17.248+0000] {logging_mixin.py:188} INFO - [2026-01-08T14:55:17.247+0000] {dag.py:3823} INFO - Setting next_dagrun for csv_to_postgres_ingestion to 2026-01-08 00:00:00+00:00, run_after=2026-01-09 00:00:00+00:00
[2026-01-08T14:55:17.424+0000] {processor.py:183} INFO - Processing /opt/airflow/dags/dag1_csv_to_postgres.py took 1.722 seconds
[2026-01-08T14:55:48.237+0000] {processor.py:161} INFO - Started process (PID=456) to work on /opt/airflow/dags/dag1_csv_to_postgres.py
[2026-01-08T14:55:48.241+0000] {processor.py:830} INFO - Processing file /opt/airflow/dags/dag1_csv_to_postgres.py for tasks to queue
[2026-01-08T14:55:48.249+0000] {logging_mixin.py:188} INFO - [2026-01-08T14:55:48.245+0000] {dagbag.py:538} INFO - Filling up the DagBag from /opt/airflow/dags/dag1_csv_to_postgres.py
[2026-01-08T14:55:50.042+0000] {processor.py:840} INFO - DAG(s) 'csv_to_postgres_ingestion' retrieved from /opt/airflow/dags/dag1_csv_to_postgres.py
[2026-01-08T14:55:50.138+0000] {logging_mixin.py:188} INFO - [2026-01-08T14:55:50.136+0000] {dag.py:3036} INFO - Sync 1 DAGs
[2026-01-08T14:55:50.229+0000] {logging_mixin.py:188} INFO - [2026-01-08T14:55:50.228+0000] {dag.py:3823} INFO - Setting next_dagrun for csv_to_postgres_ingestion to 2026-01-08 00:00:00+00:00, run_after=2026-01-09 00:00:00+00:00
[2026-01-08T14:55:50.307+0000] {processor.py:183} INFO - Processing /opt/airflow/dags/dag1_csv_to_postgres.py took 2.104 seconds
[2026-01-08T14:56:20.760+0000] {processor.py:161} INFO - Started process (PID=462) to work on /opt/airflow/dags/dag1_csv_to_postgres.py
[2026-01-08T14:56:20.764+0000] {processor.py:830} INFO - Processing file /opt/airflow/dags/dag1_csv_to_postgres.py for tasks to queue
[2026-01-08T14:56:20.768+0000] {logging_mixin.py:188} INFO - [2026-01-08T14:56:20.766+0000] {dagbag.py:538} INFO - Filling up the DagBag from /opt/airflow/dags/dag1_csv_to_postgres.py
[2026-01-08T14:56:22.601+0000] {processor.py:840} INFO - DAG(s) 'csv_to_postgres_ingestion' retrieved from /opt/airflow/dags/dag1_csv_to_postgres.py
[2026-01-08T14:56:22.703+0000] {logging_mixin.py:188} INFO - [2026-01-08T14:56:22.702+0000] {dag.py:3036} INFO - Sync 1 DAGs
[2026-01-08T14:56:22.827+0000] {logging_mixin.py:188} INFO - [2026-01-08T14:56:22.815+0000] {dag.py:3823} INFO - Setting next_dagrun for csv_to_postgres_ingestion to 2026-01-08 00:00:00+00:00, run_after=2026-01-09 00:00:00+00:00
[2026-01-08T14:56:23.812+0000] {processor.py:183} INFO - Processing /opt/airflow/dags/dag1_csv_to_postgres.py took 3.065 seconds
[2026-01-08T14:56:54.426+0000] {processor.py:161} INFO - Started process (PID=468) to work on /opt/airflow/dags/dag1_csv_to_postgres.py
[2026-01-08T14:56:54.429+0000] {processor.py:830} INFO - Processing file /opt/airflow/dags/dag1_csv_to_postgres.py for tasks to queue
[2026-01-08T14:56:54.431+0000] {logging_mixin.py:188} INFO - [2026-01-08T14:56:54.430+0000] {dagbag.py:538} INFO - Filling up the DagBag from /opt/airflow/dags/dag1_csv_to_postgres.py
[2026-01-08T14:56:55.664+0000] {processor.py:840} INFO - DAG(s) 'csv_to_postgres_ingestion' retrieved from /opt/airflow/dags/dag1_csv_to_postgres.py
[2026-01-08T14:56:55.750+0000] {logging_mixin.py:188} INFO - [2026-01-08T14:56:55.749+0000] {dag.py:3036} INFO - Sync 1 DAGs
[2026-01-08T14:56:55.830+0000] {logging_mixin.py:188} INFO - [2026-01-08T14:56:55.830+0000] {dag.py:3823} INFO - Setting next_dagrun for csv_to_postgres_ingestion to 2026-01-08 00:00:00+00:00, run_after=2026-01-09 00:00:00+00:00
[2026-01-08T14:56:55.907+0000] {processor.py:183} INFO - Processing /opt/airflow/dags/dag1_csv_to_postgres.py took 1.493 seconds
[2026-01-08T14:57:26.216+0000] {processor.py:161} INFO - Started process (PID=474) to work on /opt/airflow/dags/dag1_csv_to_postgres.py
[2026-01-08T14:57:26.221+0000] {processor.py:830} INFO - Processing file /opt/airflow/dags/dag1_csv_to_postgres.py for tasks to queue
[2026-01-08T14:57:26.236+0000] {logging_mixin.py:188} INFO - [2026-01-08T14:57:26.233+0000] {dagbag.py:538} INFO - Filling up the DagBag from /opt/airflow/dags/dag1_csv_to_postgres.py
[2026-01-08T14:57:29.565+0000] {processor.py:840} INFO - DAG(s) 'csv_to_postgres_ingestion' retrieved from /opt/airflow/dags/dag1_csv_to_postgres.py
[2026-01-08T14:57:30.046+0000] {logging_mixin.py:188} INFO - [2026-01-08T14:57:30.045+0000] {dag.py:3036} INFO - Sync 1 DAGs
[2026-01-08T14:57:30.342+0000] {logging_mixin.py:188} INFO - [2026-01-08T14:57:30.341+0000] {dag.py:3823} INFO - Setting next_dagrun for csv_to_postgres_ingestion to 2026-01-08 00:00:00+00:00, run_after=2026-01-09 00:00:00+00:00
[2026-01-08T14:57:30.547+0000] {processor.py:183} INFO - Processing /opt/airflow/dags/dag1_csv_to_postgres.py took 4.368 seconds
[2026-01-08T14:58:01.111+0000] {processor.py:161} INFO - Started process (PID=480) to work on /opt/airflow/dags/dag1_csv_to_postgres.py
[2026-01-08T14:58:01.114+0000] {processor.py:830} INFO - Processing file /opt/airflow/dags/dag1_csv_to_postgres.py for tasks to queue
[2026-01-08T14:58:01.120+0000] {logging_mixin.py:188} INFO - [2026-01-08T14:58:01.119+0000] {dagbag.py:538} INFO - Filling up the DagBag from /opt/airflow/dags/dag1_csv_to_postgres.py
[2026-01-08T14:58:02.628+0000] {processor.py:840} INFO - DAG(s) 'csv_to_postgres_ingestion' retrieved from /opt/airflow/dags/dag1_csv_to_postgres.py
[2026-01-08T14:58:02.787+0000] {logging_mixin.py:188} INFO - [2026-01-08T14:58:02.781+0000] {dag.py:3036} INFO - Sync 1 DAGs
[2026-01-08T14:58:02.907+0000] {logging_mixin.py:188} INFO - [2026-01-08T14:58:02.906+0000] {dag.py:3823} INFO - Setting next_dagrun for csv_to_postgres_ingestion to 2026-01-08 00:00:00+00:00, run_after=2026-01-09 00:00:00+00:00
[2026-01-08T14:58:03.045+0000] {processor.py:183} INFO - Processing /opt/airflow/dags/dag1_csv_to_postgres.py took 1.946 seconds
[2026-01-08T14:58:33.837+0000] {processor.py:161} INFO - Started process (PID=486) to work on /opt/airflow/dags/dag1_csv_to_postgres.py
[2026-01-08T14:58:33.866+0000] {processor.py:830} INFO - Processing file /opt/airflow/dags/dag1_csv_to_postgres.py for tasks to queue
[2026-01-08T14:58:33.878+0000] {logging_mixin.py:188} INFO - [2026-01-08T14:58:33.877+0000] {dagbag.py:538} INFO - Filling up the DagBag from /opt/airflow/dags/dag1_csv_to_postgres.py
[2026-01-08T14:58:35.450+0000] {processor.py:840} INFO - DAG(s) 'csv_to_postgres_ingestion' retrieved from /opt/airflow/dags/dag1_csv_to_postgres.py
[2026-01-08T14:58:35.526+0000] {logging_mixin.py:188} INFO - [2026-01-08T14:58:35.525+0000] {dag.py:3036} INFO - Sync 1 DAGs
[2026-01-08T14:58:35.602+0000] {logging_mixin.py:188} INFO - [2026-01-08T14:58:35.602+0000] {dag.py:3823} INFO - Setting next_dagrun for csv_to_postgres_ingestion to 2026-01-08 00:00:00+00:00, run_after=2026-01-09 00:00:00+00:00
[2026-01-08T14:58:35.705+0000] {processor.py:183} INFO - Processing /opt/airflow/dags/dag1_csv_to_postgres.py took 1.888 seconds
[2026-01-08T14:59:06.375+0000] {processor.py:161} INFO - Started process (PID=492) to work on /opt/airflow/dags/dag1_csv_to_postgres.py
[2026-01-08T14:59:06.380+0000] {processor.py:830} INFO - Processing file /opt/airflow/dags/dag1_csv_to_postgres.py for tasks to queue
[2026-01-08T14:59:06.383+0000] {logging_mixin.py:188} INFO - [2026-01-08T14:59:06.382+0000] {dagbag.py:538} INFO - Filling up the DagBag from /opt/airflow/dags/dag1_csv_to_postgres.py
[2026-01-08T14:59:07.819+0000] {processor.py:840} INFO - DAG(s) 'csv_to_postgres_ingestion' retrieved from /opt/airflow/dags/dag1_csv_to_postgres.py
[2026-01-08T14:59:07.891+0000] {logging_mixin.py:188} INFO - [2026-01-08T14:59:07.890+0000] {dag.py:3036} INFO - Sync 1 DAGs
[2026-01-08T14:59:07.971+0000] {logging_mixin.py:188} INFO - [2026-01-08T14:59:07.970+0000] {dag.py:3823} INFO - Setting next_dagrun for csv_to_postgres_ingestion to 2026-01-08 00:00:00+00:00, run_after=2026-01-09 00:00:00+00:00
[2026-01-08T14:59:09.015+0000] {processor.py:183} INFO - Processing /opt/airflow/dags/dag1_csv_to_postgres.py took 2.648 seconds
[2026-01-08T14:59:39.777+0000] {processor.py:161} INFO - Started process (PID=498) to work on /opt/airflow/dags/dag1_csv_to_postgres.py
[2026-01-08T14:59:39.781+0000] {processor.py:830} INFO - Processing file /opt/airflow/dags/dag1_csv_to_postgres.py for tasks to queue
[2026-01-08T14:59:39.783+0000] {logging_mixin.py:188} INFO - [2026-01-08T14:59:39.783+0000] {dagbag.py:538} INFO - Filling up the DagBag from /opt/airflow/dags/dag1_csv_to_postgres.py
[2026-01-08T14:59:40.703+0000] {processor.py:840} INFO - DAG(s) 'csv_to_postgres_ingestion' retrieved from /opt/airflow/dags/dag1_csv_to_postgres.py
[2026-01-08T14:59:40.842+0000] {logging_mixin.py:188} INFO - [2026-01-08T14:59:40.841+0000] {dag.py:3036} INFO - Sync 1 DAGs
[2026-01-08T14:59:41.398+0000] {logging_mixin.py:188} INFO - [2026-01-08T14:59:41.398+0000] {dag.py:3823} INFO - Setting next_dagrun for csv_to_postgres_ingestion to 2026-01-08 00:00:00+00:00, run_after=2026-01-09 00:00:00+00:00
[2026-01-08T14:59:41.479+0000] {processor.py:183} INFO - Processing /opt/airflow/dags/dag1_csv_to_postgres.py took 1.716 seconds
[2026-01-08T15:00:12.298+0000] {processor.py:161} INFO - Started process (PID=504) to work on /opt/airflow/dags/dag1_csv_to_postgres.py
[2026-01-08T15:00:12.300+0000] {processor.py:830} INFO - Processing file /opt/airflow/dags/dag1_csv_to_postgres.py for tasks to queue
[2026-01-08T15:00:12.303+0000] {logging_mixin.py:188} INFO - [2026-01-08T15:00:12.302+0000] {dagbag.py:538} INFO - Filling up the DagBag from /opt/airflow/dags/dag1_csv_to_postgres.py
[2026-01-08T15:00:13.362+0000] {processor.py:840} INFO - DAG(s) 'csv_to_postgres_ingestion' retrieved from /opt/airflow/dags/dag1_csv_to_postgres.py
[2026-01-08T15:00:13.532+0000] {logging_mixin.py:188} INFO - [2026-01-08T15:00:13.530+0000] {dag.py:3036} INFO - Sync 1 DAGs
[2026-01-08T15:00:13.683+0000] {logging_mixin.py:188} INFO - [2026-01-08T15:00:13.682+0000] {dag.py:3823} INFO - Setting next_dagrun for csv_to_postgres_ingestion to 2026-01-08 00:00:00+00:00, run_after=2026-01-09 00:00:00+00:00
[2026-01-08T15:00:13.822+0000] {processor.py:183} INFO - Processing /opt/airflow/dags/dag1_csv_to_postgres.py took 1.548 seconds
[2026-01-08T15:00:44.222+0000] {processor.py:161} INFO - Started process (PID=510) to work on /opt/airflow/dags/dag1_csv_to_postgres.py
[2026-01-08T15:00:44.223+0000] {processor.py:830} INFO - Processing file /opt/airflow/dags/dag1_csv_to_postgres.py for tasks to queue
[2026-01-08T15:00:44.224+0000] {logging_mixin.py:188} INFO - [2026-01-08T15:00:44.224+0000] {dagbag.py:538} INFO - Filling up the DagBag from /opt/airflow/dags/dag1_csv_to_postgres.py
[2026-01-08T15:00:45.085+0000] {processor.py:840} INFO - DAG(s) 'csv_to_postgres_ingestion' retrieved from /opt/airflow/dags/dag1_csv_to_postgres.py
[2026-01-08T15:00:45.294+0000] {logging_mixin.py:188} INFO - [2026-01-08T15:00:45.292+0000] {dag.py:3036} INFO - Sync 1 DAGs
[2026-01-08T15:00:45.383+0000] {logging_mixin.py:188} INFO - [2026-01-08T15:00:45.382+0000] {dag.py:3823} INFO - Setting next_dagrun for csv_to_postgres_ingestion to 2026-01-08 00:00:00+00:00, run_after=2026-01-09 00:00:00+00:00
[2026-01-08T15:00:45.437+0000] {processor.py:183} INFO - Processing /opt/airflow/dags/dag1_csv_to_postgres.py took 1.220 seconds
[2026-01-08T15:01:15.973+0000] {processor.py:161} INFO - Started process (PID=516) to work on /opt/airflow/dags/dag1_csv_to_postgres.py
[2026-01-08T15:01:15.974+0000] {processor.py:830} INFO - Processing file /opt/airflow/dags/dag1_csv_to_postgres.py for tasks to queue
[2026-01-08T15:01:15.977+0000] {logging_mixin.py:188} INFO - [2026-01-08T15:01:15.976+0000] {dagbag.py:538} INFO - Filling up the DagBag from /opt/airflow/dags/dag1_csv_to_postgres.py
[2026-01-08T15:01:16.690+0000] {processor.py:840} INFO - DAG(s) 'csv_to_postgres_ingestion' retrieved from /opt/airflow/dags/dag1_csv_to_postgres.py
[2026-01-08T15:01:16.732+0000] {logging_mixin.py:188} INFO - [2026-01-08T15:01:16.731+0000] {dag.py:3036} INFO - Sync 1 DAGs
[2026-01-08T15:01:16.765+0000] {logging_mixin.py:188} INFO - [2026-01-08T15:01:16.765+0000] {dag.py:3823} INFO - Setting next_dagrun for csv_to_postgres_ingestion to 2026-01-08 00:00:00+00:00, run_after=2026-01-09 00:00:00+00:00
[2026-01-08T15:01:16.848+0000] {processor.py:183} INFO - Processing /opt/airflow/dags/dag1_csv_to_postgres.py took 0.880 seconds
[2026-01-08T15:01:47.643+0000] {processor.py:161} INFO - Started process (PID=522) to work on /opt/airflow/dags/dag1_csv_to_postgres.py
[2026-01-08T15:01:47.656+0000] {processor.py:830} INFO - Processing file /opt/airflow/dags/dag1_csv_to_postgres.py for tasks to queue
[2026-01-08T15:01:47.667+0000] {logging_mixin.py:188} INFO - [2026-01-08T15:01:47.664+0000] {dagbag.py:538} INFO - Filling up the DagBag from /opt/airflow/dags/dag1_csv_to_postgres.py
[2026-01-08T15:01:48.419+0000] {processor.py:840} INFO - DAG(s) 'csv_to_postgres_ingestion' retrieved from /opt/airflow/dags/dag1_csv_to_postgres.py
[2026-01-08T15:01:48.459+0000] {logging_mixin.py:188} INFO - [2026-01-08T15:01:48.457+0000] {dag.py:3036} INFO - Sync 1 DAGs
[2026-01-08T15:01:48.504+0000] {logging_mixin.py:188} INFO - [2026-01-08T15:01:48.504+0000] {dag.py:3823} INFO - Setting next_dagrun for csv_to_postgres_ingestion to 2026-01-08 00:00:00+00:00, run_after=2026-01-09 00:00:00+00:00
[2026-01-08T15:01:48.594+0000] {processor.py:183} INFO - Processing /opt/airflow/dags/dag1_csv_to_postgres.py took 1.003 seconds
[2026-01-08T15:02:19.184+0000] {processor.py:161} INFO - Started process (PID=528) to work on /opt/airflow/dags/dag1_csv_to_postgres.py
[2026-01-08T15:02:19.190+0000] {processor.py:830} INFO - Processing file /opt/airflow/dags/dag1_csv_to_postgres.py for tasks to queue
[2026-01-08T15:02:19.197+0000] {logging_mixin.py:188} INFO - [2026-01-08T15:02:19.196+0000] {dagbag.py:538} INFO - Filling up the DagBag from /opt/airflow/dags/dag1_csv_to_postgres.py
[2026-01-08T15:02:19.917+0000] {processor.py:840} INFO - DAG(s) 'csv_to_postgres_ingestion' retrieved from /opt/airflow/dags/dag1_csv_to_postgres.py
[2026-01-08T15:02:19.968+0000] {logging_mixin.py:188} INFO - [2026-01-08T15:02:19.967+0000] {dag.py:3036} INFO - Sync 1 DAGs
[2026-01-08T15:02:20.073+0000] {logging_mixin.py:188} INFO - [2026-01-08T15:02:20.071+0000] {dag.py:3823} INFO - Setting next_dagrun for csv_to_postgres_ingestion to 2026-01-08 00:00:00+00:00, run_after=2026-01-09 00:00:00+00:00
[2026-01-08T15:02:20.717+0000] {processor.py:183} INFO - Processing /opt/airflow/dags/dag1_csv_to_postgres.py took 1.546 seconds
[2026-01-08T15:02:51.499+0000] {processor.py:161} INFO - Started process (PID=534) to work on /opt/airflow/dags/dag1_csv_to_postgres.py
[2026-01-08T15:02:51.509+0000] {processor.py:830} INFO - Processing file /opt/airflow/dags/dag1_csv_to_postgres.py for tasks to queue
[2026-01-08T15:02:51.522+0000] {logging_mixin.py:188} INFO - [2026-01-08T15:02:51.516+0000] {dagbag.py:538} INFO - Filling up the DagBag from /opt/airflow/dags/dag1_csv_to_postgres.py
[2026-01-08T15:02:53.402+0000] {processor.py:840} INFO - DAG(s) 'csv_to_postgres_ingestion' retrieved from /opt/airflow/dags/dag1_csv_to_postgres.py
[2026-01-08T15:02:53.542+0000] {logging_mixin.py:188} INFO - [2026-01-08T15:02:53.541+0000] {dag.py:3036} INFO - Sync 1 DAGs
[2026-01-08T15:02:54.219+0000] {logging_mixin.py:188} INFO - [2026-01-08T15:02:54.217+0000] {dag.py:3823} INFO - Setting next_dagrun for csv_to_postgres_ingestion to 2026-01-08 00:00:00+00:00, run_after=2026-01-09 00:00:00+00:00
[2026-01-08T15:02:54.355+0000] {processor.py:183} INFO - Processing /opt/airflow/dags/dag1_csv_to_postgres.py took 2.884 seconds
[2026-01-08T15:03:25.291+0000] {processor.py:161} INFO - Started process (PID=540) to work on /opt/airflow/dags/dag1_csv_to_postgres.py
[2026-01-08T15:03:25.306+0000] {processor.py:830} INFO - Processing file /opt/airflow/dags/dag1_csv_to_postgres.py for tasks to queue
[2026-01-08T15:03:25.313+0000] {logging_mixin.py:188} INFO - [2026-01-08T15:03:25.311+0000] {dagbag.py:538} INFO - Filling up the DagBag from /opt/airflow/dags/dag1_csv_to_postgres.py
[2026-01-08T15:03:26.313+0000] {processor.py:840} INFO - DAG(s) 'csv_to_postgres_ingestion' retrieved from /opt/airflow/dags/dag1_csv_to_postgres.py
[2026-01-08T15:03:26.417+0000] {logging_mixin.py:188} INFO - [2026-01-08T15:03:26.414+0000] {dag.py:3036} INFO - Sync 1 DAGs
[2026-01-08T15:03:26.490+0000] {logging_mixin.py:188} INFO - [2026-01-08T15:03:26.489+0000] {dag.py:3823} INFO - Setting next_dagrun for csv_to_postgres_ingestion to 2026-01-08 00:00:00+00:00, run_after=2026-01-09 00:00:00+00:00
[2026-01-08T15:03:26.537+0000] {processor.py:183} INFO - Processing /opt/airflow/dags/dag1_csv_to_postgres.py took 1.278 seconds
[2026-01-08T15:03:57.005+0000] {processor.py:161} INFO - Started process (PID=546) to work on /opt/airflow/dags/dag1_csv_to_postgres.py
[2026-01-08T15:03:57.010+0000] {processor.py:830} INFO - Processing file /opt/airflow/dags/dag1_csv_to_postgres.py for tasks to queue
[2026-01-08T15:03:57.014+0000] {logging_mixin.py:188} INFO - [2026-01-08T15:03:57.013+0000] {dagbag.py:538} INFO - Filling up the DagBag from /opt/airflow/dags/dag1_csv_to_postgres.py
[2026-01-08T15:03:57.721+0000] {processor.py:840} INFO - DAG(s) 'csv_to_postgres_ingestion' retrieved from /opt/airflow/dags/dag1_csv_to_postgres.py
[2026-01-08T15:03:57.779+0000] {logging_mixin.py:188} INFO - [2026-01-08T15:03:57.778+0000] {dag.py:3036} INFO - Sync 1 DAGs
[2026-01-08T15:03:57.824+0000] {logging_mixin.py:188} INFO - [2026-01-08T15:03:57.823+0000] {dag.py:3823} INFO - Setting next_dagrun for csv_to_postgres_ingestion to 2026-01-08 00:00:00+00:00, run_after=2026-01-09 00:00:00+00:00
[2026-01-08T15:03:57.860+0000] {processor.py:183} INFO - Processing /opt/airflow/dags/dag1_csv_to_postgres.py took 0.867 seconds
[2026-01-08T16:11:39.458+0000] {processor.py:161} INFO - Started process (PID=554) to work on /opt/airflow/dags/dag1_csv_to_postgres.py
[2026-01-08T16:11:39.508+0000] {processor.py:830} INFO - Processing file /opt/airflow/dags/dag1_csv_to_postgres.py for tasks to queue
[2026-01-08T16:11:39.541+0000] {logging_mixin.py:188} INFO - [2026-01-08T16:11:39.540+0000] {dagbag.py:538} INFO - Filling up the DagBag from /opt/airflow/dags/dag1_csv_to_postgres.py
[2026-01-08T16:11:48.353+0000] {processor.py:840} INFO - DAG(s) 'csv_to_postgres_ingestion' retrieved from /opt/airflow/dags/dag1_csv_to_postgres.py
[2026-01-08T16:11:49.020+0000] {logging_mixin.py:188} INFO - [2026-01-08T16:11:49.018+0000] {dag.py:3036} INFO - Sync 1 DAGs
[2026-01-08T16:11:49.692+0000] {logging_mixin.py:188} INFO - [2026-01-08T16:11:49.691+0000] {dag.py:3823} INFO - Setting next_dagrun for csv_to_postgres_ingestion to 2026-01-08 00:00:00+00:00, run_after=2026-01-09 00:00:00+00:00
[2026-01-08T16:11:50.086+0000] {processor.py:183} INFO - Processing /opt/airflow/dags/dag1_csv_to_postgres.py took 10.666 seconds
[2026-01-08T16:12:21.104+0000] {processor.py:161} INFO - Started process (PID=560) to work on /opt/airflow/dags/dag1_csv_to_postgres.py
[2026-01-08T16:12:21.136+0000] {processor.py:830} INFO - Processing file /opt/airflow/dags/dag1_csv_to_postgres.py for tasks to queue
[2026-01-08T16:12:21.151+0000] {logging_mixin.py:188} INFO - [2026-01-08T16:12:21.150+0000] {dagbag.py:538} INFO - Filling up the DagBag from /opt/airflow/dags/dag1_csv_to_postgres.py
[2026-01-08T16:12:27.288+0000] {processor.py:840} INFO - DAG(s) 'csv_to_postgres_ingestion' retrieved from /opt/airflow/dags/dag1_csv_to_postgres.py
[2026-01-08T16:12:27.767+0000] {logging_mixin.py:188} INFO - [2026-01-08T16:12:27.766+0000] {dag.py:3036} INFO - Sync 1 DAGs
[2026-01-08T16:12:28.243+0000] {logging_mixin.py:188} INFO - [2026-01-08T16:12:28.228+0000] {dag.py:3823} INFO - Setting next_dagrun for csv_to_postgres_ingestion to 2026-01-08 00:00:00+00:00, run_after=2026-01-09 00:00:00+00:00
[2026-01-08T16:12:28.618+0000] {processor.py:183} INFO - Processing /opt/airflow/dags/dag1_csv_to_postgres.py took 7.616 seconds
[2026-01-08T16:12:59.605+0000] {processor.py:161} INFO - Started process (PID=566) to work on /opt/airflow/dags/dag1_csv_to_postgres.py
[2026-01-08T16:12:59.608+0000] {processor.py:830} INFO - Processing file /opt/airflow/dags/dag1_csv_to_postgres.py for tasks to queue
[2026-01-08T16:12:59.610+0000] {logging_mixin.py:188} INFO - [2026-01-08T16:12:59.609+0000] {dagbag.py:538} INFO - Filling up the DagBag from /opt/airflow/dags/dag1_csv_to_postgres.py
[2026-01-08T16:13:00.429+0000] {processor.py:840} INFO - DAG(s) 'csv_to_postgres_ingestion' retrieved from /opt/airflow/dags/dag1_csv_to_postgres.py
[2026-01-08T16:13:00.518+0000] {logging_mixin.py:188} INFO - [2026-01-08T16:13:00.517+0000] {dag.py:3036} INFO - Sync 1 DAGs
[2026-01-08T16:13:00.985+0000] {logging_mixin.py:188} INFO - [2026-01-08T16:13:00.985+0000] {dag.py:3823} INFO - Setting next_dagrun for csv_to_postgres_ingestion to 2026-01-08 00:00:00+00:00, run_after=2026-01-09 00:00:00+00:00
[2026-01-08T16:13:01.117+0000] {processor.py:183} INFO - Processing /opt/airflow/dags/dag1_csv_to_postgres.py took 1.520 seconds
[2026-01-08T16:13:31.967+0000] {processor.py:161} INFO - Started process (PID=572) to work on /opt/airflow/dags/dag1_csv_to_postgres.py
[2026-01-08T16:13:31.970+0000] {processor.py:830} INFO - Processing file /opt/airflow/dags/dag1_csv_to_postgres.py for tasks to queue
[2026-01-08T16:13:31.973+0000] {logging_mixin.py:188} INFO - [2026-01-08T16:13:31.972+0000] {dagbag.py:538} INFO - Filling up the DagBag from /opt/airflow/dags/dag1_csv_to_postgres.py
[2026-01-08T16:13:33.279+0000] {processor.py:840} INFO - DAG(s) 'csv_to_postgres_ingestion' retrieved from /opt/airflow/dags/dag1_csv_to_postgres.py
[2026-01-08T16:13:33.333+0000] {logging_mixin.py:188} INFO - [2026-01-08T16:13:33.332+0000] {dag.py:3036} INFO - Sync 1 DAGs
[2026-01-08T16:13:33.749+0000] {logging_mixin.py:188} INFO - [2026-01-08T16:13:33.747+0000] {dag.py:3823} INFO - Setting next_dagrun for csv_to_postgres_ingestion to 2026-01-08 00:00:00+00:00, run_after=2026-01-09 00:00:00+00:00
[2026-01-08T16:13:33.813+0000] {processor.py:183} INFO - Processing /opt/airflow/dags/dag1_csv_to_postgres.py took 1.854 seconds
[2026-01-08T16:14:04.587+0000] {processor.py:161} INFO - Started process (PID=578) to work on /opt/airflow/dags/dag1_csv_to_postgres.py
[2026-01-08T16:14:04.595+0000] {processor.py:830} INFO - Processing file /opt/airflow/dags/dag1_csv_to_postgres.py for tasks to queue
[2026-01-08T16:14:04.602+0000] {logging_mixin.py:188} INFO - [2026-01-08T16:14:04.600+0000] {dagbag.py:538} INFO - Filling up the DagBag from /opt/airflow/dags/dag1_csv_to_postgres.py
[2026-01-08T16:14:05.628+0000] {processor.py:840} INFO - DAG(s) 'csv_to_postgres_ingestion' retrieved from /opt/airflow/dags/dag1_csv_to_postgres.py
[2026-01-08T16:14:05.727+0000] {logging_mixin.py:188} INFO - [2026-01-08T16:14:05.726+0000] {dag.py:3036} INFO - Sync 1 DAGs
[2026-01-08T16:14:05.781+0000] {logging_mixin.py:188} INFO - [2026-01-08T16:14:05.780+0000] {dag.py:3823} INFO - Setting next_dagrun for csv_to_postgres_ingestion to 2026-01-08 00:00:00+00:00, run_after=2026-01-09 00:00:00+00:00
[2026-01-08T16:14:05.820+0000] {processor.py:183} INFO - Processing /opt/airflow/dags/dag1_csv_to_postgres.py took 1.258 seconds
[2026-01-08T16:14:36.267+0000] {processor.py:161} INFO - Started process (PID=584) to work on /opt/airflow/dags/dag1_csv_to_postgres.py
[2026-01-08T16:14:36.270+0000] {processor.py:830} INFO - Processing file /opt/airflow/dags/dag1_csv_to_postgres.py for tasks to queue
[2026-01-08T16:14:36.274+0000] {logging_mixin.py:188} INFO - [2026-01-08T16:14:36.273+0000] {dagbag.py:538} INFO - Filling up the DagBag from /opt/airflow/dags/dag1_csv_to_postgres.py
[2026-01-08T16:14:36.965+0000] {processor.py:840} INFO - DAG(s) 'csv_to_postgres_ingestion' retrieved from /opt/airflow/dags/dag1_csv_to_postgres.py
[2026-01-08T16:14:37.037+0000] {logging_mixin.py:188} INFO - [2026-01-08T16:14:37.036+0000] {dag.py:3036} INFO - Sync 1 DAGs
[2026-01-08T16:14:37.097+0000] {logging_mixin.py:188} INFO - [2026-01-08T16:14:37.097+0000] {dag.py:3823} INFO - Setting next_dagrun for csv_to_postgres_ingestion to 2026-01-08 00:00:00+00:00, run_after=2026-01-09 00:00:00+00:00
[2026-01-08T16:14:37.230+0000] {processor.py:183} INFO - Processing /opt/airflow/dags/dag1_csv_to_postgres.py took 0.975 seconds
[2026-01-08T16:15:07.800+0000] {processor.py:161} INFO - Started process (PID=590) to work on /opt/airflow/dags/dag1_csv_to_postgres.py
[2026-01-08T16:15:07.803+0000] {processor.py:830} INFO - Processing file /opt/airflow/dags/dag1_csv_to_postgres.py for tasks to queue
[2026-01-08T16:15:07.806+0000] {logging_mixin.py:188} INFO - [2026-01-08T16:15:07.805+0000] {dagbag.py:538} INFO - Filling up the DagBag from /opt/airflow/dags/dag1_csv_to_postgres.py
[2026-01-08T16:15:08.473+0000] {processor.py:840} INFO - DAG(s) 'csv_to_postgres_ingestion' retrieved from /opt/airflow/dags/dag1_csv_to_postgres.py
[2026-01-08T16:15:08.521+0000] {logging_mixin.py:188} INFO - [2026-01-08T16:15:08.520+0000] {dag.py:3036} INFO - Sync 1 DAGs
[2026-01-08T16:15:08.563+0000] {logging_mixin.py:188} INFO - [2026-01-08T16:15:08.563+0000] {dag.py:3823} INFO - Setting next_dagrun for csv_to_postgres_ingestion to 2026-01-08 00:00:00+00:00, run_after=2026-01-09 00:00:00+00:00
[2026-01-08T16:15:08.686+0000] {processor.py:183} INFO - Processing /opt/airflow/dags/dag1_csv_to_postgres.py took 0.894 seconds
[2026-01-08T16:15:39.408+0000] {processor.py:161} INFO - Started process (PID=596) to work on /opt/airflow/dags/dag1_csv_to_postgres.py
[2026-01-08T16:15:39.413+0000] {processor.py:830} INFO - Processing file /opt/airflow/dags/dag1_csv_to_postgres.py for tasks to queue
[2026-01-08T16:15:39.419+0000] {logging_mixin.py:188} INFO - [2026-01-08T16:15:39.417+0000] {dagbag.py:538} INFO - Filling up the DagBag from /opt/airflow/dags/dag1_csv_to_postgres.py
[2026-01-08T16:15:40.182+0000] {processor.py:840} INFO - DAG(s) 'csv_to_postgres_ingestion' retrieved from /opt/airflow/dags/dag1_csv_to_postgres.py
[2026-01-08T16:15:40.253+0000] {logging_mixin.py:188} INFO - [2026-01-08T16:15:40.252+0000] {dag.py:3036} INFO - Sync 1 DAGs
[2026-01-08T16:15:40.316+0000] {logging_mixin.py:188} INFO - [2026-01-08T16:15:40.316+0000] {dag.py:3823} INFO - Setting next_dagrun for csv_to_postgres_ingestion to 2026-01-08 00:00:00+00:00, run_after=2026-01-09 00:00:00+00:00
[2026-01-08T16:15:40.895+0000] {processor.py:183} INFO - Processing /opt/airflow/dags/dag1_csv_to_postgres.py took 1.506 seconds
[2026-01-08T16:16:11.739+0000] {processor.py:161} INFO - Started process (PID=602) to work on /opt/airflow/dags/dag1_csv_to_postgres.py
[2026-01-08T16:16:11.742+0000] {processor.py:830} INFO - Processing file /opt/airflow/dags/dag1_csv_to_postgres.py for tasks to queue
[2026-01-08T16:16:11.744+0000] {logging_mixin.py:188} INFO - [2026-01-08T16:16:11.743+0000] {dagbag.py:538} INFO - Filling up the DagBag from /opt/airflow/dags/dag1_csv_to_postgres.py
[2026-01-08T16:16:12.461+0000] {processor.py:840} INFO - DAG(s) 'csv_to_postgres_ingestion' retrieved from /opt/airflow/dags/dag1_csv_to_postgres.py
[2026-01-08T16:16:12.532+0000] {logging_mixin.py:188} INFO - [2026-01-08T16:16:12.530+0000] {dag.py:3036} INFO - Sync 1 DAGs
[2026-01-08T16:16:12.603+0000] {logging_mixin.py:188} INFO - [2026-01-08T16:16:12.602+0000] {dag.py:3823} INFO - Setting next_dagrun for csv_to_postgres_ingestion to 2026-01-08 00:00:00+00:00, run_after=2026-01-09 00:00:00+00:00
[2026-01-08T16:16:13.188+0000] {processor.py:183} INFO - Processing /opt/airflow/dags/dag1_csv_to_postgres.py took 1.458 seconds
[2026-01-08T16:16:43.776+0000] {processor.py:161} INFO - Started process (PID=608) to work on /opt/airflow/dags/dag1_csv_to_postgres.py
[2026-01-08T16:16:43.783+0000] {processor.py:830} INFO - Processing file /opt/airflow/dags/dag1_csv_to_postgres.py for tasks to queue
[2026-01-08T16:16:43.790+0000] {logging_mixin.py:188} INFO - [2026-01-08T16:16:43.788+0000] {dagbag.py:538} INFO - Filling up the DagBag from /opt/airflow/dags/dag1_csv_to_postgres.py
[2026-01-08T16:16:44.669+0000] {processor.py:840} INFO - DAG(s) 'csv_to_postgres_ingestion' retrieved from /opt/airflow/dags/dag1_csv_to_postgres.py
[2026-01-08T16:16:44.757+0000] {logging_mixin.py:188} INFO - [2026-01-08T16:16:44.756+0000] {dag.py:3036} INFO - Sync 1 DAGs
[2026-01-08T16:16:44.847+0000] {logging_mixin.py:188} INFO - [2026-01-08T16:16:44.846+0000] {dag.py:3823} INFO - Setting next_dagrun for csv_to_postgres_ingestion to 2026-01-08 00:00:00+00:00, run_after=2026-01-09 00:00:00+00:00
[2026-01-08T16:16:44.992+0000] {processor.py:183} INFO - Processing /opt/airflow/dags/dag1_csv_to_postgres.py took 1.241 seconds
[2026-01-08T16:17:15.415+0000] {processor.py:161} INFO - Started process (PID=614) to work on /opt/airflow/dags/dag1_csv_to_postgres.py
[2026-01-08T16:17:15.418+0000] {processor.py:830} INFO - Processing file /opt/airflow/dags/dag1_csv_to_postgres.py for tasks to queue
[2026-01-08T16:17:15.422+0000] {logging_mixin.py:188} INFO - [2026-01-08T16:17:15.421+0000] {dagbag.py:538} INFO - Filling up the DagBag from /opt/airflow/dags/dag1_csv_to_postgres.py
[2026-01-08T16:17:16.109+0000] {processor.py:840} INFO - DAG(s) 'csv_to_postgres_ingestion' retrieved from /opt/airflow/dags/dag1_csv_to_postgres.py
[2026-01-08T16:17:16.162+0000] {logging_mixin.py:188} INFO - [2026-01-08T16:17:16.161+0000] {dag.py:3036} INFO - Sync 1 DAGs
[2026-01-08T16:17:16.217+0000] {logging_mixin.py:188} INFO - [2026-01-08T16:17:16.216+0000] {dag.py:3823} INFO - Setting next_dagrun for csv_to_postgres_ingestion to 2026-01-08 00:00:00+00:00, run_after=2026-01-09 00:00:00+00:00
[2026-01-08T16:17:16.352+0000] {processor.py:183} INFO - Processing /opt/airflow/dags/dag1_csv_to_postgres.py took 0.948 seconds
[2026-01-08T16:17:46.990+0000] {processor.py:161} INFO - Started process (PID=620) to work on /opt/airflow/dags/dag1_csv_to_postgres.py
[2026-01-08T16:17:46.993+0000] {processor.py:830} INFO - Processing file /opt/airflow/dags/dag1_csv_to_postgres.py for tasks to queue
[2026-01-08T16:17:46.997+0000] {logging_mixin.py:188} INFO - [2026-01-08T16:17:46.996+0000] {dagbag.py:538} INFO - Filling up the DagBag from /opt/airflow/dags/dag1_csv_to_postgres.py
[2026-01-08T16:17:47.797+0000] {processor.py:840} INFO - DAG(s) 'csv_to_postgres_ingestion' retrieved from /opt/airflow/dags/dag1_csv_to_postgres.py
[2026-01-08T16:17:47.870+0000] {logging_mixin.py:188} INFO - [2026-01-08T16:17:47.869+0000] {dag.py:3036} INFO - Sync 1 DAGs
[2026-01-08T16:17:47.936+0000] {logging_mixin.py:188} INFO - [2026-01-08T16:17:47.935+0000] {dag.py:3823} INFO - Setting next_dagrun for csv_to_postgres_ingestion to 2026-01-08 00:00:00+00:00, run_after=2026-01-09 00:00:00+00:00
[2026-01-08T16:17:48.051+0000] {processor.py:183} INFO - Processing /opt/airflow/dags/dag1_csv_to_postgres.py took 1.069 seconds
[2026-01-08T16:18:18.654+0000] {processor.py:161} INFO - Started process (PID=626) to work on /opt/airflow/dags/dag1_csv_to_postgres.py
[2026-01-08T16:18:18.659+0000] {processor.py:830} INFO - Processing file /opt/airflow/dags/dag1_csv_to_postgres.py for tasks to queue
[2026-01-08T16:18:18.664+0000] {logging_mixin.py:188} INFO - [2026-01-08T16:18:18.662+0000] {dagbag.py:538} INFO - Filling up the DagBag from /opt/airflow/dags/dag1_csv_to_postgres.py
[2026-01-08T16:18:19.668+0000] {processor.py:840} INFO - DAG(s) 'csv_to_postgres_ingestion' retrieved from /opt/airflow/dags/dag1_csv_to_postgres.py
[2026-01-08T16:18:19.716+0000] {logging_mixin.py:188} INFO - [2026-01-08T16:18:19.716+0000] {dag.py:3036} INFO - Sync 1 DAGs
[2026-01-08T16:18:19.760+0000] {logging_mixin.py:188} INFO - [2026-01-08T16:18:19.760+0000] {dag.py:3823} INFO - Setting next_dagrun for csv_to_postgres_ingestion to 2026-01-08 00:00:00+00:00, run_after=2026-01-09 00:00:00+00:00
[2026-01-08T16:18:19.888+0000] {processor.py:183} INFO - Processing /opt/airflow/dags/dag1_csv_to_postgres.py took 1.249 seconds
[2026-01-08T16:18:50.259+0000] {processor.py:161} INFO - Started process (PID=632) to work on /opt/airflow/dags/dag1_csv_to_postgres.py
[2026-01-08T16:18:50.267+0000] {processor.py:830} INFO - Processing file /opt/airflow/dags/dag1_csv_to_postgres.py for tasks to queue
[2026-01-08T16:18:50.273+0000] {logging_mixin.py:188} INFO - [2026-01-08T16:18:50.271+0000] {dagbag.py:538} INFO - Filling up the DagBag from /opt/airflow/dags/dag1_csv_to_postgres.py
[2026-01-08T16:18:51.031+0000] {processor.py:840} INFO - DAG(s) 'csv_to_postgres_ingestion' retrieved from /opt/airflow/dags/dag1_csv_to_postgres.py
[2026-01-08T16:18:51.104+0000] {logging_mixin.py:188} INFO - [2026-01-08T16:18:51.102+0000] {dag.py:3036} INFO - Sync 1 DAGs
[2026-01-08T16:18:51.168+0000] {logging_mixin.py:188} INFO - [2026-01-08T16:18:51.167+0000] {dag.py:3823} INFO - Setting next_dagrun for csv_to_postgres_ingestion to 2026-01-08 00:00:00+00:00, run_after=2026-01-09 00:00:00+00:00
[2026-01-08T16:18:51.598+0000] {processor.py:183} INFO - Processing /opt/airflow/dags/dag1_csv_to_postgres.py took 1.364 seconds
[2026-01-08T16:19:22.177+0000] {processor.py:161} INFO - Started process (PID=638) to work on /opt/airflow/dags/dag1_csv_to_postgres.py
[2026-01-08T16:19:22.183+0000] {processor.py:830} INFO - Processing file /opt/airflow/dags/dag1_csv_to_postgres.py for tasks to queue
[2026-01-08T16:19:22.189+0000] {logging_mixin.py:188} INFO - [2026-01-08T16:19:22.187+0000] {dagbag.py:538} INFO - Filling up the DagBag from /opt/airflow/dags/dag1_csv_to_postgres.py
[2026-01-08T16:19:23.200+0000] {processor.py:840} INFO - DAG(s) 'csv_to_postgres_ingestion' retrieved from /opt/airflow/dags/dag1_csv_to_postgres.py
[2026-01-08T16:19:23.246+0000] {logging_mixin.py:188} INFO - [2026-01-08T16:19:23.245+0000] {dag.py:3036} INFO - Sync 1 DAGs
[2026-01-08T16:19:23.567+0000] {logging_mixin.py:188} INFO - [2026-01-08T16:19:23.567+0000] {dag.py:3823} INFO - Setting next_dagrun for csv_to_postgres_ingestion to 2026-01-08 00:00:00+00:00, run_after=2026-01-09 00:00:00+00:00
[2026-01-08T16:19:23.613+0000] {processor.py:183} INFO - Processing /opt/airflow/dags/dag1_csv_to_postgres.py took 1.454 seconds
[2026-01-08T16:19:54.349+0000] {processor.py:161} INFO - Started process (PID=644) to work on /opt/airflow/dags/dag1_csv_to_postgres.py
[2026-01-08T16:19:54.353+0000] {processor.py:830} INFO - Processing file /opt/airflow/dags/dag1_csv_to_postgres.py for tasks to queue
[2026-01-08T16:19:54.357+0000] {logging_mixin.py:188} INFO - [2026-01-08T16:19:54.356+0000] {dagbag.py:538} INFO - Filling up the DagBag from /opt/airflow/dags/dag1_csv_to_postgres.py
[2026-01-08T16:19:55.361+0000] {processor.py:840} INFO - DAG(s) 'csv_to_postgres_ingestion' retrieved from /opt/airflow/dags/dag1_csv_to_postgres.py
[2026-01-08T16:19:55.429+0000] {logging_mixin.py:188} INFO - [2026-01-08T16:19:55.428+0000] {dag.py:3036} INFO - Sync 1 DAGs
[2026-01-08T16:19:55.492+0000] {logging_mixin.py:188} INFO - [2026-01-08T16:19:55.491+0000] {dag.py:3823} INFO - Setting next_dagrun for csv_to_postgres_ingestion to 2026-01-08 00:00:00+00:00, run_after=2026-01-09 00:00:00+00:00
[2026-01-08T16:19:55.528+0000] {processor.py:183} INFO - Processing /opt/airflow/dags/dag1_csv_to_postgres.py took 1.191 seconds
[2026-01-08T16:20:25.890+0000] {processor.py:161} INFO - Started process (PID=650) to work on /opt/airflow/dags/dag1_csv_to_postgres.py
[2026-01-08T16:20:25.896+0000] {processor.py:830} INFO - Processing file /opt/airflow/dags/dag1_csv_to_postgres.py for tasks to queue
[2026-01-08T16:20:25.901+0000] {logging_mixin.py:188} INFO - [2026-01-08T16:20:25.899+0000] {dagbag.py:538} INFO - Filling up the DagBag from /opt/airflow/dags/dag1_csv_to_postgres.py
[2026-01-08T16:20:26.795+0000] {processor.py:840} INFO - DAG(s) 'csv_to_postgres_ingestion' retrieved from /opt/airflow/dags/dag1_csv_to_postgres.py
[2026-01-08T16:20:26.873+0000] {logging_mixin.py:188} INFO - [2026-01-08T16:20:26.872+0000] {dag.py:3036} INFO - Sync 1 DAGs
[2026-01-08T16:20:26.940+0000] {logging_mixin.py:188} INFO - [2026-01-08T16:20:26.939+0000] {dag.py:3823} INFO - Setting next_dagrun for csv_to_postgres_ingestion to 2026-01-08 00:00:00+00:00, run_after=2026-01-09 00:00:00+00:00
[2026-01-08T16:20:27.070+0000] {processor.py:183} INFO - Processing /opt/airflow/dags/dag1_csv_to_postgres.py took 1.194 seconds
[2026-01-08T16:20:57.783+0000] {processor.py:161} INFO - Started process (PID=656) to work on /opt/airflow/dags/dag1_csv_to_postgres.py
[2026-01-08T16:20:57.788+0000] {processor.py:830} INFO - Processing file /opt/airflow/dags/dag1_csv_to_postgres.py for tasks to queue
[2026-01-08T16:20:57.794+0000] {logging_mixin.py:188} INFO - [2026-01-08T16:20:57.792+0000] {dagbag.py:538} INFO - Filling up the DagBag from /opt/airflow/dags/dag1_csv_to_postgres.py
[2026-01-08T16:20:58.726+0000] {processor.py:840} INFO - DAG(s) 'csv_to_postgres_ingestion' retrieved from /opt/airflow/dags/dag1_csv_to_postgres.py
[2026-01-08T16:20:58.799+0000] {logging_mixin.py:188} INFO - [2026-01-08T16:20:58.798+0000] {dag.py:3036} INFO - Sync 1 DAGs
[2026-01-08T16:20:58.855+0000] {logging_mixin.py:188} INFO - [2026-01-08T16:20:58.855+0000] {dag.py:3823} INFO - Setting next_dagrun for csv_to_postgres_ingestion to 2026-01-08 00:00:00+00:00, run_after=2026-01-09 00:00:00+00:00
[2026-01-08T16:20:58.906+0000] {processor.py:183} INFO - Processing /opt/airflow/dags/dag1_csv_to_postgres.py took 1.139 seconds
[2026-01-08T16:21:29.444+0000] {processor.py:161} INFO - Started process (PID=662) to work on /opt/airflow/dags/dag1_csv_to_postgres.py
[2026-01-08T16:21:29.447+0000] {processor.py:830} INFO - Processing file /opt/airflow/dags/dag1_csv_to_postgres.py for tasks to queue
[2026-01-08T16:21:29.449+0000] {logging_mixin.py:188} INFO - [2026-01-08T16:21:29.449+0000] {dagbag.py:538} INFO - Filling up the DagBag from /opt/airflow/dags/dag1_csv_to_postgres.py
[2026-01-08T16:21:30.237+0000] {processor.py:840} INFO - DAG(s) 'csv_to_postgres_ingestion' retrieved from /opt/airflow/dags/dag1_csv_to_postgres.py
[2026-01-08T16:21:30.294+0000] {logging_mixin.py:188} INFO - [2026-01-08T16:21:30.293+0000] {dag.py:3036} INFO - Sync 1 DAGs
[2026-01-08T16:21:30.343+0000] {logging_mixin.py:188} INFO - [2026-01-08T16:21:30.342+0000] {dag.py:3823} INFO - Setting next_dagrun for csv_to_postgres_ingestion to 2026-01-08 00:00:00+00:00, run_after=2026-01-09 00:00:00+00:00
[2026-01-08T16:21:30.702+0000] {processor.py:183} INFO - Processing /opt/airflow/dags/dag1_csv_to_postgres.py took 1.266 seconds
[2026-01-08T16:22:01.063+0000] {processor.py:161} INFO - Started process (PID=668) to work on /opt/airflow/dags/dag1_csv_to_postgres.py
[2026-01-08T16:22:01.070+0000] {processor.py:830} INFO - Processing file /opt/airflow/dags/dag1_csv_to_postgres.py for tasks to queue
[2026-01-08T16:22:01.076+0000] {logging_mixin.py:188} INFO - [2026-01-08T16:22:01.074+0000] {dagbag.py:538} INFO - Filling up the DagBag from /opt/airflow/dags/dag1_csv_to_postgres.py
[2026-01-08T16:22:01.791+0000] {processor.py:840} INFO - DAG(s) 'csv_to_postgres_ingestion' retrieved from /opt/airflow/dags/dag1_csv_to_postgres.py
[2026-01-08T16:22:01.859+0000] {logging_mixin.py:188} INFO - [2026-01-08T16:22:01.858+0000] {dag.py:3036} INFO - Sync 1 DAGs
[2026-01-08T16:22:01.934+0000] {logging_mixin.py:188} INFO - [2026-01-08T16:22:01.933+0000] {dag.py:3823} INFO - Setting next_dagrun for csv_to_postgres_ingestion to 2026-01-08 00:00:00+00:00, run_after=2026-01-09 00:00:00+00:00
[2026-01-08T16:22:02.345+0000] {processor.py:183} INFO - Processing /opt/airflow/dags/dag1_csv_to_postgres.py took 1.305 seconds
[2026-01-08T16:22:32.784+0000] {processor.py:161} INFO - Started process (PID=674) to work on /opt/airflow/dags/dag1_csv_to_postgres.py
[2026-01-08T16:22:32.788+0000] {processor.py:830} INFO - Processing file /opt/airflow/dags/dag1_csv_to_postgres.py for tasks to queue
[2026-01-08T16:22:32.792+0000] {logging_mixin.py:188} INFO - [2026-01-08T16:22:32.791+0000] {dagbag.py:538} INFO - Filling up the DagBag from /opt/airflow/dags/dag1_csv_to_postgres.py
[2026-01-08T16:22:33.826+0000] {processor.py:840} INFO - DAG(s) 'csv_to_postgres_ingestion' retrieved from /opt/airflow/dags/dag1_csv_to_postgres.py
[2026-01-08T16:22:33.881+0000] {logging_mixin.py:188} INFO - [2026-01-08T16:22:33.880+0000] {dag.py:3036} INFO - Sync 1 DAGs
[2026-01-08T16:22:34.198+0000] {logging_mixin.py:188} INFO - [2026-01-08T16:22:34.197+0000] {dag.py:3823} INFO - Setting next_dagrun for csv_to_postgres_ingestion to 2026-01-08 00:00:00+00:00, run_after=2026-01-09 00:00:00+00:00
[2026-01-08T16:22:34.318+0000] {processor.py:183} INFO - Processing /opt/airflow/dags/dag1_csv_to_postgres.py took 1.545 seconds
[2026-01-08T16:23:04.534+0000] {processor.py:161} INFO - Started process (PID=680) to work on /opt/airflow/dags/dag1_csv_to_postgres.py
[2026-01-08T16:23:04.540+0000] {processor.py:830} INFO - Processing file /opt/airflow/dags/dag1_csv_to_postgres.py for tasks to queue
[2026-01-08T16:23:04.545+0000] {logging_mixin.py:188} INFO - [2026-01-08T16:23:04.543+0000] {dagbag.py:538} INFO - Filling up the DagBag from /opt/airflow/dags/dag1_csv_to_postgres.py
[2026-01-08T16:23:05.150+0000] {processor.py:840} INFO - DAG(s) 'csv_to_postgres_ingestion' retrieved from /opt/airflow/dags/dag1_csv_to_postgres.py
[2026-01-08T16:23:05.199+0000] {logging_mixin.py:188} INFO - [2026-01-08T16:23:05.198+0000] {dag.py:3036} INFO - Sync 1 DAGs
[2026-01-08T16:23:05.251+0000] {logging_mixin.py:188} INFO - [2026-01-08T16:23:05.251+0000] {dag.py:3823} INFO - Setting next_dagrun for csv_to_postgres_ingestion to 2026-01-08 00:00:00+00:00, run_after=2026-01-09 00:00:00+00:00
[2026-01-08T16:23:05.373+0000] {processor.py:183} INFO - Processing /opt/airflow/dags/dag1_csv_to_postgres.py took 0.856 seconds
[2026-01-08T16:23:36.030+0000] {processor.py:161} INFO - Started process (PID=686) to work on /opt/airflow/dags/dag1_csv_to_postgres.py
[2026-01-08T16:23:36.033+0000] {processor.py:830} INFO - Processing file /opt/airflow/dags/dag1_csv_to_postgres.py for tasks to queue
[2026-01-08T16:23:36.037+0000] {logging_mixin.py:188} INFO - [2026-01-08T16:23:36.036+0000] {dagbag.py:538} INFO - Filling up the DagBag from /opt/airflow/dags/dag1_csv_to_postgres.py
[2026-01-08T16:23:36.884+0000] {processor.py:840} INFO - DAG(s) 'csv_to_postgres_ingestion' retrieved from /opt/airflow/dags/dag1_csv_to_postgres.py
[2026-01-08T16:23:36.978+0000] {logging_mixin.py:188} INFO - [2026-01-08T16:23:36.977+0000] {dag.py:3036} INFO - Sync 1 DAGs
[2026-01-08T16:23:37.085+0000] {logging_mixin.py:188} INFO - [2026-01-08T16:23:37.084+0000] {dag.py:3823} INFO - Setting next_dagrun for csv_to_postgres_ingestion to 2026-01-08 00:00:00+00:00, run_after=2026-01-09 00:00:00+00:00
[2026-01-08T16:23:37.220+0000] {processor.py:183} INFO - Processing /opt/airflow/dags/dag1_csv_to_postgres.py took 1.199 seconds
[2026-01-08T16:24:07.640+0000] {processor.py:161} INFO - Started process (PID=692) to work on /opt/airflow/dags/dag1_csv_to_postgres.py
[2026-01-08T16:24:07.646+0000] {processor.py:830} INFO - Processing file /opt/airflow/dags/dag1_csv_to_postgres.py for tasks to queue
[2026-01-08T16:24:07.651+0000] {logging_mixin.py:188} INFO - [2026-01-08T16:24:07.650+0000] {dagbag.py:538} INFO - Filling up the DagBag from /opt/airflow/dags/dag1_csv_to_postgres.py
[2026-01-08T16:24:08.456+0000] {processor.py:840} INFO - DAG(s) 'csv_to_postgres_ingestion' retrieved from /opt/airflow/dags/dag1_csv_to_postgres.py
[2026-01-08T16:24:08.530+0000] {logging_mixin.py:188} INFO - [2026-01-08T16:24:08.529+0000] {dag.py:3036} INFO - Sync 1 DAGs
[2026-01-08T16:24:08.596+0000] {logging_mixin.py:188} INFO - [2026-01-08T16:24:08.595+0000] {dag.py:3823} INFO - Setting next_dagrun for csv_to_postgres_ingestion to 2026-01-08 00:00:00+00:00, run_after=2026-01-09 00:00:00+00:00
[2026-01-08T16:24:08.658+0000] {processor.py:183} INFO - Processing /opt/airflow/dags/dag1_csv_to_postgres.py took 1.034 seconds
[2026-01-08T16:24:39.146+0000] {processor.py:161} INFO - Started process (PID=698) to work on /opt/airflow/dags/dag1_csv_to_postgres.py
[2026-01-08T16:24:39.150+0000] {processor.py:830} INFO - Processing file /opt/airflow/dags/dag1_csv_to_postgres.py for tasks to queue
[2026-01-08T16:24:39.153+0000] {logging_mixin.py:188} INFO - [2026-01-08T16:24:39.152+0000] {dagbag.py:538} INFO - Filling up the DagBag from /opt/airflow/dags/dag1_csv_to_postgres.py
[2026-01-08T16:24:39.969+0000] {processor.py:840} INFO - DAG(s) 'csv_to_postgres_ingestion' retrieved from /opt/airflow/dags/dag1_csv_to_postgres.py
[2026-01-08T16:24:40.046+0000] {logging_mixin.py:188} INFO - [2026-01-08T16:24:40.045+0000] {dag.py:3036} INFO - Sync 1 DAGs
[2026-01-08T16:24:40.097+0000] {logging_mixin.py:188} INFO - [2026-01-08T16:24:40.096+0000] {dag.py:3823} INFO - Setting next_dagrun for csv_to_postgres_ingestion to 2026-01-08 00:00:00+00:00, run_after=2026-01-09 00:00:00+00:00
[2026-01-08T16:24:40.525+0000] {processor.py:183} INFO - Processing /opt/airflow/dags/dag1_csv_to_postgres.py took 1.392 seconds
[2026-01-08T16:25:10.861+0000] {processor.py:161} INFO - Started process (PID=704) to work on /opt/airflow/dags/dag1_csv_to_postgres.py
[2026-01-08T16:25:10.866+0000] {processor.py:830} INFO - Processing file /opt/airflow/dags/dag1_csv_to_postgres.py for tasks to queue
[2026-01-08T16:25:10.870+0000] {logging_mixin.py:188} INFO - [2026-01-08T16:25:10.869+0000] {dagbag.py:538} INFO - Filling up the DagBag from /opt/airflow/dags/dag1_csv_to_postgres.py
[2026-01-08T16:25:11.555+0000] {processor.py:840} INFO - DAG(s) 'csv_to_postgres_ingestion' retrieved from /opt/airflow/dags/dag1_csv_to_postgres.py
[2026-01-08T16:25:11.616+0000] {logging_mixin.py:188} INFO - [2026-01-08T16:25:11.615+0000] {dag.py:3036} INFO - Sync 1 DAGs
[2026-01-08T16:25:12.081+0000] {logging_mixin.py:188} INFO - [2026-01-08T16:25:12.081+0000] {dag.py:3823} INFO - Setting next_dagrun for csv_to_postgres_ingestion to 2026-01-08 00:00:00+00:00, run_after=2026-01-09 00:00:00+00:00
[2026-01-08T16:25:12.190+0000] {processor.py:183} INFO - Processing /opt/airflow/dags/dag1_csv_to_postgres.py took 1.343 seconds
[2026-01-08T16:25:42.944+0000] {processor.py:161} INFO - Started process (PID=710) to work on /opt/airflow/dags/dag1_csv_to_postgres.py
[2026-01-08T16:25:42.948+0000] {processor.py:830} INFO - Processing file /opt/airflow/dags/dag1_csv_to_postgres.py for tasks to queue
[2026-01-08T16:25:42.953+0000] {logging_mixin.py:188} INFO - [2026-01-08T16:25:42.952+0000] {dagbag.py:538} INFO - Filling up the DagBag from /opt/airflow/dags/dag1_csv_to_postgres.py
[2026-01-08T16:25:44.041+0000] {processor.py:840} INFO - DAG(s) 'csv_to_postgres_ingestion' retrieved from /opt/airflow/dags/dag1_csv_to_postgres.py
[2026-01-08T16:25:44.153+0000] {logging_mixin.py:188} INFO - [2026-01-08T16:25:44.152+0000] {dag.py:3036} INFO - Sync 1 DAGs
[2026-01-08T16:25:44.696+0000] {logging_mixin.py:188} INFO - [2026-01-08T16:25:44.695+0000] {dag.py:3823} INFO - Setting next_dagrun for csv_to_postgres_ingestion to 2026-01-08 00:00:00+00:00, run_after=2026-01-09 00:00:00+00:00
[2026-01-08T16:25:44.849+0000] {processor.py:183} INFO - Processing /opt/airflow/dags/dag1_csv_to_postgres.py took 1.920 seconds
[2026-01-08T16:26:15.603+0000] {processor.py:161} INFO - Started process (PID=716) to work on /opt/airflow/dags/dag1_csv_to_postgres.py
[2026-01-08T16:26:15.626+0000] {processor.py:830} INFO - Processing file /opt/airflow/dags/dag1_csv_to_postgres.py for tasks to queue
[2026-01-08T16:26:15.639+0000] {logging_mixin.py:188} INFO - [2026-01-08T16:26:15.633+0000] {dagbag.py:538} INFO - Filling up the DagBag from /opt/airflow/dags/dag1_csv_to_postgres.py
[2026-01-08T16:26:16.460+0000] {processor.py:840} INFO - DAG(s) 'csv_to_postgres_ingestion' retrieved from /opt/airflow/dags/dag1_csv_to_postgres.py
[2026-01-08T16:26:16.570+0000] {logging_mixin.py:188} INFO - [2026-01-08T16:26:16.565+0000] {dag.py:3036} INFO - Sync 1 DAGs
[2026-01-08T16:26:16.789+0000] {logging_mixin.py:188} INFO - [2026-01-08T16:26:16.787+0000] {dag.py:3823} INFO - Setting next_dagrun for csv_to_postgres_ingestion to 2026-01-08 00:00:00+00:00, run_after=2026-01-09 00:00:00+00:00
[2026-01-08T16:26:16.998+0000] {processor.py:183} INFO - Processing /opt/airflow/dags/dag1_csv_to_postgres.py took 1.421 seconds
[2026-01-08T16:26:47.752+0000] {processor.py:161} INFO - Started process (PID=722) to work on /opt/airflow/dags/dag1_csv_to_postgres.py
[2026-01-08T16:26:47.755+0000] {processor.py:830} INFO - Processing file /opt/airflow/dags/dag1_csv_to_postgres.py for tasks to queue
[2026-01-08T16:26:47.759+0000] {logging_mixin.py:188} INFO - [2026-01-08T16:26:47.758+0000] {dagbag.py:538} INFO - Filling up the DagBag from /opt/airflow/dags/dag1_csv_to_postgres.py
[2026-01-08T16:26:48.532+0000] {processor.py:840} INFO - DAG(s) 'csv_to_postgres_ingestion' retrieved from /opt/airflow/dags/dag1_csv_to_postgres.py
[2026-01-08T16:26:48.586+0000] {logging_mixin.py:188} INFO - [2026-01-08T16:26:48.585+0000] {dag.py:3036} INFO - Sync 1 DAGs
[2026-01-08T16:26:48.633+0000] {logging_mixin.py:188} INFO - [2026-01-08T16:26:48.632+0000] {dag.py:3823} INFO - Setting next_dagrun for csv_to_postgres_ingestion to 2026-01-08 00:00:00+00:00, run_after=2026-01-09 00:00:00+00:00
[2026-01-08T16:26:48.731+0000] {processor.py:183} INFO - Processing /opt/airflow/dags/dag1_csv_to_postgres.py took 0.990 seconds
[2026-01-08T16:27:19.279+0000] {processor.py:161} INFO - Started process (PID=728) to work on /opt/airflow/dags/dag1_csv_to_postgres.py
[2026-01-08T16:27:19.281+0000] {processor.py:830} INFO - Processing file /opt/airflow/dags/dag1_csv_to_postgres.py for tasks to queue
[2026-01-08T16:27:19.283+0000] {logging_mixin.py:188} INFO - [2026-01-08T16:27:19.283+0000] {dagbag.py:538} INFO - Filling up the DagBag from /opt/airflow/dags/dag1_csv_to_postgres.py
[2026-01-08T16:27:20.238+0000] {processor.py:840} INFO - DAG(s) 'csv_to_postgres_ingestion' retrieved from /opt/airflow/dags/dag1_csv_to_postgres.py
[2026-01-08T16:27:20.316+0000] {logging_mixin.py:188} INFO - [2026-01-08T16:27:20.315+0000] {dag.py:3036} INFO - Sync 1 DAGs
[2026-01-08T16:27:20.385+0000] {logging_mixin.py:188} INFO - [2026-01-08T16:27:20.385+0000] {dag.py:3823} INFO - Setting next_dagrun for csv_to_postgres_ingestion to 2026-01-08 00:00:00+00:00, run_after=2026-01-09 00:00:00+00:00
[2026-01-08T16:27:20.866+0000] {processor.py:183} INFO - Processing /opt/airflow/dags/dag1_csv_to_postgres.py took 1.593 seconds
[2026-01-08T16:27:51.592+0000] {processor.py:161} INFO - Started process (PID=734) to work on /opt/airflow/dags/dag1_csv_to_postgres.py
[2026-01-08T16:27:51.596+0000] {processor.py:830} INFO - Processing file /opt/airflow/dags/dag1_csv_to_postgres.py for tasks to queue
[2026-01-08T16:27:51.600+0000] {logging_mixin.py:188} INFO - [2026-01-08T16:27:51.599+0000] {dagbag.py:538} INFO - Filling up the DagBag from /opt/airflow/dags/dag1_csv_to_postgres.py
[2026-01-08T16:27:52.576+0000] {processor.py:840} INFO - DAG(s) 'csv_to_postgres_ingestion' retrieved from /opt/airflow/dags/dag1_csv_to_postgres.py
[2026-01-08T16:27:52.710+0000] {logging_mixin.py:188} INFO - [2026-01-08T16:27:52.709+0000] {dag.py:3036} INFO - Sync 1 DAGs
[2026-01-08T16:27:52.781+0000] {logging_mixin.py:188} INFO - [2026-01-08T16:27:52.780+0000] {dag.py:3823} INFO - Setting next_dagrun for csv_to_postgres_ingestion to 2026-01-08 00:00:00+00:00, run_after=2026-01-09 00:00:00+00:00
[2026-01-08T16:27:53.158+0000] {processor.py:183} INFO - Processing /opt/airflow/dags/dag1_csv_to_postgres.py took 1.575 seconds
[2026-01-08T16:28:23.648+0000] {processor.py:161} INFO - Started process (PID=740) to work on /opt/airflow/dags/dag1_csv_to_postgres.py
[2026-01-08T16:28:23.650+0000] {processor.py:830} INFO - Processing file /opt/airflow/dags/dag1_csv_to_postgres.py for tasks to queue
[2026-01-08T16:28:23.653+0000] {logging_mixin.py:188} INFO - [2026-01-08T16:28:23.652+0000] {dagbag.py:538} INFO - Filling up the DagBag from /opt/airflow/dags/dag1_csv_to_postgres.py
[2026-01-08T16:28:24.554+0000] {processor.py:840} INFO - DAG(s) 'csv_to_postgres_ingestion' retrieved from /opt/airflow/dags/dag1_csv_to_postgres.py
[2026-01-08T16:28:24.601+0000] {logging_mixin.py:188} INFO - [2026-01-08T16:28:24.600+0000] {dag.py:3036} INFO - Sync 1 DAGs
[2026-01-08T16:28:24.921+0000] {logging_mixin.py:188} INFO - [2026-01-08T16:28:24.920+0000] {dag.py:3823} INFO - Setting next_dagrun for csv_to_postgres_ingestion to 2026-01-08 00:00:00+00:00, run_after=2026-01-09 00:00:00+00:00
[2026-01-08T16:28:25.077+0000] {processor.py:183} INFO - Processing /opt/airflow/dags/dag1_csv_to_postgres.py took 1.438 seconds
[2026-01-08T16:28:55.470+0000] {processor.py:161} INFO - Started process (PID=746) to work on /opt/airflow/dags/dag1_csv_to_postgres.py
[2026-01-08T16:28:55.478+0000] {processor.py:830} INFO - Processing file /opt/airflow/dags/dag1_csv_to_postgres.py for tasks to queue
[2026-01-08T16:28:55.484+0000] {logging_mixin.py:188} INFO - [2026-01-08T16:28:55.483+0000] {dagbag.py:538} INFO - Filling up the DagBag from /opt/airflow/dags/dag1_csv_to_postgres.py
[2026-01-08T16:28:56.988+0000] {processor.py:840} INFO - DAG(s) 'csv_to_postgres_ingestion' retrieved from /opt/airflow/dags/dag1_csv_to_postgres.py
[2026-01-08T16:28:57.057+0000] {logging_mixin.py:188} INFO - [2026-01-08T16:28:57.056+0000] {dag.py:3036} INFO - Sync 1 DAGs
[2026-01-08T16:28:57.132+0000] {logging_mixin.py:188} INFO - [2026-01-08T16:28:57.131+0000] {dag.py:3823} INFO - Setting next_dagrun for csv_to_postgres_ingestion to 2026-01-08 00:00:00+00:00, run_after=2026-01-09 00:00:00+00:00
[2026-01-08T16:28:57.219+0000] {processor.py:183} INFO - Processing /opt/airflow/dags/dag1_csv_to_postgres.py took 1.769 seconds
[2026-01-08T16:29:28.050+0000] {processor.py:161} INFO - Started process (PID=752) to work on /opt/airflow/dags/dag1_csv_to_postgres.py
[2026-01-08T16:29:28.058+0000] {processor.py:830} INFO - Processing file /opt/airflow/dags/dag1_csv_to_postgres.py for tasks to queue
[2026-01-08T16:29:28.064+0000] {logging_mixin.py:188} INFO - [2026-01-08T16:29:28.062+0000] {dagbag.py:538} INFO - Filling up the DagBag from /opt/airflow/dags/dag1_csv_to_postgres.py
[2026-01-08T16:29:29.090+0000] {processor.py:840} INFO - DAG(s) 'csv_to_postgres_ingestion' retrieved from /opt/airflow/dags/dag1_csv_to_postgres.py
[2026-01-08T16:29:29.137+0000] {logging_mixin.py:188} INFO - [2026-01-08T16:29:29.137+0000] {dag.py:3036} INFO - Sync 1 DAGs
[2026-01-08T16:29:29.182+0000] {logging_mixin.py:188} INFO - [2026-01-08T16:29:29.182+0000] {dag.py:3823} INFO - Setting next_dagrun for csv_to_postgres_ingestion to 2026-01-08 00:00:00+00:00, run_after=2026-01-09 00:00:00+00:00
[2026-01-08T16:29:29.313+0000] {processor.py:183} INFO - Processing /opt/airflow/dags/dag1_csv_to_postgres.py took 1.293 seconds
[2026-01-08T16:29:59.998+0000] {processor.py:161} INFO - Started process (PID=758) to work on /opt/airflow/dags/dag1_csv_to_postgres.py
[2026-01-08T16:30:00.000+0000] {processor.py:830} INFO - Processing file /opt/airflow/dags/dag1_csv_to_postgres.py for tasks to queue
[2026-01-08T16:30:00.002+0000] {logging_mixin.py:188} INFO - [2026-01-08T16:30:00.002+0000] {dagbag.py:538} INFO - Filling up the DagBag from /opt/airflow/dags/dag1_csv_to_postgres.py
[2026-01-08T16:30:00.894+0000] {processor.py:840} INFO - DAG(s) 'csv_to_postgres_ingestion' retrieved from /opt/airflow/dags/dag1_csv_to_postgres.py
[2026-01-08T16:30:00.991+0000] {logging_mixin.py:188} INFO - [2026-01-08T16:30:00.990+0000] {dag.py:3036} INFO - Sync 1 DAGs
[2026-01-08T16:30:01.049+0000] {logging_mixin.py:188} INFO - [2026-01-08T16:30:01.048+0000] {dag.py:3823} INFO - Setting next_dagrun for csv_to_postgres_ingestion to 2026-01-08 00:00:00+00:00, run_after=2026-01-09 00:00:00+00:00
[2026-01-08T16:30:01.088+0000] {processor.py:183} INFO - Processing /opt/airflow/dags/dag1_csv_to_postgres.py took 1.096 seconds
[2026-01-08T16:30:31.709+0000] {processor.py:161} INFO - Started process (PID=764) to work on /opt/airflow/dags/dag1_csv_to_postgres.py
[2026-01-08T16:30:31.715+0000] {processor.py:830} INFO - Processing file /opt/airflow/dags/dag1_csv_to_postgres.py for tasks to queue
[2026-01-08T16:30:31.721+0000] {logging_mixin.py:188} INFO - [2026-01-08T16:30:31.720+0000] {dagbag.py:538} INFO - Filling up the DagBag from /opt/airflow/dags/dag1_csv_to_postgres.py
[2026-01-08T16:30:32.720+0000] {processor.py:840} INFO - DAG(s) 'csv_to_postgres_ingestion' retrieved from /opt/airflow/dags/dag1_csv_to_postgres.py
[2026-01-08T16:30:32.839+0000] {logging_mixin.py:188} INFO - [2026-01-08T16:30:32.838+0000] {dag.py:3036} INFO - Sync 1 DAGs
[2026-01-08T16:30:32.906+0000] {logging_mixin.py:188} INFO - [2026-01-08T16:30:32.905+0000] {dag.py:3823} INFO - Setting next_dagrun for csv_to_postgres_ingestion to 2026-01-08 00:00:00+00:00, run_after=2026-01-09 00:00:00+00:00
[2026-01-08T16:30:33.587+0000] {processor.py:183} INFO - Processing /opt/airflow/dags/dag1_csv_to_postgres.py took 1.895 seconds
[2026-01-08T16:31:04.233+0000] {processor.py:161} INFO - Started process (PID=770) to work on /opt/airflow/dags/dag1_csv_to_postgres.py
[2026-01-08T16:31:04.240+0000] {processor.py:830} INFO - Processing file /opt/airflow/dags/dag1_csv_to_postgres.py for tasks to queue
[2026-01-08T16:31:04.246+0000] {logging_mixin.py:188} INFO - [2026-01-08T16:31:04.244+0000] {dagbag.py:538} INFO - Filling up the DagBag from /opt/airflow/dags/dag1_csv_to_postgres.py
[2026-01-08T16:31:04.987+0000] {processor.py:840} INFO - DAG(s) 'csv_to_postgres_ingestion' retrieved from /opt/airflow/dags/dag1_csv_to_postgres.py
[2026-01-08T16:31:05.039+0000] {logging_mixin.py:188} INFO - [2026-01-08T16:31:05.038+0000] {dag.py:3036} INFO - Sync 1 DAGs
[2026-01-08T16:31:05.404+0000] {logging_mixin.py:188} INFO - [2026-01-08T16:31:05.404+0000] {dag.py:3823} INFO - Setting next_dagrun for csv_to_postgres_ingestion to 2026-01-08 00:00:00+00:00, run_after=2026-01-09 00:00:00+00:00
[2026-01-08T16:31:05.525+0000] {processor.py:183} INFO - Processing /opt/airflow/dags/dag1_csv_to_postgres.py took 1.309 seconds
[2026-01-08T16:31:36.073+0000] {processor.py:161} INFO - Started process (PID=776) to work on /opt/airflow/dags/dag1_csv_to_postgres.py
[2026-01-08T16:31:36.080+0000] {processor.py:830} INFO - Processing file /opt/airflow/dags/dag1_csv_to_postgres.py for tasks to queue
[2026-01-08T16:31:36.088+0000] {logging_mixin.py:188} INFO - [2026-01-08T16:31:36.085+0000] {dagbag.py:538} INFO - Filling up the DagBag from /opt/airflow/dags/dag1_csv_to_postgres.py
[2026-01-08T16:31:37.114+0000] {processor.py:840} INFO - DAG(s) 'csv_to_postgres_ingestion' retrieved from /opt/airflow/dags/dag1_csv_to_postgres.py
[2026-01-08T16:31:37.190+0000] {logging_mixin.py:188} INFO - [2026-01-08T16:31:37.190+0000] {dag.py:3036} INFO - Sync 1 DAGs
[2026-01-08T16:31:37.470+0000] {logging_mixin.py:188} INFO - [2026-01-08T16:31:37.469+0000] {dag.py:3823} INFO - Setting next_dagrun for csv_to_postgres_ingestion to 2026-01-08 00:00:00+00:00, run_after=2026-01-09 00:00:00+00:00
[2026-01-08T16:31:37.588+0000] {processor.py:183} INFO - Processing /opt/airflow/dags/dag1_csv_to_postgres.py took 1.542 seconds
[2026-01-08T16:32:08.356+0000] {processor.py:161} INFO - Started process (PID=782) to work on /opt/airflow/dags/dag1_csv_to_postgres.py
[2026-01-08T16:32:08.362+0000] {processor.py:830} INFO - Processing file /opt/airflow/dags/dag1_csv_to_postgres.py for tasks to queue
[2026-01-08T16:32:08.367+0000] {logging_mixin.py:188} INFO - [2026-01-08T16:32:08.365+0000] {dagbag.py:538} INFO - Filling up the DagBag from /opt/airflow/dags/dag1_csv_to_postgres.py
[2026-01-08T16:32:09.140+0000] {processor.py:840} INFO - DAG(s) 'csv_to_postgres_ingestion' retrieved from /opt/airflow/dags/dag1_csv_to_postgres.py
[2026-01-08T16:32:09.211+0000] {logging_mixin.py:188} INFO - [2026-01-08T16:32:09.210+0000] {dag.py:3036} INFO - Sync 1 DAGs
[2026-01-08T16:32:09.286+0000] {logging_mixin.py:188} INFO - [2026-01-08T16:32:09.285+0000] {dag.py:3823} INFO - Setting next_dagrun for csv_to_postgres_ingestion to 2026-01-08 00:00:00+00:00, run_after=2026-01-09 00:00:00+00:00
[2026-01-08T16:32:09.433+0000] {processor.py:183} INFO - Processing /opt/airflow/dags/dag1_csv_to_postgres.py took 1.094 seconds
[2026-01-08T16:32:39.957+0000] {processor.py:161} INFO - Started process (PID=788) to work on /opt/airflow/dags/dag1_csv_to_postgres.py
[2026-01-08T16:32:39.964+0000] {processor.py:830} INFO - Processing file /opt/airflow/dags/dag1_csv_to_postgres.py for tasks to queue
[2026-01-08T16:32:39.970+0000] {logging_mixin.py:188} INFO - [2026-01-08T16:32:39.968+0000] {dagbag.py:538} INFO - Filling up the DagBag from /opt/airflow/dags/dag1_csv_to_postgres.py
[2026-01-08T16:32:40.811+0000] {processor.py:840} INFO - DAG(s) 'csv_to_postgres_ingestion' retrieved from /opt/airflow/dags/dag1_csv_to_postgres.py
[2026-01-08T16:32:40.868+0000] {logging_mixin.py:188} INFO - [2026-01-08T16:32:40.867+0000] {dag.py:3036} INFO - Sync 1 DAGs
[2026-01-08T16:32:40.916+0000] {logging_mixin.py:188} INFO - [2026-01-08T16:32:40.915+0000] {dag.py:3823} INFO - Setting next_dagrun for csv_to_postgres_ingestion to 2026-01-08 00:00:00+00:00, run_after=2026-01-09 00:00:00+00:00
[2026-01-08T16:32:40.955+0000] {processor.py:183} INFO - Processing /opt/airflow/dags/dag1_csv_to_postgres.py took 1.018 seconds
[2026-01-08T16:33:11.424+0000] {processor.py:161} INFO - Started process (PID=794) to work on /opt/airflow/dags/dag1_csv_to_postgres.py
[2026-01-08T16:33:11.427+0000] {processor.py:830} INFO - Processing file /opt/airflow/dags/dag1_csv_to_postgres.py for tasks to queue
[2026-01-08T16:33:11.430+0000] {logging_mixin.py:188} INFO - [2026-01-08T16:33:11.429+0000] {dagbag.py:538} INFO - Filling up the DagBag from /opt/airflow/dags/dag1_csv_to_postgres.py
[2026-01-08T16:33:12.238+0000] {processor.py:840} INFO - DAG(s) 'csv_to_postgres_ingestion' retrieved from /opt/airflow/dags/dag1_csv_to_postgres.py
[2026-01-08T16:33:12.297+0000] {logging_mixin.py:188} INFO - [2026-01-08T16:33:12.296+0000] {dag.py:3036} INFO - Sync 1 DAGs
[2026-01-08T16:33:12.361+0000] {logging_mixin.py:188} INFO - [2026-01-08T16:33:12.360+0000] {dag.py:3823} INFO - Setting next_dagrun for csv_to_postgres_ingestion to 2026-01-08 00:00:00+00:00, run_after=2026-01-09 00:00:00+00:00
[2026-01-08T16:33:12.812+0000] {processor.py:183} INFO - Processing /opt/airflow/dags/dag1_csv_to_postgres.py took 1.398 seconds
[2026-01-08T16:33:43.163+0000] {processor.py:161} INFO - Started process (PID=800) to work on /opt/airflow/dags/dag1_csv_to_postgres.py
[2026-01-08T16:33:43.167+0000] {processor.py:830} INFO - Processing file /opt/airflow/dags/dag1_csv_to_postgres.py for tasks to queue
[2026-01-08T16:33:43.173+0000] {logging_mixin.py:188} INFO - [2026-01-08T16:33:43.171+0000] {dagbag.py:538} INFO - Filling up the DagBag from /opt/airflow/dags/dag1_csv_to_postgres.py
[2026-01-08T16:33:43.924+0000] {processor.py:840} INFO - DAG(s) 'csv_to_postgres_ingestion' retrieved from /opt/airflow/dags/dag1_csv_to_postgres.py
[2026-01-08T16:33:43.994+0000] {logging_mixin.py:188} INFO - [2026-01-08T16:33:43.993+0000] {dag.py:3036} INFO - Sync 1 DAGs
[2026-01-08T16:33:44.055+0000] {logging_mixin.py:188} INFO - [2026-01-08T16:33:44.055+0000] {dag.py:3823} INFO - Setting next_dagrun for csv_to_postgres_ingestion to 2026-01-08 00:00:00+00:00, run_after=2026-01-09 00:00:00+00:00
[2026-01-08T16:33:44.401+0000] {processor.py:183} INFO - Processing /opt/airflow/dags/dag1_csv_to_postgres.py took 1.254 seconds
[2026-01-08T16:34:15.032+0000] {processor.py:161} INFO - Started process (PID=806) to work on /opt/airflow/dags/dag1_csv_to_postgres.py
[2026-01-08T16:34:15.038+0000] {processor.py:830} INFO - Processing file /opt/airflow/dags/dag1_csv_to_postgres.py for tasks to queue
[2026-01-08T16:34:15.043+0000] {logging_mixin.py:188} INFO - [2026-01-08T16:34:15.042+0000] {dagbag.py:538} INFO - Filling up the DagBag from /opt/airflow/dags/dag1_csv_to_postgres.py
[2026-01-08T16:34:15.807+0000] {processor.py:840} INFO - DAG(s) 'csv_to_postgres_ingestion' retrieved from /opt/airflow/dags/dag1_csv_to_postgres.py
[2026-01-08T16:34:15.883+0000] {logging_mixin.py:188} INFO - [2026-01-08T16:34:15.882+0000] {dag.py:3036} INFO - Sync 1 DAGs
[2026-01-08T16:34:16.225+0000] {logging_mixin.py:188} INFO - [2026-01-08T16:34:16.224+0000] {dag.py:3823} INFO - Setting next_dagrun for csv_to_postgres_ingestion to 2026-01-08 00:00:00+00:00, run_after=2026-01-09 00:00:00+00:00
[2026-01-08T16:34:16.307+0000] {processor.py:183} INFO - Processing /opt/airflow/dags/dag1_csv_to_postgres.py took 1.294 seconds
[2026-01-08T16:34:46.524+0000] {processor.py:161} INFO - Started process (PID=812) to work on /opt/airflow/dags/dag1_csv_to_postgres.py
[2026-01-08T16:34:46.528+0000] {processor.py:830} INFO - Processing file /opt/airflow/dags/dag1_csv_to_postgres.py for tasks to queue
[2026-01-08T16:34:46.531+0000] {logging_mixin.py:188} INFO - [2026-01-08T16:34:46.530+0000] {dagbag.py:538} INFO - Filling up the DagBag from /opt/airflow/dags/dag1_csv_to_postgres.py
[2026-01-08T16:34:47.223+0000] {processor.py:840} INFO - DAG(s) 'csv_to_postgres_ingestion' retrieved from /opt/airflow/dags/dag1_csv_to_postgres.py
[2026-01-08T16:34:47.298+0000] {logging_mixin.py:188} INFO - [2026-01-08T16:34:47.297+0000] {dag.py:3036} INFO - Sync 1 DAGs
[2026-01-08T16:34:47.660+0000] {logging_mixin.py:188} INFO - [2026-01-08T16:34:47.660+0000] {dag.py:3823} INFO - Setting next_dagrun for csv_to_postgres_ingestion to 2026-01-08 00:00:00+00:00, run_after=2026-01-09 00:00:00+00:00
[2026-01-08T16:34:47.735+0000] {processor.py:183} INFO - Processing /opt/airflow/dags/dag1_csv_to_postgres.py took 1.219 seconds
[2026-01-08T16:35:18.280+0000] {processor.py:161} INFO - Started process (PID=818) to work on /opt/airflow/dags/dag1_csv_to_postgres.py
[2026-01-08T16:35:18.284+0000] {processor.py:830} INFO - Processing file /opt/airflow/dags/dag1_csv_to_postgres.py for tasks to queue
[2026-01-08T16:35:18.287+0000] {logging_mixin.py:188} INFO - [2026-01-08T16:35:18.286+0000] {dagbag.py:538} INFO - Filling up the DagBag from /opt/airflow/dags/dag1_csv_to_postgres.py
[2026-01-08T16:35:18.951+0000] {processor.py:840} INFO - DAG(s) 'csv_to_postgres_ingestion' retrieved from /opt/airflow/dags/dag1_csv_to_postgres.py
[2026-01-08T16:35:19.021+0000] {logging_mixin.py:188} INFO - [2026-01-08T16:35:19.020+0000] {dag.py:3036} INFO - Sync 1 DAGs
[2026-01-08T16:35:19.101+0000] {logging_mixin.py:188} INFO - [2026-01-08T16:35:19.101+0000] {dag.py:3823} INFO - Setting next_dagrun for csv_to_postgres_ingestion to 2026-01-08 00:00:00+00:00, run_after=2026-01-09 00:00:00+00:00
[2026-01-08T16:35:19.163+0000] {processor.py:183} INFO - Processing /opt/airflow/dags/dag1_csv_to_postgres.py took 0.893 seconds
[2026-01-08T16:35:49.666+0000] {processor.py:161} INFO - Started process (PID=824) to work on /opt/airflow/dags/dag1_csv_to_postgres.py
[2026-01-08T16:35:49.670+0000] {processor.py:830} INFO - Processing file /opt/airflow/dags/dag1_csv_to_postgres.py for tasks to queue
[2026-01-08T16:35:49.673+0000] {logging_mixin.py:188} INFO - [2026-01-08T16:35:49.672+0000] {dagbag.py:538} INFO - Filling up the DagBag from /opt/airflow/dags/dag1_csv_to_postgres.py
[2026-01-08T16:35:50.511+0000] {processor.py:840} INFO - DAG(s) 'csv_to_postgres_ingestion' retrieved from /opt/airflow/dags/dag1_csv_to_postgres.py
[2026-01-08T16:35:50.574+0000] {logging_mixin.py:188} INFO - [2026-01-08T16:35:50.573+0000] {dag.py:3036} INFO - Sync 1 DAGs
[2026-01-08T16:35:50.655+0000] {logging_mixin.py:188} INFO - [2026-01-08T16:35:50.654+0000] {dag.py:3823} INFO - Setting next_dagrun for csv_to_postgres_ingestion to 2026-01-08 00:00:00+00:00, run_after=2026-01-09 00:00:00+00:00
[2026-01-08T16:35:50.748+0000] {processor.py:183} INFO - Processing /opt/airflow/dags/dag1_csv_to_postgres.py took 1.091 seconds
[2026-01-08T16:36:21.081+0000] {processor.py:161} INFO - Started process (PID=830) to work on /opt/airflow/dags/dag1_csv_to_postgres.py
[2026-01-08T16:36:21.085+0000] {processor.py:830} INFO - Processing file /opt/airflow/dags/dag1_csv_to_postgres.py for tasks to queue
[2026-01-08T16:36:21.088+0000] {logging_mixin.py:188} INFO - [2026-01-08T16:36:21.087+0000] {dagbag.py:538} INFO - Filling up the DagBag from /opt/airflow/dags/dag1_csv_to_postgres.py
[2026-01-08T16:36:21.824+0000] {processor.py:840} INFO - DAG(s) 'csv_to_postgres_ingestion' retrieved from /opt/airflow/dags/dag1_csv_to_postgres.py
[2026-01-08T16:36:21.897+0000] {logging_mixin.py:188} INFO - [2026-01-08T16:36:21.896+0000] {dag.py:3036} INFO - Sync 1 DAGs
[2026-01-08T16:36:21.963+0000] {logging_mixin.py:188} INFO - [2026-01-08T16:36:21.963+0000] {dag.py:3823} INFO - Setting next_dagrun for csv_to_postgres_ingestion to 2026-01-08 00:00:00+00:00, run_after=2026-01-09 00:00:00+00:00
[2026-01-08T16:36:22.409+0000] {processor.py:183} INFO - Processing /opt/airflow/dags/dag1_csv_to_postgres.py took 1.339 seconds
[2026-01-08T16:36:52.731+0000] {processor.py:161} INFO - Started process (PID=836) to work on /opt/airflow/dags/dag1_csv_to_postgres.py
[2026-01-08T16:36:52.738+0000] {processor.py:830} INFO - Processing file /opt/airflow/dags/dag1_csv_to_postgres.py for tasks to queue
[2026-01-08T16:36:52.747+0000] {logging_mixin.py:188} INFO - [2026-01-08T16:36:52.744+0000] {dagbag.py:538} INFO - Filling up the DagBag from /opt/airflow/dags/dag1_csv_to_postgres.py
[2026-01-08T16:36:53.717+0000] {processor.py:840} INFO - DAG(s) 'csv_to_postgres_ingestion' retrieved from /opt/airflow/dags/dag1_csv_to_postgres.py
[2026-01-08T16:36:53.774+0000] {logging_mixin.py:188} INFO - [2026-01-08T16:36:53.773+0000] {dag.py:3036} INFO - Sync 1 DAGs
[2026-01-08T16:36:54.162+0000] {logging_mixin.py:188} INFO - [2026-01-08T16:36:54.162+0000] {dag.py:3823} INFO - Setting next_dagrun for csv_to_postgres_ingestion to 2026-01-08 00:00:00+00:00, run_after=2026-01-09 00:00:00+00:00
[2026-01-08T16:36:54.288+0000] {processor.py:183} INFO - Processing /opt/airflow/dags/dag1_csv_to_postgres.py took 1.585 seconds
[2026-01-08T16:37:24.865+0000] {processor.py:161} INFO - Started process (PID=842) to work on /opt/airflow/dags/dag1_csv_to_postgres.py
[2026-01-08T16:37:24.869+0000] {processor.py:830} INFO - Processing file /opt/airflow/dags/dag1_csv_to_postgres.py for tasks to queue
[2026-01-08T16:37:24.873+0000] {logging_mixin.py:188} INFO - [2026-01-08T16:37:24.872+0000] {dagbag.py:538} INFO - Filling up the DagBag from /opt/airflow/dags/dag1_csv_to_postgres.py
[2026-01-08T16:37:25.705+0000] {processor.py:840} INFO - DAG(s) 'csv_to_postgres_ingestion' retrieved from /opt/airflow/dags/dag1_csv_to_postgres.py
[2026-01-08T16:37:25.755+0000] {logging_mixin.py:188} INFO - [2026-01-08T16:37:25.754+0000] {dag.py:3036} INFO - Sync 1 DAGs
[2026-01-08T16:37:26.069+0000] {logging_mixin.py:188} INFO - [2026-01-08T16:37:26.068+0000] {dag.py:3823} INFO - Setting next_dagrun for csv_to_postgres_ingestion to 2026-01-08 00:00:00+00:00, run_after=2026-01-09 00:00:00+00:00
[2026-01-08T16:37:26.118+0000] {processor.py:183} INFO - Processing /opt/airflow/dags/dag1_csv_to_postgres.py took 1.267 seconds
[2026-01-08T16:37:56.352+0000] {processor.py:161} INFO - Started process (PID=848) to work on /opt/airflow/dags/dag1_csv_to_postgres.py
[2026-01-08T16:37:56.355+0000] {processor.py:830} INFO - Processing file /opt/airflow/dags/dag1_csv_to_postgres.py for tasks to queue
[2026-01-08T16:37:56.357+0000] {logging_mixin.py:188} INFO - [2026-01-08T16:37:56.357+0000] {dagbag.py:538} INFO - Filling up the DagBag from /opt/airflow/dags/dag1_csv_to_postgres.py
[2026-01-08T16:37:57.183+0000] {processor.py:840} INFO - DAG(s) 'csv_to_postgres_ingestion' retrieved from /opt/airflow/dags/dag1_csv_to_postgres.py
[2026-01-08T16:37:57.247+0000] {logging_mixin.py:188} INFO - [2026-01-08T16:37:57.246+0000] {dag.py:3036} INFO - Sync 1 DAGs
[2026-01-08T16:37:57.308+0000] {logging_mixin.py:188} INFO - [2026-01-08T16:37:57.307+0000] {dag.py:3823} INFO - Setting next_dagrun for csv_to_postgres_ingestion to 2026-01-08 00:00:00+00:00, run_after=2026-01-09 00:00:00+00:00
[2026-01-08T16:37:57.363+0000] {processor.py:183} INFO - Processing /opt/airflow/dags/dag1_csv_to_postgres.py took 1.020 seconds
[2026-01-08T16:38:27.922+0000] {processor.py:161} INFO - Started process (PID=854) to work on /opt/airflow/dags/dag1_csv_to_postgres.py
[2026-01-08T16:38:27.927+0000] {processor.py:830} INFO - Processing file /opt/airflow/dags/dag1_csv_to_postgres.py for tasks to queue
[2026-01-08T16:38:27.931+0000] {logging_mixin.py:188} INFO - [2026-01-08T16:38:27.930+0000] {dagbag.py:538} INFO - Filling up the DagBag from /opt/airflow/dags/dag1_csv_to_postgres.py
[2026-01-08T16:38:28.816+0000] {processor.py:840} INFO - DAG(s) 'csv_to_postgres_ingestion' retrieved from /opt/airflow/dags/dag1_csv_to_postgres.py
[2026-01-08T16:38:28.893+0000] {logging_mixin.py:188} INFO - [2026-01-08T16:38:28.892+0000] {dag.py:3036} INFO - Sync 1 DAGs
[2026-01-08T16:38:28.967+0000] {logging_mixin.py:188} INFO - [2026-01-08T16:38:28.967+0000] {dag.py:3823} INFO - Setting next_dagrun for csv_to_postgres_ingestion to 2026-01-08 00:00:00+00:00, run_after=2026-01-09 00:00:00+00:00
[2026-01-08T16:38:29.016+0000] {processor.py:183} INFO - Processing /opt/airflow/dags/dag1_csv_to_postgres.py took 1.109 seconds
[2026-01-08T16:38:59.204+0000] {processor.py:161} INFO - Started process (PID=860) to work on /opt/airflow/dags/dag1_csv_to_postgres.py
[2026-01-08T16:38:59.209+0000] {processor.py:830} INFO - Processing file /opt/airflow/dags/dag1_csv_to_postgres.py for tasks to queue
[2026-01-08T16:38:59.214+0000] {logging_mixin.py:188} INFO - [2026-01-08T16:38:59.212+0000] {dagbag.py:538} INFO - Filling up the DagBag from /opt/airflow/dags/dag1_csv_to_postgres.py
[2026-01-08T16:38:59.939+0000] {processor.py:840} INFO - DAG(s) 'csv_to_postgres_ingestion' retrieved from /opt/airflow/dags/dag1_csv_to_postgres.py
[2026-01-08T16:38:59.987+0000] {logging_mixin.py:188} INFO - [2026-01-08T16:38:59.986+0000] {dag.py:3036} INFO - Sync 1 DAGs
[2026-01-08T16:39:00.049+0000] {logging_mixin.py:188} INFO - [2026-01-08T16:39:00.048+0000] {dag.py:3823} INFO - Setting next_dagrun for csv_to_postgres_ingestion to 2026-01-08 00:00:00+00:00, run_after=2026-01-09 00:00:00+00:00
[2026-01-08T16:39:00.456+0000] {processor.py:183} INFO - Processing /opt/airflow/dags/dag1_csv_to_postgres.py took 1.270 seconds
[2026-01-08T16:39:30.916+0000] {processor.py:161} INFO - Started process (PID=866) to work on /opt/airflow/dags/dag1_csv_to_postgres.py
[2026-01-08T16:39:30.919+0000] {processor.py:830} INFO - Processing file /opt/airflow/dags/dag1_csv_to_postgres.py for tasks to queue
[2026-01-08T16:39:30.922+0000] {logging_mixin.py:188} INFO - [2026-01-08T16:39:30.921+0000] {dagbag.py:538} INFO - Filling up the DagBag from /opt/airflow/dags/dag1_csv_to_postgres.py
[2026-01-08T16:39:31.925+0000] {processor.py:840} INFO - DAG(s) 'csv_to_postgres_ingestion' retrieved from /opt/airflow/dags/dag1_csv_to_postgres.py
[2026-01-08T16:39:31.992+0000] {logging_mixin.py:188} INFO - [2026-01-08T16:39:31.991+0000] {dag.py:3036} INFO - Sync 1 DAGs
[2026-01-08T16:39:32.344+0000] {logging_mixin.py:188} INFO - [2026-01-08T16:39:32.344+0000] {dag.py:3823} INFO - Setting next_dagrun for csv_to_postgres_ingestion to 2026-01-08 00:00:00+00:00, run_after=2026-01-09 00:00:00+00:00
[2026-01-08T16:39:32.398+0000] {processor.py:183} INFO - Processing /opt/airflow/dags/dag1_csv_to_postgres.py took 1.493 seconds
[2026-01-08T16:40:02.762+0000] {processor.py:161} INFO - Started process (PID=872) to work on /opt/airflow/dags/dag1_csv_to_postgres.py
[2026-01-08T16:40:02.774+0000] {processor.py:830} INFO - Processing file /opt/airflow/dags/dag1_csv_to_postgres.py for tasks to queue
[2026-01-08T16:40:02.796+0000] {logging_mixin.py:188} INFO - [2026-01-08T16:40:02.795+0000] {dagbag.py:538} INFO - Filling up the DagBag from /opt/airflow/dags/dag1_csv_to_postgres.py
[2026-01-08T16:40:03.623+0000] {processor.py:840} INFO - DAG(s) 'csv_to_postgres_ingestion' retrieved from /opt/airflow/dags/dag1_csv_to_postgres.py
[2026-01-08T16:40:03.697+0000] {logging_mixin.py:188} INFO - [2026-01-08T16:40:03.696+0000] {dag.py:3036} INFO - Sync 1 DAGs
[2026-01-08T16:40:04.065+0000] {logging_mixin.py:188} INFO - [2026-01-08T16:40:04.064+0000] {dag.py:3823} INFO - Setting next_dagrun for csv_to_postgres_ingestion to 2026-01-08 00:00:00+00:00, run_after=2026-01-09 00:00:00+00:00
[2026-01-08T16:40:04.178+0000] {processor.py:183} INFO - Processing /opt/airflow/dags/dag1_csv_to_postgres.py took 1.486 seconds
[2026-01-08T16:40:34.772+0000] {processor.py:161} INFO - Started process (PID=878) to work on /opt/airflow/dags/dag1_csv_to_postgres.py
[2026-01-08T16:40:34.776+0000] {processor.py:830} INFO - Processing file /opt/airflow/dags/dag1_csv_to_postgres.py for tasks to queue
[2026-01-08T16:40:34.779+0000] {logging_mixin.py:188} INFO - [2026-01-08T16:40:34.778+0000] {dagbag.py:538} INFO - Filling up the DagBag from /opt/airflow/dags/dag1_csv_to_postgres.py
[2026-01-08T16:40:35.651+0000] {processor.py:840} INFO - DAG(s) 'csv_to_postgres_ingestion' retrieved from /opt/airflow/dags/dag1_csv_to_postgres.py
[2026-01-08T16:40:35.736+0000] {logging_mixin.py:188} INFO - [2026-01-08T16:40:35.735+0000] {dag.py:3036} INFO - Sync 1 DAGs
[2026-01-08T16:40:36.228+0000] {logging_mixin.py:188} INFO - [2026-01-08T16:40:36.227+0000] {dag.py:3823} INFO - Setting next_dagrun for csv_to_postgres_ingestion to 2026-01-08 00:00:00+00:00, run_after=2026-01-09 00:00:00+00:00
[2026-01-08T16:40:36.276+0000] {processor.py:183} INFO - Processing /opt/airflow/dags/dag1_csv_to_postgres.py took 1.516 seconds
[2026-01-08T16:41:06.868+0000] {processor.py:161} INFO - Started process (PID=884) to work on /opt/airflow/dags/dag1_csv_to_postgres.py
[2026-01-08T16:41:06.871+0000] {processor.py:830} INFO - Processing file /opt/airflow/dags/dag1_csv_to_postgres.py for tasks to queue
[2026-01-08T16:41:06.873+0000] {logging_mixin.py:188} INFO - [2026-01-08T16:41:06.873+0000] {dagbag.py:538} INFO - Filling up the DagBag from /opt/airflow/dags/dag1_csv_to_postgres.py
[2026-01-08T16:41:07.489+0000] {processor.py:840} INFO - DAG(s) 'csv_to_postgres_ingestion' retrieved from /opt/airflow/dags/dag1_csv_to_postgres.py
[2026-01-08T16:41:07.522+0000] {logging_mixin.py:188} INFO - [2026-01-08T16:41:07.521+0000] {dag.py:3036} INFO - Sync 1 DAGs
[2026-01-08T16:41:07.585+0000] {logging_mixin.py:188} INFO - [2026-01-08T16:41:07.584+0000] {dag.py:3823} INFO - Setting next_dagrun for csv_to_postgres_ingestion to 2026-01-08 00:00:00+00:00, run_after=2026-01-09 00:00:00+00:00
[2026-01-08T16:41:07.712+0000] {processor.py:183} INFO - Processing /opt/airflow/dags/dag1_csv_to_postgres.py took 0.864 seconds
[2026-01-08T16:41:37.973+0000] {processor.py:161} INFO - Started process (PID=890) to work on /opt/airflow/dags/dag1_csv_to_postgres.py
[2026-01-08T16:41:37.976+0000] {processor.py:830} INFO - Processing file /opt/airflow/dags/dag1_csv_to_postgres.py for tasks to queue
[2026-01-08T16:41:37.980+0000] {logging_mixin.py:188} INFO - [2026-01-08T16:41:37.979+0000] {dagbag.py:538} INFO - Filling up the DagBag from /opt/airflow/dags/dag1_csv_to_postgres.py
[2026-01-08T16:41:38.823+0000] {processor.py:840} INFO - DAG(s) 'csv_to_postgres_ingestion' retrieved from /opt/airflow/dags/dag1_csv_to_postgres.py
[2026-01-08T16:41:39.364+0000] {logging_mixin.py:188} INFO - [2026-01-08T16:41:39.363+0000] {dag.py:3036} INFO - Sync 1 DAGs
[2026-01-08T16:41:39.413+0000] {logging_mixin.py:188} INFO - [2026-01-08T16:41:39.412+0000] {dag.py:3823} INFO - Setting next_dagrun for csv_to_postgres_ingestion to 2026-01-08 00:00:00+00:00, run_after=2026-01-09 00:00:00+00:00
[2026-01-08T16:41:39.519+0000] {processor.py:183} INFO - Processing /opt/airflow/dags/dag1_csv_to_postgres.py took 1.559 seconds
[2026-01-08T16:42:09.953+0000] {processor.py:161} INFO - Started process (PID=896) to work on /opt/airflow/dags/dag1_csv_to_postgres.py
[2026-01-08T16:42:09.960+0000] {processor.py:830} INFO - Processing file /opt/airflow/dags/dag1_csv_to_postgres.py for tasks to queue
[2026-01-08T16:42:09.966+0000] {logging_mixin.py:188} INFO - [2026-01-08T16:42:09.964+0000] {dagbag.py:538} INFO - Filling up the DagBag from /opt/airflow/dags/dag1_csv_to_postgres.py
[2026-01-08T16:42:10.940+0000] {processor.py:840} INFO - DAG(s) 'csv_to_postgres_ingestion' retrieved from /opt/airflow/dags/dag1_csv_to_postgres.py
[2026-01-08T16:42:10.981+0000] {logging_mixin.py:188} INFO - [2026-01-08T16:42:10.980+0000] {dag.py:3036} INFO - Sync 1 DAGs
[2026-01-08T16:42:11.068+0000] {logging_mixin.py:188} INFO - [2026-01-08T16:42:11.067+0000] {dag.py:3823} INFO - Setting next_dagrun for csv_to_postgres_ingestion to 2026-01-08 00:00:00+00:00, run_after=2026-01-09 00:00:00+00:00
[2026-01-08T16:42:11.588+0000] {processor.py:183} INFO - Processing /opt/airflow/dags/dag1_csv_to_postgres.py took 1.655 seconds
[2026-01-08T16:42:42.248+0000] {processor.py:161} INFO - Started process (PID=902) to work on /opt/airflow/dags/dag1_csv_to_postgres.py
[2026-01-08T16:42:42.252+0000] {processor.py:830} INFO - Processing file /opt/airflow/dags/dag1_csv_to_postgres.py for tasks to queue
[2026-01-08T16:42:42.256+0000] {logging_mixin.py:188} INFO - [2026-01-08T16:42:42.255+0000] {dagbag.py:538} INFO - Filling up the DagBag from /opt/airflow/dags/dag1_csv_to_postgres.py
[2026-01-08T16:42:42.891+0000] {processor.py:840} INFO - DAG(s) 'csv_to_postgres_ingestion' retrieved from /opt/airflow/dags/dag1_csv_to_postgres.py
[2026-01-08T16:42:42.962+0000] {logging_mixin.py:188} INFO - [2026-01-08T16:42:42.962+0000] {dag.py:3036} INFO - Sync 1 DAGs
[2026-01-08T16:42:43.301+0000] {logging_mixin.py:188} INFO - [2026-01-08T16:42:43.300+0000] {dag.py:3823} INFO - Setting next_dagrun for csv_to_postgres_ingestion to 2026-01-08 00:00:00+00:00, run_after=2026-01-09 00:00:00+00:00
[2026-01-08T16:42:43.432+0000] {processor.py:183} INFO - Processing /opt/airflow/dags/dag1_csv_to_postgres.py took 1.196 seconds
[2026-01-08T16:43:13.875+0000] {processor.py:161} INFO - Started process (PID=908) to work on /opt/airflow/dags/dag1_csv_to_postgres.py
[2026-01-08T16:43:13.880+0000] {processor.py:830} INFO - Processing file /opt/airflow/dags/dag1_csv_to_postgres.py for tasks to queue
[2026-01-08T16:43:13.886+0000] {logging_mixin.py:188} INFO - [2026-01-08T16:43:13.884+0000] {dagbag.py:538} INFO - Filling up the DagBag from /opt/airflow/dags/dag1_csv_to_postgres.py
[2026-01-08T16:43:14.664+0000] {processor.py:840} INFO - DAG(s) 'csv_to_postgres_ingestion' retrieved from /opt/airflow/dags/dag1_csv_to_postgres.py
[2026-01-08T16:43:14.722+0000] {logging_mixin.py:188} INFO - [2026-01-08T16:43:14.721+0000] {dag.py:3036} INFO - Sync 1 DAGs
[2026-01-08T16:43:15.060+0000] {logging_mixin.py:188} INFO - [2026-01-08T16:43:15.059+0000] {dag.py:3823} INFO - Setting next_dagrun for csv_to_postgres_ingestion to 2026-01-08 00:00:00+00:00, run_after=2026-01-09 00:00:00+00:00
[2026-01-08T16:43:15.148+0000] {processor.py:183} INFO - Processing /opt/airflow/dags/dag1_csv_to_postgres.py took 1.291 seconds
[2026-01-08T16:43:45.648+0000] {processor.py:161} INFO - Started process (PID=914) to work on /opt/airflow/dags/dag1_csv_to_postgres.py
[2026-01-08T16:43:45.651+0000] {processor.py:830} INFO - Processing file /opt/airflow/dags/dag1_csv_to_postgres.py for tasks to queue
[2026-01-08T16:43:45.653+0000] {logging_mixin.py:188} INFO - [2026-01-08T16:43:45.653+0000] {dagbag.py:538} INFO - Filling up the DagBag from /opt/airflow/dags/dag1_csv_to_postgres.py
[2026-01-08T16:43:46.332+0000] {processor.py:840} INFO - DAG(s) 'csv_to_postgres_ingestion' retrieved from /opt/airflow/dags/dag1_csv_to_postgres.py
[2026-01-08T16:43:46.814+0000] {logging_mixin.py:188} INFO - [2026-01-08T16:43:46.813+0000] {dag.py:3036} INFO - Sync 1 DAGs
[2026-01-08T16:43:46.897+0000] {logging_mixin.py:188} INFO - [2026-01-08T16:43:46.897+0000] {dag.py:3823} INFO - Setting next_dagrun for csv_to_postgres_ingestion to 2026-01-08 00:00:00+00:00, run_after=2026-01-09 00:00:00+00:00
[2026-01-08T16:43:46.928+0000] {processor.py:183} INFO - Processing /opt/airflow/dags/dag1_csv_to_postgres.py took 1.289 seconds
[2026-01-08T16:44:17.407+0000] {processor.py:161} INFO - Started process (PID=920) to work on /opt/airflow/dags/dag1_csv_to_postgres.py
[2026-01-08T16:44:17.414+0000] {processor.py:830} INFO - Processing file /opt/airflow/dags/dag1_csv_to_postgres.py for tasks to queue
[2026-01-08T16:44:17.422+0000] {logging_mixin.py:188} INFO - [2026-01-08T16:44:17.420+0000] {dagbag.py:538} INFO - Filling up the DagBag from /opt/airflow/dags/dag1_csv_to_postgres.py
[2026-01-08T16:44:18.228+0000] {processor.py:840} INFO - DAG(s) 'csv_to_postgres_ingestion' retrieved from /opt/airflow/dags/dag1_csv_to_postgres.py
[2026-01-08T16:44:18.290+0000] {logging_mixin.py:188} INFO - [2026-01-08T16:44:18.290+0000] {dag.py:3036} INFO - Sync 1 DAGs
[2026-01-08T16:44:18.349+0000] {logging_mixin.py:188} INFO - [2026-01-08T16:44:18.348+0000] {dag.py:3823} INFO - Setting next_dagrun for csv_to_postgres_ingestion to 2026-01-08 00:00:00+00:00, run_after=2026-01-09 00:00:00+00:00
[2026-01-08T16:44:18.470+0000] {processor.py:183} INFO - Processing /opt/airflow/dags/dag1_csv_to_postgres.py took 1.084 seconds
[2026-01-08T16:44:48.996+0000] {processor.py:161} INFO - Started process (PID=926) to work on /opt/airflow/dags/dag1_csv_to_postgres.py
[2026-01-08T16:44:48.999+0000] {processor.py:830} INFO - Processing file /opt/airflow/dags/dag1_csv_to_postgres.py for tasks to queue
[2026-01-08T16:44:49.001+0000] {logging_mixin.py:188} INFO - [2026-01-08T16:44:49.001+0000] {dagbag.py:538} INFO - Filling up the DagBag from /opt/airflow/dags/dag1_csv_to_postgres.py
[2026-01-08T16:44:49.754+0000] {processor.py:840} INFO - DAG(s) 'csv_to_postgres_ingestion' retrieved from /opt/airflow/dags/dag1_csv_to_postgres.py
[2026-01-08T16:44:49.853+0000] {logging_mixin.py:188} INFO - [2026-01-08T16:44:49.851+0000] {dag.py:3036} INFO - Sync 1 DAGs
[2026-01-08T16:44:49.968+0000] {logging_mixin.py:188} INFO - [2026-01-08T16:44:49.967+0000] {dag.py:3823} INFO - Setting next_dagrun for csv_to_postgres_ingestion to 2026-01-08 00:00:00+00:00, run_after=2026-01-09 00:00:00+00:00
[2026-01-08T16:44:50.068+0000] {processor.py:183} INFO - Processing /opt/airflow/dags/dag1_csv_to_postgres.py took 1.082 seconds
[2026-01-08T16:45:20.654+0000] {processor.py:161} INFO - Started process (PID=932) to work on /opt/airflow/dags/dag1_csv_to_postgres.py
[2026-01-08T16:45:20.658+0000] {processor.py:830} INFO - Processing file /opt/airflow/dags/dag1_csv_to_postgres.py for tasks to queue
[2026-01-08T16:45:20.663+0000] {logging_mixin.py:188} INFO - [2026-01-08T16:45:20.662+0000] {dagbag.py:538} INFO - Filling up the DagBag from /opt/airflow/dags/dag1_csv_to_postgres.py
[2026-01-08T16:45:21.438+0000] {processor.py:840} INFO - DAG(s) 'csv_to_postgres_ingestion' retrieved from /opt/airflow/dags/dag1_csv_to_postgres.py
[2026-01-08T16:45:21.503+0000] {logging_mixin.py:188} INFO - [2026-01-08T16:45:21.502+0000] {dag.py:3036} INFO - Sync 1 DAGs
[2026-01-08T16:45:21.546+0000] {logging_mixin.py:188} INFO - [2026-01-08T16:45:21.546+0000] {dag.py:3823} INFO - Setting next_dagrun for csv_to_postgres_ingestion to 2026-01-08 00:00:00+00:00, run_after=2026-01-09 00:00:00+00:00
[2026-01-08T16:45:21.950+0000] {processor.py:183} INFO - Processing /opt/airflow/dags/dag1_csv_to_postgres.py took 1.328 seconds
[2026-01-08T16:45:52.298+0000] {processor.py:161} INFO - Started process (PID=938) to work on /opt/airflow/dags/dag1_csv_to_postgres.py
[2026-01-08T16:45:52.303+0000] {processor.py:830} INFO - Processing file /opt/airflow/dags/dag1_csv_to_postgres.py for tasks to queue
[2026-01-08T16:45:52.309+0000] {logging_mixin.py:188} INFO - [2026-01-08T16:45:52.307+0000] {dagbag.py:538} INFO - Filling up the DagBag from /opt/airflow/dags/dag1_csv_to_postgres.py
[2026-01-08T16:45:53.179+0000] {processor.py:840} INFO - DAG(s) 'csv_to_postgres_ingestion' retrieved from /opt/airflow/dags/dag1_csv_to_postgres.py
[2026-01-08T16:45:53.237+0000] {logging_mixin.py:188} INFO - [2026-01-08T16:45:53.236+0000] {dag.py:3036} INFO - Sync 1 DAGs
[2026-01-08T16:45:53.545+0000] {logging_mixin.py:188} INFO - [2026-01-08T16:45:53.544+0000] {dag.py:3823} INFO - Setting next_dagrun for csv_to_postgres_ingestion to 2026-01-08 00:00:00+00:00, run_after=2026-01-09 00:00:00+00:00
[2026-01-08T16:45:53.678+0000] {processor.py:183} INFO - Processing /opt/airflow/dags/dag1_csv_to_postgres.py took 1.398 seconds
[2026-01-08T16:46:24.156+0000] {processor.py:161} INFO - Started process (PID=944) to work on /opt/airflow/dags/dag1_csv_to_postgres.py
[2026-01-08T16:46:24.161+0000] {processor.py:830} INFO - Processing file /opt/airflow/dags/dag1_csv_to_postgres.py for tasks to queue
[2026-01-08T16:46:24.167+0000] {logging_mixin.py:188} INFO - [2026-01-08T16:46:24.165+0000] {dagbag.py:538} INFO - Filling up the DagBag from /opt/airflow/dags/dag1_csv_to_postgres.py
[2026-01-08T16:46:24.908+0000] {processor.py:840} INFO - DAG(s) 'csv_to_postgres_ingestion' retrieved from /opt/airflow/dags/dag1_csv_to_postgres.py
[2026-01-08T16:46:24.951+0000] {logging_mixin.py:188} INFO - [2026-01-08T16:46:24.951+0000] {dag.py:3036} INFO - Sync 1 DAGs
[2026-01-08T16:46:25.263+0000] {logging_mixin.py:188} INFO - [2026-01-08T16:46:25.262+0000] {dag.py:3823} INFO - Setting next_dagrun for csv_to_postgres_ingestion to 2026-01-08 00:00:00+00:00, run_after=2026-01-09 00:00:00+00:00
[2026-01-08T16:46:25.391+0000] {processor.py:183} INFO - Processing /opt/airflow/dags/dag1_csv_to_postgres.py took 1.253 seconds
[2026-01-08T16:46:56.024+0000] {processor.py:161} INFO - Started process (PID=950) to work on /opt/airflow/dags/dag1_csv_to_postgres.py
[2026-01-08T16:46:56.028+0000] {processor.py:830} INFO - Processing file /opt/airflow/dags/dag1_csv_to_postgres.py for tasks to queue
[2026-01-08T16:46:56.036+0000] {logging_mixin.py:188} INFO - [2026-01-08T16:46:56.034+0000] {dagbag.py:538} INFO - Filling up the DagBag from /opt/airflow/dags/dag1_csv_to_postgres.py
[2026-01-08T16:46:57.037+0000] {processor.py:840} INFO - DAG(s) 'csv_to_postgres_ingestion' retrieved from /opt/airflow/dags/dag1_csv_to_postgres.py
[2026-01-08T16:46:57.098+0000] {logging_mixin.py:188} INFO - [2026-01-08T16:46:57.096+0000] {dag.py:3036} INFO - Sync 1 DAGs
[2026-01-08T16:46:57.176+0000] {logging_mixin.py:188} INFO - [2026-01-08T16:46:57.175+0000] {dag.py:3823} INFO - Setting next_dagrun for csv_to_postgres_ingestion to 2026-01-08 00:00:00+00:00, run_after=2026-01-09 00:00:00+00:00
[2026-01-08T16:46:57.297+0000] {processor.py:183} INFO - Processing /opt/airflow/dags/dag1_csv_to_postgres.py took 1.301 seconds
[2026-01-08T16:47:27.750+0000] {processor.py:161} INFO - Started process (PID=956) to work on /opt/airflow/dags/dag1_csv_to_postgres.py
[2026-01-08T16:47:27.754+0000] {processor.py:830} INFO - Processing file /opt/airflow/dags/dag1_csv_to_postgres.py for tasks to queue
[2026-01-08T16:47:27.757+0000] {logging_mixin.py:188} INFO - [2026-01-08T16:47:27.756+0000] {dagbag.py:538} INFO - Filling up the DagBag from /opt/airflow/dags/dag1_csv_to_postgres.py
[2026-01-08T16:47:28.826+0000] {processor.py:840} INFO - DAG(s) 'csv_to_postgres_ingestion' retrieved from /opt/airflow/dags/dag1_csv_to_postgres.py
[2026-01-08T16:47:28.887+0000] {logging_mixin.py:188} INFO - [2026-01-08T16:47:28.886+0000] {dag.py:3036} INFO - Sync 1 DAGs
[2026-01-08T16:47:28.947+0000] {logging_mixin.py:188} INFO - [2026-01-08T16:47:28.946+0000] {dag.py:3823} INFO - Setting next_dagrun for csv_to_postgres_ingestion to 2026-01-08 00:00:00+00:00, run_after=2026-01-09 00:00:00+00:00
[2026-01-08T16:47:29.051+0000] {processor.py:183} INFO - Processing /opt/airflow/dags/dag1_csv_to_postgres.py took 1.315 seconds
[2026-01-08T16:47:59.644+0000] {processor.py:161} INFO - Started process (PID=962) to work on /opt/airflow/dags/dag1_csv_to_postgres.py
[2026-01-08T16:47:59.654+0000] {processor.py:830} INFO - Processing file /opt/airflow/dags/dag1_csv_to_postgres.py for tasks to queue
[2026-01-08T16:47:59.662+0000] {logging_mixin.py:188} INFO - [2026-01-08T16:47:59.659+0000] {dagbag.py:538} INFO - Filling up the DagBag from /opt/airflow/dags/dag1_csv_to_postgres.py
[2026-01-08T16:48:00.576+0000] {processor.py:840} INFO - DAG(s) 'csv_to_postgres_ingestion' retrieved from /opt/airflow/dags/dag1_csv_to_postgres.py
[2026-01-08T16:48:00.651+0000] {logging_mixin.py:188} INFO - [2026-01-08T16:48:00.650+0000] {dag.py:3036} INFO - Sync 1 DAGs
[2026-01-08T16:48:00.735+0000] {logging_mixin.py:188} INFO - [2026-01-08T16:48:00.735+0000] {dag.py:3823} INFO - Setting next_dagrun for csv_to_postgres_ingestion to 2026-01-08 00:00:00+00:00, run_after=2026-01-09 00:00:00+00:00
[2026-01-08T16:48:01.317+0000] {processor.py:183} INFO - Processing /opt/airflow/dags/dag1_csv_to_postgres.py took 1.703 seconds
[2026-01-08T16:48:32.095+0000] {processor.py:161} INFO - Started process (PID=971) to work on /opt/airflow/dags/dag1_csv_to_postgres.py
[2026-01-08T16:48:32.105+0000] {processor.py:830} INFO - Processing file /opt/airflow/dags/dag1_csv_to_postgres.py for tasks to queue
[2026-01-08T16:48:32.111+0000] {logging_mixin.py:188} INFO - [2026-01-08T16:48:32.110+0000] {dagbag.py:538} INFO - Filling up the DagBag from /opt/airflow/dags/dag1_csv_to_postgres.py
[2026-01-08T16:48:32.983+0000] {processor.py:840} INFO - DAG(s) 'csv_to_postgres_ingestion' retrieved from /opt/airflow/dags/dag1_csv_to_postgres.py
[2026-01-08T16:48:33.107+0000] {logging_mixin.py:188} INFO - [2026-01-08T16:48:33.106+0000] {dag.py:3036} INFO - Sync 1 DAGs
[2026-01-08T16:48:33.536+0000] {logging_mixin.py:188} INFO - [2026-01-08T16:48:33.536+0000] {dag.py:3823} INFO - Setting next_dagrun for csv_to_postgres_ingestion to 2026-01-08 00:00:00+00:00, run_after=2026-01-09 00:00:00+00:00
[2026-01-08T16:48:33.598+0000] {processor.py:183} INFO - Processing /opt/airflow/dags/dag1_csv_to_postgres.py took 1.531 seconds
[2026-01-08T16:49:04.073+0000] {processor.py:161} INFO - Started process (PID=977) to work on /opt/airflow/dags/dag1_csv_to_postgres.py
[2026-01-08T16:49:04.075+0000] {processor.py:830} INFO - Processing file /opt/airflow/dags/dag1_csv_to_postgres.py for tasks to queue
[2026-01-08T16:49:04.077+0000] {logging_mixin.py:188} INFO - [2026-01-08T16:49:04.077+0000] {dagbag.py:538} INFO - Filling up the DagBag from /opt/airflow/dags/dag1_csv_to_postgres.py
[2026-01-08T16:49:05.289+0000] {processor.py:840} INFO - DAG(s) 'csv_to_postgres_ingestion' retrieved from /opt/airflow/dags/dag1_csv_to_postgres.py
[2026-01-08T16:49:05.362+0000] {logging_mixin.py:188} INFO - [2026-01-08T16:49:05.361+0000] {dag.py:3036} INFO - Sync 1 DAGs
[2026-01-08T16:49:05.865+0000] {logging_mixin.py:188} INFO - [2026-01-08T16:49:05.864+0000] {dag.py:3823} INFO - Setting next_dagrun for csv_to_postgres_ingestion to 2026-01-08 00:00:00+00:00, run_after=2026-01-09 00:00:00+00:00
[2026-01-08T16:49:05.975+0000] {processor.py:183} INFO - Processing /opt/airflow/dags/dag1_csv_to_postgres.py took 1.912 seconds
[2026-01-08T16:49:36.651+0000] {processor.py:161} INFO - Started process (PID=983) to work on /opt/airflow/dags/dag1_csv_to_postgres.py
[2026-01-08T16:49:36.656+0000] {processor.py:830} INFO - Processing file /opt/airflow/dags/dag1_csv_to_postgres.py for tasks to queue
[2026-01-08T16:49:36.660+0000] {logging_mixin.py:188} INFO - [2026-01-08T16:49:36.659+0000] {dagbag.py:538} INFO - Filling up the DagBag from /opt/airflow/dags/dag1_csv_to_postgres.py
[2026-01-08T16:49:37.831+0000] {processor.py:840} INFO - DAG(s) 'csv_to_postgres_ingestion' retrieved from /opt/airflow/dags/dag1_csv_to_postgres.py
[2026-01-08T16:49:38.239+0000] {logging_mixin.py:188} INFO - [2026-01-08T16:49:38.238+0000] {dag.py:3036} INFO - Sync 1 DAGs
[2026-01-08T16:49:38.306+0000] {logging_mixin.py:188} INFO - [2026-01-08T16:49:38.306+0000] {dag.py:3823} INFO - Setting next_dagrun for csv_to_postgres_ingestion to 2026-01-08 00:00:00+00:00, run_after=2026-01-09 00:00:00+00:00
[2026-01-08T16:49:38.358+0000] {processor.py:183} INFO - Processing /opt/airflow/dags/dag1_csv_to_postgres.py took 1.722 seconds
[2026-01-08T16:50:09.181+0000] {processor.py:161} INFO - Started process (PID=989) to work on /opt/airflow/dags/dag1_csv_to_postgres.py
[2026-01-08T16:50:09.189+0000] {processor.py:830} INFO - Processing file /opt/airflow/dags/dag1_csv_to_postgres.py for tasks to queue
[2026-01-08T16:50:09.196+0000] {logging_mixin.py:188} INFO - [2026-01-08T16:50:09.194+0000] {dagbag.py:538} INFO - Filling up the DagBag from /opt/airflow/dags/dag1_csv_to_postgres.py
[2026-01-08T16:50:10.332+0000] {processor.py:840} INFO - DAG(s) 'csv_to_postgres_ingestion' retrieved from /opt/airflow/dags/dag1_csv_to_postgres.py
[2026-01-08T16:50:10.433+0000] {logging_mixin.py:188} INFO - [2026-01-08T16:50:10.432+0000] {dag.py:3036} INFO - Sync 1 DAGs
[2026-01-08T16:50:10.519+0000] {logging_mixin.py:188} INFO - [2026-01-08T16:50:10.518+0000] {dag.py:3823} INFO - Setting next_dagrun for csv_to_postgres_ingestion to 2026-01-08 00:00:00+00:00, run_after=2026-01-09 00:00:00+00:00
[2026-01-08T16:50:10.594+0000] {processor.py:183} INFO - Processing /opt/airflow/dags/dag1_csv_to_postgres.py took 1.432 seconds
[2026-01-08T16:50:40.880+0000] {processor.py:161} INFO - Started process (PID=995) to work on /opt/airflow/dags/dag1_csv_to_postgres.py
[2026-01-08T16:50:40.885+0000] {processor.py:830} INFO - Processing file /opt/airflow/dags/dag1_csv_to_postgres.py for tasks to queue
[2026-01-08T16:50:40.897+0000] {logging_mixin.py:188} INFO - [2026-01-08T16:50:40.896+0000] {dagbag.py:538} INFO - Filling up the DagBag from /opt/airflow/dags/dag1_csv_to_postgres.py
[2026-01-08T16:50:41.668+0000] {processor.py:840} INFO - DAG(s) 'csv_to_postgres_ingestion' retrieved from /opt/airflow/dags/dag1_csv_to_postgres.py
[2026-01-08T16:50:41.741+0000] {logging_mixin.py:188} INFO - [2026-01-08T16:50:41.740+0000] {dag.py:3036} INFO - Sync 1 DAGs
[2026-01-08T16:50:41.804+0000] {logging_mixin.py:188} INFO - [2026-01-08T16:50:41.803+0000] {dag.py:3823} INFO - Setting next_dagrun for csv_to_postgres_ingestion to 2026-01-08 00:00:00+00:00, run_after=2026-01-09 00:00:00+00:00
[2026-01-08T16:50:41.951+0000] {processor.py:183} INFO - Processing /opt/airflow/dags/dag1_csv_to_postgres.py took 1.110 seconds
[2026-01-08T16:51:12.209+0000] {processor.py:161} INFO - Started process (PID=1001) to work on /opt/airflow/dags/dag1_csv_to_postgres.py
[2026-01-08T16:51:12.212+0000] {processor.py:830} INFO - Processing file /opt/airflow/dags/dag1_csv_to_postgres.py for tasks to queue
[2026-01-08T16:51:12.214+0000] {logging_mixin.py:188} INFO - [2026-01-08T16:51:12.213+0000] {dagbag.py:538} INFO - Filling up the DagBag from /opt/airflow/dags/dag1_csv_to_postgres.py
[2026-01-08T16:51:13.195+0000] {processor.py:840} INFO - DAG(s) 'csv_to_postgres_ingestion' retrieved from /opt/airflow/dags/dag1_csv_to_postgres.py
[2026-01-08T16:51:13.318+0000] {logging_mixin.py:188} INFO - [2026-01-08T16:51:13.317+0000] {dag.py:3036} INFO - Sync 1 DAGs
[2026-01-08T16:51:13.368+0000] {logging_mixin.py:188} INFO - [2026-01-08T16:51:13.367+0000] {dag.py:3823} INFO - Setting next_dagrun for csv_to_postgres_ingestion to 2026-01-08 00:00:00+00:00, run_after=2026-01-09 00:00:00+00:00
[2026-01-08T16:51:13.803+0000] {processor.py:183} INFO - Processing /opt/airflow/dags/dag1_csv_to_postgres.py took 1.602 seconds
[2026-01-08T16:51:44.370+0000] {processor.py:161} INFO - Started process (PID=1007) to work on /opt/airflow/dags/dag1_csv_to_postgres.py
[2026-01-08T16:51:44.372+0000] {processor.py:830} INFO - Processing file /opt/airflow/dags/dag1_csv_to_postgres.py for tasks to queue
[2026-01-08T16:51:44.375+0000] {logging_mixin.py:188} INFO - [2026-01-08T16:51:44.374+0000] {dagbag.py:538} INFO - Filling up the DagBag from /opt/airflow/dags/dag1_csv_to_postgres.py
[2026-01-08T16:51:44.932+0000] {processor.py:840} INFO - DAG(s) 'csv_to_postgres_ingestion' retrieved from /opt/airflow/dags/dag1_csv_to_postgres.py
[2026-01-08T16:51:44.985+0000] {logging_mixin.py:188} INFO - [2026-01-08T16:51:44.984+0000] {dag.py:3036} INFO - Sync 1 DAGs
[2026-01-08T16:51:45.287+0000] {logging_mixin.py:188} INFO - [2026-01-08T16:51:45.286+0000] {dag.py:3823} INFO - Setting next_dagrun for csv_to_postgres_ingestion to 2026-01-08 00:00:00+00:00, run_after=2026-01-09 00:00:00+00:00
[2026-01-08T16:51:45.395+0000] {processor.py:183} INFO - Processing /opt/airflow/dags/dag1_csv_to_postgres.py took 1.036 seconds
[2026-01-08T16:52:15.999+0000] {processor.py:161} INFO - Started process (PID=1013) to work on /opt/airflow/dags/dag1_csv_to_postgres.py
[2026-01-08T16:52:16.008+0000] {processor.py:830} INFO - Processing file /opt/airflow/dags/dag1_csv_to_postgres.py for tasks to queue
[2026-01-08T16:52:16.016+0000] {logging_mixin.py:188} INFO - [2026-01-08T16:52:16.014+0000] {dagbag.py:538} INFO - Filling up the DagBag from /opt/airflow/dags/dag1_csv_to_postgres.py
[2026-01-08T16:52:16.940+0000] {processor.py:840} INFO - DAG(s) 'csv_to_postgres_ingestion' retrieved from /opt/airflow/dags/dag1_csv_to_postgres.py
[2026-01-08T16:52:17.019+0000] {logging_mixin.py:188} INFO - [2026-01-08T16:52:17.018+0000] {dag.py:3036} INFO - Sync 1 DAGs
[2026-01-08T16:52:17.464+0000] {logging_mixin.py:188} INFO - [2026-01-08T16:52:17.464+0000] {dag.py:3823} INFO - Setting next_dagrun for csv_to_postgres_ingestion to 2026-01-08 00:00:00+00:00, run_after=2026-01-09 00:00:00+00:00
[2026-01-08T16:52:17.505+0000] {processor.py:183} INFO - Processing /opt/airflow/dags/dag1_csv_to_postgres.py took 1.525 seconds
[2026-01-08T16:52:48.189+0000] {processor.py:161} INFO - Started process (PID=1019) to work on /opt/airflow/dags/dag1_csv_to_postgres.py
[2026-01-08T16:52:48.197+0000] {processor.py:830} INFO - Processing file /opt/airflow/dags/dag1_csv_to_postgres.py for tasks to queue
[2026-01-08T16:52:48.203+0000] {logging_mixin.py:188} INFO - [2026-01-08T16:52:48.201+0000] {dagbag.py:538} INFO - Filling up the DagBag from /opt/airflow/dags/dag1_csv_to_postgres.py
[2026-01-08T16:52:49.037+0000] {processor.py:840} INFO - DAG(s) 'csv_to_postgres_ingestion' retrieved from /opt/airflow/dags/dag1_csv_to_postgres.py
[2026-01-08T16:52:49.373+0000] {logging_mixin.py:188} INFO - [2026-01-08T16:52:49.372+0000] {dag.py:3036} INFO - Sync 1 DAGs
[2026-01-08T16:52:49.421+0000] {logging_mixin.py:188} INFO - [2026-01-08T16:52:49.420+0000] {dag.py:3823} INFO - Setting next_dagrun for csv_to_postgres_ingestion to 2026-01-08 00:00:00+00:00, run_after=2026-01-09 00:00:00+00:00
[2026-01-08T16:52:49.532+0000] {processor.py:183} INFO - Processing /opt/airflow/dags/dag1_csv_to_postgres.py took 1.363 seconds
[2026-01-08T16:53:20.124+0000] {processor.py:161} INFO - Started process (PID=1025) to work on /opt/airflow/dags/dag1_csv_to_postgres.py
[2026-01-08T16:53:20.132+0000] {processor.py:830} INFO - Processing file /opt/airflow/dags/dag1_csv_to_postgres.py for tasks to queue
[2026-01-08T16:53:20.139+0000] {logging_mixin.py:188} INFO - [2026-01-08T16:53:20.137+0000] {dagbag.py:538} INFO - Filling up the DagBag from /opt/airflow/dags/dag1_csv_to_postgres.py
[2026-01-08T16:53:21.048+0000] {processor.py:840} INFO - DAG(s) 'csv_to_postgres_ingestion' retrieved from /opt/airflow/dags/dag1_csv_to_postgres.py
[2026-01-08T16:53:21.132+0000] {logging_mixin.py:188} INFO - [2026-01-08T16:53:21.131+0000] {dag.py:3036} INFO - Sync 1 DAGs
[2026-01-08T16:53:21.246+0000] {logging_mixin.py:188} INFO - [2026-01-08T16:53:21.246+0000] {dag.py:3823} INFO - Setting next_dagrun for csv_to_postgres_ingestion to 2026-01-08 00:00:00+00:00, run_after=2026-01-09 00:00:00+00:00
[2026-01-08T16:53:21.324+0000] {processor.py:183} INFO - Processing /opt/airflow/dags/dag1_csv_to_postgres.py took 1.227 seconds
[2026-01-08T16:53:51.744+0000] {processor.py:161} INFO - Started process (PID=1031) to work on /opt/airflow/dags/dag1_csv_to_postgres.py
[2026-01-08T16:53:51.751+0000] {processor.py:830} INFO - Processing file /opt/airflow/dags/dag1_csv_to_postgres.py for tasks to queue
[2026-01-08T16:53:51.758+0000] {logging_mixin.py:188} INFO - [2026-01-08T16:53:51.756+0000] {dagbag.py:538} INFO - Filling up the DagBag from /opt/airflow/dags/dag1_csv_to_postgres.py
[2026-01-08T16:53:52.629+0000] {processor.py:840} INFO - DAG(s) 'csv_to_postgres_ingestion' retrieved from /opt/airflow/dags/dag1_csv_to_postgres.py
[2026-01-08T16:53:52.700+0000] {logging_mixin.py:188} INFO - [2026-01-08T16:53:52.699+0000] {dag.py:3036} INFO - Sync 1 DAGs
[2026-01-08T16:53:52.763+0000] {logging_mixin.py:188} INFO - [2026-01-08T16:53:52.762+0000] {dag.py:3823} INFO - Setting next_dagrun for csv_to_postgres_ingestion to 2026-01-08 00:00:00+00:00, run_after=2026-01-09 00:00:00+00:00
[2026-01-08T16:53:53.214+0000] {processor.py:183} INFO - Processing /opt/airflow/dags/dag1_csv_to_postgres.py took 1.498 seconds
[2026-01-08T16:54:23.610+0000] {processor.py:161} INFO - Started process (PID=1037) to work on /opt/airflow/dags/dag1_csv_to_postgres.py
[2026-01-08T16:54:23.617+0000] {processor.py:830} INFO - Processing file /opt/airflow/dags/dag1_csv_to_postgres.py for tasks to queue
[2026-01-08T16:54:23.625+0000] {logging_mixin.py:188} INFO - [2026-01-08T16:54:23.622+0000] {dagbag.py:538} INFO - Filling up the DagBag from /opt/airflow/dags/dag1_csv_to_postgres.py
[2026-01-08T16:54:24.376+0000] {processor.py:840} INFO - DAG(s) 'csv_to_postgres_ingestion' retrieved from /opt/airflow/dags/dag1_csv_to_postgres.py
[2026-01-08T16:54:24.440+0000] {logging_mixin.py:188} INFO - [2026-01-08T16:54:24.439+0000] {dag.py:3036} INFO - Sync 1 DAGs
[2026-01-08T16:54:24.495+0000] {logging_mixin.py:188} INFO - [2026-01-08T16:54:24.494+0000] {dag.py:3823} INFO - Setting next_dagrun for csv_to_postgres_ingestion to 2026-01-08 00:00:00+00:00, run_after=2026-01-09 00:00:00+00:00
[2026-01-08T16:54:24.901+0000] {processor.py:183} INFO - Processing /opt/airflow/dags/dag1_csv_to_postgres.py took 1.314 seconds
[2026-01-08T16:54:55.337+0000] {processor.py:161} INFO - Started process (PID=1043) to work on /opt/airflow/dags/dag1_csv_to_postgres.py
[2026-01-08T16:54:55.339+0000] {processor.py:830} INFO - Processing file /opt/airflow/dags/dag1_csv_to_postgres.py for tasks to queue
[2026-01-08T16:54:55.342+0000] {logging_mixin.py:188} INFO - [2026-01-08T16:54:55.341+0000] {dagbag.py:538} INFO - Filling up the DagBag from /opt/airflow/dags/dag1_csv_to_postgres.py
[2026-01-08T16:54:55.974+0000] {processor.py:840} INFO - DAG(s) 'csv_to_postgres_ingestion' retrieved from /opt/airflow/dags/dag1_csv_to_postgres.py
[2026-01-08T16:54:56.026+0000] {logging_mixin.py:188} INFO - [2026-01-08T16:54:56.025+0000] {dag.py:3036} INFO - Sync 1 DAGs
[2026-01-08T16:54:56.400+0000] {logging_mixin.py:188} INFO - [2026-01-08T16:54:56.398+0000] {dag.py:3823} INFO - Setting next_dagrun for csv_to_postgres_ingestion to 2026-01-08 00:00:00+00:00, run_after=2026-01-09 00:00:00+00:00
[2026-01-08T16:54:56.559+0000] {processor.py:183} INFO - Processing /opt/airflow/dags/dag1_csv_to_postgres.py took 1.230 seconds
[2026-01-08T16:55:26.721+0000] {processor.py:161} INFO - Started process (PID=1049) to work on /opt/airflow/dags/dag1_csv_to_postgres.py
[2026-01-08T16:55:26.723+0000] {processor.py:830} INFO - Processing file /opt/airflow/dags/dag1_csv_to_postgres.py for tasks to queue
[2026-01-08T16:55:26.726+0000] {logging_mixin.py:188} INFO - [2026-01-08T16:55:26.725+0000] {dagbag.py:538} INFO - Filling up the DagBag from /opt/airflow/dags/dag1_csv_to_postgres.py
[2026-01-08T16:55:27.608+0000] {processor.py:840} INFO - DAG(s) 'csv_to_postgres_ingestion' retrieved from /opt/airflow/dags/dag1_csv_to_postgres.py
[2026-01-08T16:55:27.982+0000] {logging_mixin.py:188} INFO - [2026-01-08T16:55:27.981+0000] {dag.py:3036} INFO - Sync 1 DAGs
[2026-01-08T16:55:28.028+0000] {logging_mixin.py:188} INFO - [2026-01-08T16:55:28.028+0000] {dag.py:3823} INFO - Setting next_dagrun for csv_to_postgres_ingestion to 2026-01-08 00:00:00+00:00, run_after=2026-01-09 00:00:00+00:00
[2026-01-08T16:55:28.119+0000] {processor.py:183} INFO - Processing /opt/airflow/dags/dag1_csv_to_postgres.py took 1.406 seconds
[2026-01-08T16:55:58.636+0000] {processor.py:161} INFO - Started process (PID=1055) to work on /opt/airflow/dags/dag1_csv_to_postgres.py
[2026-01-08T16:55:58.646+0000] {processor.py:830} INFO - Processing file /opt/airflow/dags/dag1_csv_to_postgres.py for tasks to queue
[2026-01-08T16:55:58.654+0000] {logging_mixin.py:188} INFO - [2026-01-08T16:55:58.652+0000] {dagbag.py:538} INFO - Filling up the DagBag from /opt/airflow/dags/dag1_csv_to_postgres.py
[2026-01-08T16:55:59.566+0000] {processor.py:840} INFO - DAG(s) 'csv_to_postgres_ingestion' retrieved from /opt/airflow/dags/dag1_csv_to_postgres.py
[2026-01-08T16:55:59.662+0000] {logging_mixin.py:188} INFO - [2026-01-08T16:55:59.660+0000] {dag.py:3036} INFO - Sync 1 DAGs
[2026-01-08T16:55:59.748+0000] {logging_mixin.py:188} INFO - [2026-01-08T16:55:59.748+0000] {dag.py:3823} INFO - Setting next_dagrun for csv_to_postgres_ingestion to 2026-01-08 00:00:00+00:00, run_after=2026-01-09 00:00:00+00:00
[2026-01-08T16:55:59.817+0000] {processor.py:183} INFO - Processing /opt/airflow/dags/dag1_csv_to_postgres.py took 1.209 seconds
[2026-01-08T16:56:30.615+0000] {processor.py:161} INFO - Started process (PID=1061) to work on /opt/airflow/dags/dag1_csv_to_postgres.py
[2026-01-08T16:56:30.623+0000] {processor.py:830} INFO - Processing file /opt/airflow/dags/dag1_csv_to_postgres.py for tasks to queue
[2026-01-08T16:56:30.630+0000] {logging_mixin.py:188} INFO - [2026-01-08T16:56:30.628+0000] {dagbag.py:538} INFO - Filling up the DagBag from /opt/airflow/dags/dag1_csv_to_postgres.py
[2026-01-08T16:56:31.771+0000] {processor.py:840} INFO - DAG(s) 'csv_to_postgres_ingestion' retrieved from /opt/airflow/dags/dag1_csv_to_postgres.py
[2026-01-08T16:56:31.827+0000] {logging_mixin.py:188} INFO - [2026-01-08T16:56:31.827+0000] {dag.py:3036} INFO - Sync 1 DAGs
[2026-01-08T16:56:31.915+0000] {logging_mixin.py:188} INFO - [2026-01-08T16:56:31.914+0000] {dag.py:3823} INFO - Setting next_dagrun for csv_to_postgres_ingestion to 2026-01-08 00:00:00+00:00, run_after=2026-01-09 00:00:00+00:00
[2026-01-08T16:56:32.070+0000] {processor.py:183} INFO - Processing /opt/airflow/dags/dag1_csv_to_postgres.py took 1.477 seconds
[2026-01-08T16:59:26.040+0000] {processor.py:161} INFO - Started process (PID=168) to work on /opt/airflow/dags/dag1_csv_to_postgres.py
[2026-01-08T16:59:26.048+0000] {processor.py:830} INFO - Processing file /opt/airflow/dags/dag1_csv_to_postgres.py for tasks to queue
[2026-01-08T16:59:26.052+0000] {logging_mixin.py:188} INFO - [2026-01-08T16:59:26.050+0000] {dagbag.py:538} INFO - Filling up the DagBag from /opt/airflow/dags/dag1_csv_to_postgres.py
[2026-01-08T16:59:29.111+0000] {processor.py:840} INFO - DAG(s) 'csv_to_postgres_ingestion' retrieved from /opt/airflow/dags/dag1_csv_to_postgres.py
[2026-01-08T16:59:30.320+0000] {logging_mixin.py:188} INFO - [2026-01-08T16:59:30.319+0000] {dag.py:3036} INFO - Sync 1 DAGs
[2026-01-08T16:59:30.357+0000] {logging_mixin.py:188} INFO - [2026-01-08T16:59:30.356+0000] {dag.py:3823} INFO - Setting next_dagrun for csv_to_postgres_ingestion to 2026-01-08 00:00:00+00:00, run_after=2026-01-09 00:00:00+00:00
[2026-01-08T16:59:30.413+0000] {processor.py:183} INFO - Processing /opt/airflow/dags/dag1_csv_to_postgres.py took 4.408 seconds
[2026-01-08T17:00:00.714+0000] {processor.py:161} INFO - Started process (PID=174) to work on /opt/airflow/dags/dag1_csv_to_postgres.py
[2026-01-08T17:00:00.718+0000] {processor.py:830} INFO - Processing file /opt/airflow/dags/dag1_csv_to_postgres.py for tasks to queue
[2026-01-08T17:00:00.722+0000] {logging_mixin.py:188} INFO - [2026-01-08T17:00:00.721+0000] {dagbag.py:538} INFO - Filling up the DagBag from /opt/airflow/dags/dag1_csv_to_postgres.py
[2026-01-08T17:00:01.877+0000] {processor.py:840} INFO - DAG(s) 'csv_to_postgres_ingestion' retrieved from /opt/airflow/dags/dag1_csv_to_postgres.py
[2026-01-08T17:00:01.977+0000] {logging_mixin.py:188} INFO - [2026-01-08T17:00:01.976+0000] {dag.py:3036} INFO - Sync 1 DAGs
[2026-01-08T17:00:02.051+0000] {logging_mixin.py:188} INFO - [2026-01-08T17:00:02.050+0000] {dag.py:3823} INFO - Setting next_dagrun for csv_to_postgres_ingestion to 2026-01-08 00:00:00+00:00, run_after=2026-01-09 00:00:00+00:00
[2026-01-08T17:00:02.169+0000] {processor.py:183} INFO - Processing /opt/airflow/dags/dag1_csv_to_postgres.py took 1.466 seconds
[2026-01-08T17:00:32.447+0000] {processor.py:161} INFO - Started process (PID=180) to work on /opt/airflow/dags/dag1_csv_to_postgres.py
[2026-01-08T17:00:32.455+0000] {processor.py:830} INFO - Processing file /opt/airflow/dags/dag1_csv_to_postgres.py for tasks to queue
[2026-01-08T17:00:32.461+0000] {logging_mixin.py:188} INFO - [2026-01-08T17:00:32.459+0000] {dagbag.py:538} INFO - Filling up the DagBag from /opt/airflow/dags/dag1_csv_to_postgres.py
[2026-01-08T17:00:33.548+0000] {processor.py:840} INFO - DAG(s) 'csv_to_postgres_ingestion' retrieved from /opt/airflow/dags/dag1_csv_to_postgres.py
[2026-01-08T17:00:33.620+0000] {logging_mixin.py:188} INFO - [2026-01-08T17:00:33.619+0000] {dag.py:3036} INFO - Sync 1 DAGs
[2026-01-08T17:00:33.684+0000] {logging_mixin.py:188} INFO - [2026-01-08T17:00:33.683+0000] {dag.py:3823} INFO - Setting next_dagrun for csv_to_postgres_ingestion to 2026-01-08 00:00:00+00:00, run_after=2026-01-09 00:00:00+00:00
[2026-01-08T17:00:33.796+0000] {processor.py:183} INFO - Processing /opt/airflow/dags/dag1_csv_to_postgres.py took 1.389 seconds
[2026-01-08T17:01:04.609+0000] {processor.py:161} INFO - Started process (PID=186) to work on /opt/airflow/dags/dag1_csv_to_postgres.py
[2026-01-08T17:01:04.614+0000] {processor.py:830} INFO - Processing file /opt/airflow/dags/dag1_csv_to_postgres.py for tasks to queue
[2026-01-08T17:01:04.617+0000] {logging_mixin.py:188} INFO - [2026-01-08T17:01:04.616+0000] {dagbag.py:538} INFO - Filling up the DagBag from /opt/airflow/dags/dag1_csv_to_postgres.py
[2026-01-08T17:01:05.514+0000] {processor.py:840} INFO - DAG(s) 'csv_to_postgres_ingestion' retrieved from /opt/airflow/dags/dag1_csv_to_postgres.py
[2026-01-08T17:01:05.592+0000] {logging_mixin.py:188} INFO - [2026-01-08T17:01:05.591+0000] {dag.py:3036} INFO - Sync 1 DAGs
[2026-01-08T17:01:05.662+0000] {logging_mixin.py:188} INFO - [2026-01-08T17:01:05.662+0000] {dag.py:3823} INFO - Setting next_dagrun for csv_to_postgres_ingestion to 2026-01-08 00:00:00+00:00, run_after=2026-01-09 00:00:00+00:00
[2026-01-08T17:01:05.810+0000] {processor.py:183} INFO - Processing /opt/airflow/dags/dag1_csv_to_postgres.py took 1.217 seconds
[2026-01-08T17:01:36.302+0000] {processor.py:161} INFO - Started process (PID=192) to work on /opt/airflow/dags/dag1_csv_to_postgres.py
[2026-01-08T17:01:36.309+0000] {processor.py:830} INFO - Processing file /opt/airflow/dags/dag1_csv_to_postgres.py for tasks to queue
[2026-01-08T17:01:36.315+0000] {logging_mixin.py:188} INFO - [2026-01-08T17:01:36.314+0000] {dagbag.py:538} INFO - Filling up the DagBag from /opt/airflow/dags/dag1_csv_to_postgres.py
[2026-01-08T17:01:37.543+0000] {processor.py:840} INFO - DAG(s) 'csv_to_postgres_ingestion' retrieved from /opt/airflow/dags/dag1_csv_to_postgres.py
[2026-01-08T17:01:37.640+0000] {logging_mixin.py:188} INFO - [2026-01-08T17:01:37.639+0000] {dag.py:3036} INFO - Sync 1 DAGs
[2026-01-08T17:01:37.716+0000] {logging_mixin.py:188} INFO - [2026-01-08T17:01:37.715+0000] {dag.py:3823} INFO - Setting next_dagrun for csv_to_postgres_ingestion to 2026-01-08 00:00:00+00:00, run_after=2026-01-09 00:00:00+00:00
[2026-01-08T17:01:37.765+0000] {processor.py:183} INFO - Processing /opt/airflow/dags/dag1_csv_to_postgres.py took 1.490 seconds
[2026-01-08T17:02:07.964+0000] {processor.py:161} INFO - Started process (PID=198) to work on /opt/airflow/dags/dag1_csv_to_postgres.py
[2026-01-08T17:02:07.967+0000] {processor.py:830} INFO - Processing file /opt/airflow/dags/dag1_csv_to_postgres.py for tasks to queue
[2026-01-08T17:02:07.969+0000] {logging_mixin.py:188} INFO - [2026-01-08T17:02:07.968+0000] {dagbag.py:538} INFO - Filling up the DagBag from /opt/airflow/dags/dag1_csv_to_postgres.py
[2026-01-08T17:02:08.739+0000] {processor.py:840} INFO - DAG(s) 'csv_to_postgres_ingestion' retrieved from /opt/airflow/dags/dag1_csv_to_postgres.py
[2026-01-08T17:02:08.820+0000] {logging_mixin.py:188} INFO - [2026-01-08T17:02:08.819+0000] {dag.py:3036} INFO - Sync 1 DAGs
[2026-01-08T17:02:08.930+0000] {logging_mixin.py:188} INFO - [2026-01-08T17:02:08.929+0000] {dag.py:3823} INFO - Setting next_dagrun for csv_to_postgres_ingestion to 2026-01-08 00:00:00+00:00, run_after=2026-01-09 00:00:00+00:00
[2026-01-08T17:02:09.065+0000] {processor.py:183} INFO - Processing /opt/airflow/dags/dag1_csv_to_postgres.py took 1.112 seconds
[2026-01-08T17:02:39.866+0000] {processor.py:161} INFO - Started process (PID=204) to work on /opt/airflow/dags/dag1_csv_to_postgres.py
[2026-01-08T17:02:39.871+0000] {processor.py:830} INFO - Processing file /opt/airflow/dags/dag1_csv_to_postgres.py for tasks to queue
[2026-01-08T17:02:39.876+0000] {logging_mixin.py:188} INFO - [2026-01-08T17:02:39.874+0000] {dagbag.py:538} INFO - Filling up the DagBag from /opt/airflow/dags/dag1_csv_to_postgres.py
[2026-01-08T17:02:40.798+0000] {processor.py:840} INFO - DAG(s) 'csv_to_postgres_ingestion' retrieved from /opt/airflow/dags/dag1_csv_to_postgres.py
[2026-01-08T17:02:40.859+0000] {logging_mixin.py:188} INFO - [2026-01-08T17:02:40.858+0000] {dag.py:3036} INFO - Sync 1 DAGs
[2026-01-08T17:02:40.917+0000] {logging_mixin.py:188} INFO - [2026-01-08T17:02:40.917+0000] {dag.py:3823} INFO - Setting next_dagrun for csv_to_postgres_ingestion to 2026-01-08 00:00:00+00:00, run_after=2026-01-09 00:00:00+00:00
[2026-01-08T17:02:41.050+0000] {processor.py:183} INFO - Processing /opt/airflow/dags/dag1_csv_to_postgres.py took 1.211 seconds
[2026-01-08T17:03:11.915+0000] {processor.py:161} INFO - Started process (PID=210) to work on /opt/airflow/dags/dag1_csv_to_postgres.py
[2026-01-08T17:03:11.918+0000] {processor.py:830} INFO - Processing file /opt/airflow/dags/dag1_csv_to_postgres.py for tasks to queue
[2026-01-08T17:03:11.921+0000] {logging_mixin.py:188} INFO - [2026-01-08T17:03:11.920+0000] {dagbag.py:538} INFO - Filling up the DagBag from /opt/airflow/dags/dag1_csv_to_postgres.py
[2026-01-08T17:03:12.884+0000] {processor.py:840} INFO - DAG(s) 'csv_to_postgres_ingestion' retrieved from /opt/airflow/dags/dag1_csv_to_postgres.py
[2026-01-08T17:03:13.129+0000] {logging_mixin.py:188} INFO - [2026-01-08T17:03:13.127+0000] {dag.py:3036} INFO - Sync 1 DAGs
[2026-01-08T17:03:13.233+0000] {logging_mixin.py:188} INFO - [2026-01-08T17:03:13.232+0000] {dag.py:3823} INFO - Setting next_dagrun for csv_to_postgres_ingestion to 2026-01-08 00:00:00+00:00, run_after=2026-01-09 00:00:00+00:00
[2026-01-08T17:03:13.343+0000] {processor.py:183} INFO - Processing /opt/airflow/dags/dag1_csv_to_postgres.py took 1.441 seconds
[2026-01-08T17:03:44.198+0000] {processor.py:161} INFO - Started process (PID=216) to work on /opt/airflow/dags/dag1_csv_to_postgres.py
[2026-01-08T17:03:44.202+0000] {processor.py:830} INFO - Processing file /opt/airflow/dags/dag1_csv_to_postgres.py for tasks to queue
[2026-01-08T17:03:44.204+0000] {logging_mixin.py:188} INFO - [2026-01-08T17:03:44.204+0000] {dagbag.py:538} INFO - Filling up the DagBag from /opt/airflow/dags/dag1_csv_to_postgres.py
[2026-01-08T17:03:45.461+0000] {processor.py:840} INFO - DAG(s) 'csv_to_postgres_ingestion' retrieved from /opt/airflow/dags/dag1_csv_to_postgres.py
[2026-01-08T17:03:45.566+0000] {logging_mixin.py:188} INFO - [2026-01-08T17:03:45.565+0000] {dag.py:3036} INFO - Sync 1 DAGs
[2026-01-08T17:03:45.655+0000] {logging_mixin.py:188} INFO - [2026-01-08T17:03:45.654+0000] {dag.py:3823} INFO - Setting next_dagrun for csv_to_postgres_ingestion to 2026-01-08 00:00:00+00:00, run_after=2026-01-09 00:00:00+00:00
[2026-01-08T17:03:45.765+0000] {processor.py:183} INFO - Processing /opt/airflow/dags/dag1_csv_to_postgres.py took 1.577 seconds
[2026-01-08T17:04:16.332+0000] {processor.py:161} INFO - Started process (PID=222) to work on /opt/airflow/dags/dag1_csv_to_postgres.py
[2026-01-08T17:04:16.336+0000] {processor.py:830} INFO - Processing file /opt/airflow/dags/dag1_csv_to_postgres.py for tasks to queue
[2026-01-08T17:04:16.341+0000] {logging_mixin.py:188} INFO - [2026-01-08T17:04:16.339+0000] {dagbag.py:538} INFO - Filling up the DagBag from /opt/airflow/dags/dag1_csv_to_postgres.py
[2026-01-08T17:04:17.304+0000] {processor.py:840} INFO - DAG(s) 'csv_to_postgres_ingestion' retrieved from /opt/airflow/dags/dag1_csv_to_postgres.py
[2026-01-08T17:04:17.397+0000] {logging_mixin.py:188} INFO - [2026-01-08T17:04:17.395+0000] {dag.py:3036} INFO - Sync 1 DAGs
[2026-01-08T17:04:17.469+0000] {logging_mixin.py:188} INFO - [2026-01-08T17:04:17.468+0000] {dag.py:3823} INFO - Setting next_dagrun for csv_to_postgres_ingestion to 2026-01-08 00:00:00+00:00, run_after=2026-01-09 00:00:00+00:00
[2026-01-08T17:04:17.520+0000] {processor.py:183} INFO - Processing /opt/airflow/dags/dag1_csv_to_postgres.py took 1.204 seconds
[2026-01-08T17:04:47.956+0000] {processor.py:161} INFO - Started process (PID=228) to work on /opt/airflow/dags/dag1_csv_to_postgres.py
[2026-01-08T17:04:47.959+0000] {processor.py:830} INFO - Processing file /opt/airflow/dags/dag1_csv_to_postgres.py for tasks to queue
[2026-01-08T17:04:47.964+0000] {logging_mixin.py:188} INFO - [2026-01-08T17:04:47.963+0000] {dagbag.py:538} INFO - Filling up the DagBag from /opt/airflow/dags/dag1_csv_to_postgres.py
[2026-01-08T17:04:48.613+0000] {processor.py:840} INFO - DAG(s) 'csv_to_postgres_ingestion' retrieved from /opt/airflow/dags/dag1_csv_to_postgres.py
[2026-01-08T17:04:48.697+0000] {logging_mixin.py:188} INFO - [2026-01-08T17:04:48.696+0000] {dag.py:3036} INFO - Sync 1 DAGs
[2026-01-08T17:04:48.764+0000] {logging_mixin.py:188} INFO - [2026-01-08T17:04:48.763+0000] {dag.py:3823} INFO - Setting next_dagrun for csv_to_postgres_ingestion to 2026-01-08 00:00:00+00:00, run_after=2026-01-09 00:00:00+00:00
[2026-01-08T17:04:48.816+0000] {processor.py:183} INFO - Processing /opt/airflow/dags/dag1_csv_to_postgres.py took 0.869 seconds
[2026-01-08T17:05:19.465+0000] {processor.py:161} INFO - Started process (PID=234) to work on /opt/airflow/dags/dag1_csv_to_postgres.py
[2026-01-08T17:05:19.468+0000] {processor.py:830} INFO - Processing file /opt/airflow/dags/dag1_csv_to_postgres.py for tasks to queue
[2026-01-08T17:05:19.475+0000] {logging_mixin.py:188} INFO - [2026-01-08T17:05:19.473+0000] {dagbag.py:538} INFO - Filling up the DagBag from /opt/airflow/dags/dag1_csv_to_postgres.py
[2026-01-08T17:05:20.566+0000] {processor.py:840} INFO - DAG(s) 'csv_to_postgres_ingestion' retrieved from /opt/airflow/dags/dag1_csv_to_postgres.py
[2026-01-08T17:05:20.657+0000] {logging_mixin.py:188} INFO - [2026-01-08T17:05:20.655+0000] {dag.py:3036} INFO - Sync 1 DAGs
[2026-01-08T17:05:20.790+0000] {logging_mixin.py:188} INFO - [2026-01-08T17:05:20.789+0000] {dag.py:3823} INFO - Setting next_dagrun for csv_to_postgres_ingestion to 2026-01-08 00:00:00+00:00, run_after=2026-01-09 00:00:00+00:00
[2026-01-08T17:05:20.946+0000] {processor.py:183} INFO - Processing /opt/airflow/dags/dag1_csv_to_postgres.py took 1.500 seconds
[2026-01-08T17:05:51.785+0000] {processor.py:161} INFO - Started process (PID=240) to work on /opt/airflow/dags/dag1_csv_to_postgres.py
[2026-01-08T17:05:51.797+0000] {processor.py:830} INFO - Processing file /opt/airflow/dags/dag1_csv_to_postgres.py for tasks to queue
[2026-01-08T17:05:51.802+0000] {logging_mixin.py:188} INFO - [2026-01-08T17:05:51.800+0000] {dagbag.py:538} INFO - Filling up the DagBag from /opt/airflow/dags/dag1_csv_to_postgres.py
[2026-01-08T17:05:52.684+0000] {processor.py:840} INFO - DAG(s) 'csv_to_postgres_ingestion' retrieved from /opt/airflow/dags/dag1_csv_to_postgres.py
[2026-01-08T17:05:52.773+0000] {logging_mixin.py:188} INFO - [2026-01-08T17:05:52.772+0000] {dag.py:3036} INFO - Sync 1 DAGs
[2026-01-08T17:05:52.855+0000] {logging_mixin.py:188} INFO - [2026-01-08T17:05:52.854+0000] {dag.py:3823} INFO - Setting next_dagrun for csv_to_postgres_ingestion to 2026-01-08 00:00:00+00:00, run_after=2026-01-09 00:00:00+00:00
[2026-01-08T17:05:53.007+0000] {processor.py:183} INFO - Processing /opt/airflow/dags/dag1_csv_to_postgres.py took 1.263 seconds
[2026-01-08T17:07:58.363+0000] {processor.py:161} INFO - Started process (PID=167) to work on /opt/airflow/dags/dag1_csv_to_postgres.py
[2026-01-08T17:07:58.368+0000] {processor.py:830} INFO - Processing file /opt/airflow/dags/dag1_csv_to_postgres.py for tasks to queue
[2026-01-08T17:07:58.372+0000] {logging_mixin.py:188} INFO - [2026-01-08T17:07:58.371+0000] {dagbag.py:538} INFO - Filling up the DagBag from /opt/airflow/dags/dag1_csv_to_postgres.py
[2026-01-08T17:08:00.537+0000] {processor.py:840} INFO - DAG(s) 'csv_to_postgres_ingestion' retrieved from /opt/airflow/dags/dag1_csv_to_postgres.py
[2026-01-08T17:08:01.495+0000] {logging_mixin.py:188} INFO - [2026-01-08T17:08:01.494+0000] {dag.py:3036} INFO - Sync 1 DAGs
[2026-01-08T17:08:01.549+0000] {logging_mixin.py:188} INFO - [2026-01-08T17:08:01.548+0000] {dag.py:3823} INFO - Setting next_dagrun for csv_to_postgres_ingestion to 2026-01-08 00:00:00+00:00, run_after=2026-01-09 00:00:00+00:00
[2026-01-08T17:08:01.643+0000] {processor.py:183} INFO - Processing /opt/airflow/dags/dag1_csv_to_postgres.py took 3.304 seconds
[2026-01-08T17:08:32.074+0000] {processor.py:161} INFO - Started process (PID=173) to work on /opt/airflow/dags/dag1_csv_to_postgres.py
[2026-01-08T17:08:32.090+0000] {processor.py:830} INFO - Processing file /opt/airflow/dags/dag1_csv_to_postgres.py for tasks to queue
[2026-01-08T17:08:32.095+0000] {logging_mixin.py:188} INFO - [2026-01-08T17:08:32.094+0000] {dagbag.py:538} INFO - Filling up the DagBag from /opt/airflow/dags/dag1_csv_to_postgres.py
[2026-01-08T17:08:32.742+0000] {processor.py:840} INFO - DAG(s) 'csv_to_postgres_ingestion' retrieved from /opt/airflow/dags/dag1_csv_to_postgres.py
[2026-01-08T17:08:32.868+0000] {logging_mixin.py:188} INFO - [2026-01-08T17:08:32.867+0000] {dag.py:3036} INFO - Sync 1 DAGs
[2026-01-08T17:08:32.986+0000] {logging_mixin.py:188} INFO - [2026-01-08T17:08:32.985+0000] {dag.py:3823} INFO - Setting next_dagrun for csv_to_postgres_ingestion to 2026-01-08 00:00:00+00:00, run_after=2026-01-09 00:00:00+00:00
[2026-01-08T17:08:33.087+0000] {processor.py:183} INFO - Processing /opt/airflow/dags/dag1_csv_to_postgres.py took 1.066 seconds
[2026-01-08T17:09:03.855+0000] {processor.py:161} INFO - Started process (PID=179) to work on /opt/airflow/dags/dag1_csv_to_postgres.py
[2026-01-08T17:09:03.860+0000] {processor.py:830} INFO - Processing file /opt/airflow/dags/dag1_csv_to_postgres.py for tasks to queue
[2026-01-08T17:09:03.864+0000] {logging_mixin.py:188} INFO - [2026-01-08T17:09:03.863+0000] {dagbag.py:538} INFO - Filling up the DagBag from /opt/airflow/dags/dag1_csv_to_postgres.py
[2026-01-08T17:09:05.110+0000] {processor.py:840} INFO - DAG(s) 'csv_to_postgres_ingestion' retrieved from /opt/airflow/dags/dag1_csv_to_postgres.py
[2026-01-08T17:09:05.227+0000] {logging_mixin.py:188} INFO - [2026-01-08T17:09:05.226+0000] {dag.py:3036} INFO - Sync 1 DAGs
[2026-01-08T17:09:05.331+0000] {logging_mixin.py:188} INFO - [2026-01-08T17:09:05.330+0000] {dag.py:3823} INFO - Setting next_dagrun for csv_to_postgres_ingestion to 2026-01-08 00:00:00+00:00, run_after=2026-01-09 00:00:00+00:00
[2026-01-08T17:09:05.420+0000] {processor.py:183} INFO - Processing /opt/airflow/dags/dag1_csv_to_postgres.py took 1.588 seconds
[2026-01-08T17:09:36.246+0000] {processor.py:161} INFO - Started process (PID=188) to work on /opt/airflow/dags/dag1_csv_to_postgres.py
[2026-01-08T17:09:36.255+0000] {processor.py:830} INFO - Processing file /opt/airflow/dags/dag1_csv_to_postgres.py for tasks to queue
[2026-01-08T17:09:36.264+0000] {logging_mixin.py:188} INFO - [2026-01-08T17:09:36.261+0000] {dagbag.py:538} INFO - Filling up the DagBag from /opt/airflow/dags/dag1_csv_to_postgres.py
[2026-01-08T17:09:37.530+0000] {processor.py:840} INFO - DAG(s) 'csv_to_postgres_ingestion' retrieved from /opt/airflow/dags/dag1_csv_to_postgres.py
[2026-01-08T17:09:37.626+0000] {logging_mixin.py:188} INFO - [2026-01-08T17:09:37.624+0000] {dag.py:3036} INFO - Sync 1 DAGs
[2026-01-08T17:09:37.707+0000] {logging_mixin.py:188} INFO - [2026-01-08T17:09:37.707+0000] {dag.py:3823} INFO - Setting next_dagrun for csv_to_postgres_ingestion to 2026-01-08 00:00:00+00:00, run_after=2026-01-09 00:00:00+00:00
[2026-01-08T17:09:37.825+0000] {processor.py:183} INFO - Processing /opt/airflow/dags/dag1_csv_to_postgres.py took 1.606 seconds
[2026-01-08T17:10:08.572+0000] {processor.py:161} INFO - Started process (PID=200) to work on /opt/airflow/dags/dag1_csv_to_postgres.py
[2026-01-08T17:10:08.576+0000] {processor.py:830} INFO - Processing file /opt/airflow/dags/dag1_csv_to_postgres.py for tasks to queue
[2026-01-08T17:10:08.579+0000] {logging_mixin.py:188} INFO - [2026-01-08T17:10:08.578+0000] {dagbag.py:538} INFO - Filling up the DagBag from /opt/airflow/dags/dag1_csv_to_postgres.py
[2026-01-08T17:10:09.248+0000] {processor.py:840} INFO - DAG(s) 'csv_to_postgres_ingestion' retrieved from /opt/airflow/dags/dag1_csv_to_postgres.py
[2026-01-08T17:10:09.323+0000] {logging_mixin.py:188} INFO - [2026-01-08T17:10:09.322+0000] {dag.py:3036} INFO - Sync 1 DAGs
[2026-01-08T17:10:09.371+0000] {logging_mixin.py:188} INFO - [2026-01-08T17:10:09.370+0000] {dag.py:3823} INFO - Setting next_dagrun for csv_to_postgres_ingestion to 2026-01-08 00:00:00+00:00, run_after=2026-01-09 00:00:00+00:00
[2026-01-08T17:10:09.404+0000] {processor.py:183} INFO - Processing /opt/airflow/dags/dag1_csv_to_postgres.py took 0.843 seconds
[2026-01-08T17:10:39.698+0000] {processor.py:161} INFO - Started process (PID=206) to work on /opt/airflow/dags/dag1_csv_to_postgres.py
[2026-01-08T17:10:39.701+0000] {processor.py:830} INFO - Processing file /opt/airflow/dags/dag1_csv_to_postgres.py for tasks to queue
[2026-01-08T17:10:39.703+0000] {logging_mixin.py:188} INFO - [2026-01-08T17:10:39.702+0000] {dagbag.py:538} INFO - Filling up the DagBag from /opt/airflow/dags/dag1_csv_to_postgres.py
[2026-01-08T17:10:40.287+0000] {processor.py:840} INFO - DAG(s) 'csv_to_postgres_ingestion' retrieved from /opt/airflow/dags/dag1_csv_to_postgres.py
[2026-01-08T17:10:40.354+0000] {logging_mixin.py:188} INFO - [2026-01-08T17:10:40.353+0000] {dag.py:3036} INFO - Sync 1 DAGs
[2026-01-08T17:10:40.410+0000] {logging_mixin.py:188} INFO - [2026-01-08T17:10:40.409+0000] {dag.py:3823} INFO - Setting next_dagrun for csv_to_postgres_ingestion to 2026-01-08 00:00:00+00:00, run_after=2026-01-09 00:00:00+00:00
[2026-01-08T17:10:40.455+0000] {processor.py:183} INFO - Processing /opt/airflow/dags/dag1_csv_to_postgres.py took 0.764 seconds
[2026-01-08T17:11:10.843+0000] {processor.py:161} INFO - Started process (PID=212) to work on /opt/airflow/dags/dag1_csv_to_postgres.py
[2026-01-08T17:11:10.847+0000] {processor.py:830} INFO - Processing file /opt/airflow/dags/dag1_csv_to_postgres.py for tasks to queue
[2026-01-08T17:11:10.851+0000] {logging_mixin.py:188} INFO - [2026-01-08T17:11:10.850+0000] {dagbag.py:538} INFO - Filling up the DagBag from /opt/airflow/dags/dag1_csv_to_postgres.py
[2026-01-08T17:11:12.033+0000] {processor.py:840} INFO - DAG(s) 'csv_to_postgres_ingestion' retrieved from /opt/airflow/dags/dag1_csv_to_postgres.py
[2026-01-08T17:11:12.098+0000] {logging_mixin.py:188} INFO - [2026-01-08T17:11:12.097+0000] {dag.py:3036} INFO - Sync 1 DAGs
[2026-01-08T17:11:12.167+0000] {logging_mixin.py:188} INFO - [2026-01-08T17:11:12.166+0000] {dag.py:3823} INFO - Setting next_dagrun for csv_to_postgres_ingestion to 2026-01-08 00:00:00+00:00, run_after=2026-01-09 00:00:00+00:00
[2026-01-08T17:11:12.306+0000] {processor.py:183} INFO - Processing /opt/airflow/dags/dag1_csv_to_postgres.py took 1.476 seconds
[2026-01-08T17:11:42.896+0000] {processor.py:161} INFO - Started process (PID=218) to work on /opt/airflow/dags/dag1_csv_to_postgres.py
[2026-01-08T17:11:42.902+0000] {processor.py:830} INFO - Processing file /opt/airflow/dags/dag1_csv_to_postgres.py for tasks to queue
[2026-01-08T17:11:42.908+0000] {logging_mixin.py:188} INFO - [2026-01-08T17:11:42.906+0000] {dagbag.py:538} INFO - Filling up the DagBag from /opt/airflow/dags/dag1_csv_to_postgres.py
[2026-01-08T17:11:44.125+0000] {processor.py:840} INFO - DAG(s) 'csv_to_postgres_ingestion' retrieved from /opt/airflow/dags/dag1_csv_to_postgres.py
[2026-01-08T17:11:44.232+0000] {logging_mixin.py:188} INFO - [2026-01-08T17:11:44.231+0000] {dag.py:3036} INFO - Sync 1 DAGs
[2026-01-08T17:11:44.327+0000] {logging_mixin.py:188} INFO - [2026-01-08T17:11:44.326+0000] {dag.py:3823} INFO - Setting next_dagrun for csv_to_postgres_ingestion to 2026-01-08 00:00:00+00:00, run_after=2026-01-09 00:00:00+00:00
[2026-01-08T17:11:44.482+0000] {processor.py:183} INFO - Processing /opt/airflow/dags/dag1_csv_to_postgres.py took 1.606 seconds
[2026-01-08T17:12:15.287+0000] {processor.py:161} INFO - Started process (PID=224) to work on /opt/airflow/dags/dag1_csv_to_postgres.py
[2026-01-08T17:12:15.294+0000] {processor.py:830} INFO - Processing file /opt/airflow/dags/dag1_csv_to_postgres.py for tasks to queue
[2026-01-08T17:12:15.299+0000] {logging_mixin.py:188} INFO - [2026-01-08T17:12:15.298+0000] {dagbag.py:538} INFO - Filling up the DagBag from /opt/airflow/dags/dag1_csv_to_postgres.py
[2026-01-08T17:12:16.125+0000] {processor.py:840} INFO - DAG(s) 'csv_to_postgres_ingestion' retrieved from /opt/airflow/dags/dag1_csv_to_postgres.py
[2026-01-08T17:12:16.196+0000] {logging_mixin.py:188} INFO - [2026-01-08T17:12:16.195+0000] {dag.py:3036} INFO - Sync 1 DAGs
[2026-01-08T17:12:16.278+0000] {logging_mixin.py:188} INFO - [2026-01-08T17:12:16.277+0000] {dag.py:3823} INFO - Setting next_dagrun for csv_to_postgres_ingestion to 2026-01-08 00:00:00+00:00, run_after=2026-01-09 00:00:00+00:00
[2026-01-08T17:12:16.322+0000] {processor.py:183} INFO - Processing /opt/airflow/dags/dag1_csv_to_postgres.py took 1.055 seconds
[2026-01-08T17:14:38.245+0000] {processor.py:161} INFO - Started process (PID=166) to work on /opt/airflow/dags/dag1_csv_to_postgres.py
[2026-01-08T17:14:38.249+0000] {processor.py:830} INFO - Processing file /opt/airflow/dags/dag1_csv_to_postgres.py for tasks to queue
[2026-01-08T17:14:38.253+0000] {logging_mixin.py:188} INFO - [2026-01-08T17:14:38.252+0000] {dagbag.py:538} INFO - Filling up the DagBag from /opt/airflow/dags/dag1_csv_to_postgres.py
[2026-01-08T17:14:40.689+0000] {processor.py:840} INFO - DAG(s) 'csv_to_postgres_ingestion' retrieved from /opt/airflow/dags/dag1_csv_to_postgres.py
[2026-01-08T17:14:41.483+0000] {logging_mixin.py:188} INFO - [2026-01-08T17:14:41.479+0000] {override.py:1769} INFO - Created Permission View: can delete on DAG:csv_to_postgres_ingestion
[2026-01-08T17:14:41.534+0000] {logging_mixin.py:188} INFO - [2026-01-08T17:14:41.533+0000] {override.py:1769} INFO - Created Permission View: can read on DAG:csv_to_postgres_ingestion
[2026-01-08T17:14:41.556+0000] {logging_mixin.py:188} INFO - [2026-01-08T17:14:41.555+0000] {override.py:1769} INFO - Created Permission View: can edit on DAG:csv_to_postgres_ingestion
[2026-01-08T17:14:41.557+0000] {logging_mixin.py:188} INFO - [2026-01-08T17:14:41.557+0000] {dag.py:3036} INFO - Sync 1 DAGs
[2026-01-08T17:14:41.575+0000] {logging_mixin.py:188} INFO - [2026-01-08T17:14:41.574+0000] {dag.py:3058} INFO - Creating ORM DAG for csv_to_postgres_ingestion
[2026-01-08T17:14:41.594+0000] {logging_mixin.py:188} INFO - [2026-01-08T17:14:41.594+0000] {dag.py:3823} INFO - Setting next_dagrun for csv_to_postgres_ingestion to 2026-01-07 00:00:00+00:00, run_after=2026-01-08 00:00:00+00:00
[2026-01-08T17:14:41.631+0000] {processor.py:183} INFO - Processing /opt/airflow/dags/dag1_csv_to_postgres.py took 3.395 seconds
[2026-01-08T17:15:12.050+0000] {processor.py:161} INFO - Started process (PID=172) to work on /opt/airflow/dags/dag1_csv_to_postgres.py
[2026-01-08T17:15:12.053+0000] {processor.py:830} INFO - Processing file /opt/airflow/dags/dag1_csv_to_postgres.py for tasks to queue
[2026-01-08T17:15:12.056+0000] {logging_mixin.py:188} INFO - [2026-01-08T17:15:12.055+0000] {dagbag.py:538} INFO - Filling up the DagBag from /opt/airflow/dags/dag1_csv_to_postgres.py
[2026-01-08T17:15:12.832+0000] {processor.py:840} INFO - DAG(s) 'csv_to_postgres_ingestion' retrieved from /opt/airflow/dags/dag1_csv_to_postgres.py
[2026-01-08T17:15:12.896+0000] {logging_mixin.py:188} INFO - [2026-01-08T17:15:12.895+0000] {dag.py:3036} INFO - Sync 1 DAGs
[2026-01-08T17:15:12.944+0000] {logging_mixin.py:188} INFO - [2026-01-08T17:15:12.943+0000] {dag.py:3823} INFO - Setting next_dagrun for csv_to_postgres_ingestion to 2026-01-07 00:00:00+00:00, run_after=2026-01-08 00:00:00+00:00
[2026-01-08T17:15:13.045+0000] {processor.py:183} INFO - Processing /opt/airflow/dags/dag1_csv_to_postgres.py took 1.007 seconds
[2026-01-08T17:15:43.661+0000] {processor.py:161} INFO - Started process (PID=178) to work on /opt/airflow/dags/dag1_csv_to_postgres.py
[2026-01-08T17:15:43.673+0000] {processor.py:830} INFO - Processing file /opt/airflow/dags/dag1_csv_to_postgres.py for tasks to queue
[2026-01-08T17:15:43.696+0000] {logging_mixin.py:188} INFO - [2026-01-08T17:15:43.693+0000] {dagbag.py:538} INFO - Filling up the DagBag from /opt/airflow/dags/dag1_csv_to_postgres.py
[2026-01-08T17:15:44.876+0000] {processor.py:840} INFO - DAG(s) 'csv_to_postgres_ingestion' retrieved from /opt/airflow/dags/dag1_csv_to_postgres.py
[2026-01-08T17:15:45.065+0000] {logging_mixin.py:188} INFO - [2026-01-08T17:15:45.063+0000] {dag.py:3036} INFO - Sync 1 DAGs
[2026-01-08T17:15:45.254+0000] {logging_mixin.py:188} INFO - [2026-01-08T17:15:45.252+0000] {dag.py:3823} INFO - Setting next_dagrun for csv_to_postgres_ingestion to 2026-01-07 00:00:00+00:00, run_after=2026-01-08 00:00:00+00:00
[2026-01-08T17:15:45.331+0000] {processor.py:183} INFO - Processing /opt/airflow/dags/dag1_csv_to_postgres.py took 1.696 seconds
[2026-01-08T17:16:16.100+0000] {processor.py:161} INFO - Started process (PID=184) to work on /opt/airflow/dags/dag1_csv_to_postgres.py
[2026-01-08T17:16:16.104+0000] {processor.py:830} INFO - Processing file /opt/airflow/dags/dag1_csv_to_postgres.py for tasks to queue
[2026-01-08T17:16:16.110+0000] {logging_mixin.py:188} INFO - [2026-01-08T17:16:16.109+0000] {dagbag.py:538} INFO - Filling up the DagBag from /opt/airflow/dags/dag1_csv_to_postgres.py
[2026-01-08T17:16:17.060+0000] {processor.py:840} INFO - DAG(s) 'csv_to_postgres_ingestion' retrieved from /opt/airflow/dags/dag1_csv_to_postgres.py
[2026-01-08T17:16:17.131+0000] {logging_mixin.py:188} INFO - [2026-01-08T17:16:17.130+0000] {dag.py:3036} INFO - Sync 1 DAGs
[2026-01-08T17:16:17.190+0000] {logging_mixin.py:188} INFO - [2026-01-08T17:16:17.189+0000] {dag.py:3823} INFO - Setting next_dagrun for csv_to_postgres_ingestion to 2026-01-07 00:00:00+00:00, run_after=2026-01-08 00:00:00+00:00
[2026-01-08T17:16:17.270+0000] {processor.py:183} INFO - Processing /opt/airflow/dags/dag1_csv_to_postgres.py took 1.182 seconds
[2026-01-08T17:16:47.889+0000] {processor.py:161} INFO - Started process (PID=190) to work on /opt/airflow/dags/dag1_csv_to_postgres.py
[2026-01-08T17:16:47.893+0000] {processor.py:830} INFO - Processing file /opt/airflow/dags/dag1_csv_to_postgres.py for tasks to queue
[2026-01-08T17:16:47.895+0000] {logging_mixin.py:188} INFO - [2026-01-08T17:16:47.895+0000] {dagbag.py:538} INFO - Filling up the DagBag from /opt/airflow/dags/dag1_csv_to_postgres.py
[2026-01-08T17:16:48.990+0000] {processor.py:840} INFO - DAG(s) 'csv_to_postgres_ingestion' retrieved from /opt/airflow/dags/dag1_csv_to_postgres.py
[2026-01-08T17:16:49.166+0000] {logging_mixin.py:188} INFO - [2026-01-08T17:16:49.153+0000] {dag.py:3036} INFO - Sync 1 DAGs
[2026-01-08T17:16:49.343+0000] {logging_mixin.py:188} INFO - [2026-01-08T17:16:49.343+0000] {dag.py:3823} INFO - Setting next_dagrun for csv_to_postgres_ingestion to 2026-01-07 00:00:00+00:00, run_after=2026-01-08 00:00:00+00:00
[2026-01-08T17:16:49.462+0000] {processor.py:183} INFO - Processing /opt/airflow/dags/dag1_csv_to_postgres.py took 1.581 seconds
[2026-01-08T17:17:20.351+0000] {processor.py:161} INFO - Started process (PID=196) to work on /opt/airflow/dags/dag1_csv_to_postgres.py
[2026-01-08T17:17:20.354+0000] {processor.py:830} INFO - Processing file /opt/airflow/dags/dag1_csv_to_postgres.py for tasks to queue
[2026-01-08T17:17:20.356+0000] {logging_mixin.py:188} INFO - [2026-01-08T17:17:20.355+0000] {dagbag.py:538} INFO - Filling up the DagBag from /opt/airflow/dags/dag1_csv_to_postgres.py
[2026-01-08T17:17:20.947+0000] {processor.py:840} INFO - DAG(s) 'csv_to_postgres_ingestion' retrieved from /opt/airflow/dags/dag1_csv_to_postgres.py
[2026-01-08T17:17:21.078+0000] {logging_mixin.py:188} INFO - [2026-01-08T17:17:21.077+0000] {dag.py:3036} INFO - Sync 1 DAGs
[2026-01-08T17:17:21.132+0000] {logging_mixin.py:188} INFO - [2026-01-08T17:17:21.131+0000] {dag.py:3823} INFO - Setting next_dagrun for csv_to_postgres_ingestion to 2026-01-07 00:00:00+00:00, run_after=2026-01-08 00:00:00+00:00
[2026-01-08T17:17:21.182+0000] {processor.py:183} INFO - Processing /opt/airflow/dags/dag1_csv_to_postgres.py took 0.839 seconds
[2026-01-08T17:17:51.796+0000] {processor.py:161} INFO - Started process (PID=202) to work on /opt/airflow/dags/dag1_csv_to_postgres.py
[2026-01-08T17:17:51.802+0000] {processor.py:830} INFO - Processing file /opt/airflow/dags/dag1_csv_to_postgres.py for tasks to queue
[2026-01-08T17:17:51.807+0000] {logging_mixin.py:188} INFO - [2026-01-08T17:17:51.806+0000] {dagbag.py:538} INFO - Filling up the DagBag from /opt/airflow/dags/dag1_csv_to_postgres.py
[2026-01-08T17:17:52.511+0000] {processor.py:840} INFO - DAG(s) 'csv_to_postgres_ingestion' retrieved from /opt/airflow/dags/dag1_csv_to_postgres.py
[2026-01-08T17:17:52.561+0000] {logging_mixin.py:188} INFO - [2026-01-08T17:17:52.561+0000] {dag.py:3036} INFO - Sync 1 DAGs
[2026-01-08T17:17:52.625+0000] {logging_mixin.py:188} INFO - [2026-01-08T17:17:52.624+0000] {dag.py:3823} INFO - Setting next_dagrun for csv_to_postgres_ingestion to 2026-01-07 00:00:00+00:00, run_after=2026-01-08 00:00:00+00:00
[2026-01-08T17:17:52.754+0000] {processor.py:183} INFO - Processing /opt/airflow/dags/dag1_csv_to_postgres.py took 0.975 seconds
[2026-01-08T17:18:23.376+0000] {processor.py:161} INFO - Started process (PID=208) to work on /opt/airflow/dags/dag1_csv_to_postgres.py
[2026-01-08T17:18:23.382+0000] {processor.py:830} INFO - Processing file /opt/airflow/dags/dag1_csv_to_postgres.py for tasks to queue
[2026-01-08T17:18:23.387+0000] {logging_mixin.py:188} INFO - [2026-01-08T17:18:23.385+0000] {dagbag.py:538} INFO - Filling up the DagBag from /opt/airflow/dags/dag1_csv_to_postgres.py
[2026-01-08T17:18:24.115+0000] {processor.py:840} INFO - DAG(s) 'csv_to_postgres_ingestion' retrieved from /opt/airflow/dags/dag1_csv_to_postgres.py
[2026-01-08T17:18:24.186+0000] {logging_mixin.py:188} INFO - [2026-01-08T17:18:24.185+0000] {dag.py:3036} INFO - Sync 1 DAGs
[2026-01-08T17:18:24.262+0000] {logging_mixin.py:188} INFO - [2026-01-08T17:18:24.261+0000] {dag.py:3823} INFO - Setting next_dagrun for csv_to_postgres_ingestion to 2026-01-07 00:00:00+00:00, run_after=2026-01-08 00:00:00+00:00
[2026-01-08T17:18:24.351+0000] {processor.py:183} INFO - Processing /opt/airflow/dags/dag1_csv_to_postgres.py took 0.990 seconds
[2026-01-08T17:18:55.077+0000] {processor.py:161} INFO - Started process (PID=214) to work on /opt/airflow/dags/dag1_csv_to_postgres.py
[2026-01-08T17:18:55.082+0000] {processor.py:830} INFO - Processing file /opt/airflow/dags/dag1_csv_to_postgres.py for tasks to queue
[2026-01-08T17:18:55.086+0000] {logging_mixin.py:188} INFO - [2026-01-08T17:18:55.085+0000] {dagbag.py:538} INFO - Filling up the DagBag from /opt/airflow/dags/dag1_csv_to_postgres.py
[2026-01-08T17:18:55.921+0000] {processor.py:840} INFO - DAG(s) 'csv_to_postgres_ingestion' retrieved from /opt/airflow/dags/dag1_csv_to_postgres.py
[2026-01-08T17:18:55.996+0000] {logging_mixin.py:188} INFO - [2026-01-08T17:18:55.995+0000] {dag.py:3036} INFO - Sync 1 DAGs
[2026-01-08T17:18:56.059+0000] {logging_mixin.py:188} INFO - [2026-01-08T17:18:56.058+0000] {dag.py:3823} INFO - Setting next_dagrun for csv_to_postgres_ingestion to 2026-01-07 00:00:00+00:00, run_after=2026-01-08 00:00:00+00:00
[2026-01-08T17:18:56.188+0000] {processor.py:183} INFO - Processing /opt/airflow/dags/dag1_csv_to_postgres.py took 1.127 seconds
[2026-01-08T17:19:26.750+0000] {processor.py:161} INFO - Started process (PID=220) to work on /opt/airflow/dags/dag1_csv_to_postgres.py
[2026-01-08T17:19:26.757+0000] {processor.py:830} INFO - Processing file /opt/airflow/dags/dag1_csv_to_postgres.py for tasks to queue
[2026-01-08T17:19:26.763+0000] {logging_mixin.py:188} INFO - [2026-01-08T17:19:26.762+0000] {dagbag.py:538} INFO - Filling up the DagBag from /opt/airflow/dags/dag1_csv_to_postgres.py
[2026-01-08T17:19:27.494+0000] {processor.py:840} INFO - DAG(s) 'csv_to_postgres_ingestion' retrieved from /opt/airflow/dags/dag1_csv_to_postgres.py
[2026-01-08T17:19:27.574+0000] {logging_mixin.py:188} INFO - [2026-01-08T17:19:27.572+0000] {dag.py:3036} INFO - Sync 1 DAGs
[2026-01-08T17:19:27.654+0000] {logging_mixin.py:188} INFO - [2026-01-08T17:19:27.653+0000] {dag.py:3823} INFO - Setting next_dagrun for csv_to_postgres_ingestion to 2026-01-07 00:00:00+00:00, run_after=2026-01-08 00:00:00+00:00
[2026-01-08T17:19:27.791+0000] {processor.py:183} INFO - Processing /opt/airflow/dags/dag1_csv_to_postgres.py took 1.060 seconds
[2026-01-08T17:19:58.347+0000] {processor.py:161} INFO - Started process (PID=226) to work on /opt/airflow/dags/dag1_csv_to_postgres.py
[2026-01-08T17:19:58.351+0000] {processor.py:830} INFO - Processing file /opt/airflow/dags/dag1_csv_to_postgres.py for tasks to queue
[2026-01-08T17:19:58.356+0000] {logging_mixin.py:188} INFO - [2026-01-08T17:19:58.354+0000] {dagbag.py:538} INFO - Filling up the DagBag from /opt/airflow/dags/dag1_csv_to_postgres.py
[2026-01-08T17:19:59.341+0000] {processor.py:840} INFO - DAG(s) 'csv_to_postgres_ingestion' retrieved from /opt/airflow/dags/dag1_csv_to_postgres.py
[2026-01-08T17:19:59.413+0000] {logging_mixin.py:188} INFO - [2026-01-08T17:19:59.412+0000] {dag.py:3036} INFO - Sync 1 DAGs
[2026-01-08T17:19:59.455+0000] {logging_mixin.py:188} INFO - [2026-01-08T17:19:59.454+0000] {dag.py:3823} INFO - Setting next_dagrun for csv_to_postgres_ingestion to 2026-01-07 00:00:00+00:00, run_after=2026-01-08 00:00:00+00:00
[2026-01-08T17:19:59.495+0000] {processor.py:183} INFO - Processing /opt/airflow/dags/dag1_csv_to_postgres.py took 1.164 seconds
[2026-01-08T17:20:30.148+0000] {processor.py:161} INFO - Started process (PID=232) to work on /opt/airflow/dags/dag1_csv_to_postgres.py
[2026-01-08T17:20:30.154+0000] {processor.py:830} INFO - Processing file /opt/airflow/dags/dag1_csv_to_postgres.py for tasks to queue
[2026-01-08T17:20:30.160+0000] {logging_mixin.py:188} INFO - [2026-01-08T17:20:30.159+0000] {dagbag.py:538} INFO - Filling up the DagBag from /opt/airflow/dags/dag1_csv_to_postgres.py
[2026-01-08T17:20:30.905+0000] {processor.py:840} INFO - DAG(s) 'csv_to_postgres_ingestion' retrieved from /opt/airflow/dags/dag1_csv_to_postgres.py
[2026-01-08T17:20:31.003+0000] {logging_mixin.py:188} INFO - [2026-01-08T17:20:31.002+0000] {dag.py:3036} INFO - Sync 1 DAGs
[2026-01-08T17:20:31.073+0000] {logging_mixin.py:188} INFO - [2026-01-08T17:20:31.072+0000] {dag.py:3823} INFO - Setting next_dagrun for csv_to_postgres_ingestion to 2026-01-07 00:00:00+00:00, run_after=2026-01-08 00:00:00+00:00
[2026-01-08T17:20:31.216+0000] {processor.py:183} INFO - Processing /opt/airflow/dags/dag1_csv_to_postgres.py took 1.088 seconds
[2026-01-08T17:21:01.698+0000] {processor.py:161} INFO - Started process (PID=238) to work on /opt/airflow/dags/dag1_csv_to_postgres.py
[2026-01-08T17:21:01.700+0000] {processor.py:830} INFO - Processing file /opt/airflow/dags/dag1_csv_to_postgres.py for tasks to queue
[2026-01-08T17:21:01.703+0000] {logging_mixin.py:188} INFO - [2026-01-08T17:21:01.702+0000] {dagbag.py:538} INFO - Filling up the DagBag from /opt/airflow/dags/dag1_csv_to_postgres.py
[2026-01-08T17:21:02.322+0000] {processor.py:840} INFO - DAG(s) 'csv_to_postgres_ingestion' retrieved from /opt/airflow/dags/dag1_csv_to_postgres.py
[2026-01-08T17:21:02.371+0000] {logging_mixin.py:188} INFO - [2026-01-08T17:21:02.370+0000] {dag.py:3036} INFO - Sync 1 DAGs
[2026-01-08T17:21:02.417+0000] {logging_mixin.py:188} INFO - [2026-01-08T17:21:02.417+0000] {dag.py:3823} INFO - Setting next_dagrun for csv_to_postgres_ingestion to 2026-01-07 00:00:00+00:00, run_after=2026-01-08 00:00:00+00:00
[2026-01-08T17:21:02.549+0000] {processor.py:183} INFO - Processing /opt/airflow/dags/dag1_csv_to_postgres.py took 0.859 seconds
[2026-01-08T17:21:33.136+0000] {processor.py:161} INFO - Started process (PID=244) to work on /opt/airflow/dags/dag1_csv_to_postgres.py
[2026-01-08T17:21:33.140+0000] {processor.py:830} INFO - Processing file /opt/airflow/dags/dag1_csv_to_postgres.py for tasks to queue
[2026-01-08T17:21:33.144+0000] {logging_mixin.py:188} INFO - [2026-01-08T17:21:33.143+0000] {dagbag.py:538} INFO - Filling up the DagBag from /opt/airflow/dags/dag1_csv_to_postgres.py
[2026-01-08T17:21:33.897+0000] {processor.py:840} INFO - DAG(s) 'csv_to_postgres_ingestion' retrieved from /opt/airflow/dags/dag1_csv_to_postgres.py
[2026-01-08T17:21:33.969+0000] {logging_mixin.py:188} INFO - [2026-01-08T17:21:33.968+0000] {dag.py:3036} INFO - Sync 1 DAGs
[2026-01-08T17:21:34.048+0000] {logging_mixin.py:188} INFO - [2026-01-08T17:21:34.048+0000] {dag.py:3823} INFO - Setting next_dagrun for csv_to_postgres_ingestion to 2026-01-07 00:00:00+00:00, run_after=2026-01-08 00:00:00+00:00
[2026-01-08T17:21:34.166+0000] {processor.py:183} INFO - Processing /opt/airflow/dags/dag1_csv_to_postgres.py took 1.043 seconds
[2026-01-08T17:22:04.683+0000] {processor.py:161} INFO - Started process (PID=250) to work on /opt/airflow/dags/dag1_csv_to_postgres.py
[2026-01-08T17:22:04.687+0000] {processor.py:830} INFO - Processing file /opt/airflow/dags/dag1_csv_to_postgres.py for tasks to queue
[2026-01-08T17:22:04.691+0000] {logging_mixin.py:188} INFO - [2026-01-08T17:22:04.690+0000] {dagbag.py:538} INFO - Filling up the DagBag from /opt/airflow/dags/dag1_csv_to_postgres.py
[2026-01-08T17:22:05.578+0000] {processor.py:840} INFO - DAG(s) 'csv_to_postgres_ingestion' retrieved from /opt/airflow/dags/dag1_csv_to_postgres.py
[2026-01-08T17:22:05.713+0000] {logging_mixin.py:188} INFO - [2026-01-08T17:22:05.711+0000] {dag.py:3036} INFO - Sync 1 DAGs
[2026-01-08T17:22:05.814+0000] {logging_mixin.py:188} INFO - [2026-01-08T17:22:05.813+0000] {dag.py:3823} INFO - Setting next_dagrun for csv_to_postgres_ingestion to 2026-01-07 00:00:00+00:00, run_after=2026-01-08 00:00:00+00:00
[2026-01-08T17:22:05.869+0000] {processor.py:183} INFO - Processing /opt/airflow/dags/dag1_csv_to_postgres.py took 1.195 seconds
[2026-01-08T17:22:36.155+0000] {processor.py:161} INFO - Started process (PID=256) to work on /opt/airflow/dags/dag1_csv_to_postgres.py
[2026-01-08T17:22:36.159+0000] {processor.py:830} INFO - Processing file /opt/airflow/dags/dag1_csv_to_postgres.py for tasks to queue
[2026-01-08T17:22:36.162+0000] {logging_mixin.py:188} INFO - [2026-01-08T17:22:36.161+0000] {dagbag.py:538} INFO - Filling up the DagBag from /opt/airflow/dags/dag1_csv_to_postgres.py
[2026-01-08T17:22:36.961+0000] {processor.py:840} INFO - DAG(s) 'csv_to_postgres_ingestion' retrieved from /opt/airflow/dags/dag1_csv_to_postgres.py
[2026-01-08T17:22:37.037+0000] {logging_mixin.py:188} INFO - [2026-01-08T17:22:37.036+0000] {dag.py:3036} INFO - Sync 1 DAGs
[2026-01-08T17:22:37.100+0000] {logging_mixin.py:188} INFO - [2026-01-08T17:22:37.100+0000] {dag.py:3823} INFO - Setting next_dagrun for csv_to_postgres_ingestion to 2026-01-07 00:00:00+00:00, run_after=2026-01-08 00:00:00+00:00
[2026-01-08T17:22:37.237+0000] {processor.py:183} INFO - Processing /opt/airflow/dags/dag1_csv_to_postgres.py took 1.096 seconds
[2026-01-08T17:23:07.606+0000] {processor.py:161} INFO - Started process (PID=262) to work on /opt/airflow/dags/dag1_csv_to_postgres.py
[2026-01-08T17:23:07.610+0000] {processor.py:830} INFO - Processing file /opt/airflow/dags/dag1_csv_to_postgres.py for tasks to queue
[2026-01-08T17:23:07.618+0000] {logging_mixin.py:188} INFO - [2026-01-08T17:23:07.617+0000] {dagbag.py:538} INFO - Filling up the DagBag from /opt/airflow/dags/dag1_csv_to_postgres.py
[2026-01-08T17:23:08.464+0000] {processor.py:840} INFO - DAG(s) 'csv_to_postgres_ingestion' retrieved from /opt/airflow/dags/dag1_csv_to_postgres.py
[2026-01-08T17:23:08.542+0000] {logging_mixin.py:188} INFO - [2026-01-08T17:23:08.541+0000] {dag.py:3036} INFO - Sync 1 DAGs
[2026-01-08T17:23:08.614+0000] {logging_mixin.py:188} INFO - [2026-01-08T17:23:08.613+0000] {dag.py:3823} INFO - Setting next_dagrun for csv_to_postgres_ingestion to 2026-01-07 00:00:00+00:00, run_after=2026-01-08 00:00:00+00:00
[2026-01-08T17:23:08.783+0000] {processor.py:183} INFO - Processing /opt/airflow/dags/dag1_csv_to_postgres.py took 1.194 seconds
[2026-01-08T17:23:39.147+0000] {processor.py:161} INFO - Started process (PID=268) to work on /opt/airflow/dags/dag1_csv_to_postgres.py
[2026-01-08T17:23:39.151+0000] {processor.py:830} INFO - Processing file /opt/airflow/dags/dag1_csv_to_postgres.py for tasks to queue
[2026-01-08T17:23:39.155+0000] {logging_mixin.py:188} INFO - [2026-01-08T17:23:39.154+0000] {dagbag.py:538} INFO - Filling up the DagBag from /opt/airflow/dags/dag1_csv_to_postgres.py
[2026-01-08T17:23:39.949+0000] {processor.py:840} INFO - DAG(s) 'csv_to_postgres_ingestion' retrieved from /opt/airflow/dags/dag1_csv_to_postgres.py
[2026-01-08T17:23:39.998+0000] {logging_mixin.py:188} INFO - [2026-01-08T17:23:39.997+0000] {dag.py:3036} INFO - Sync 1 DAGs
[2026-01-08T17:23:40.043+0000] {logging_mixin.py:188} INFO - [2026-01-08T17:23:40.043+0000] {dag.py:3823} INFO - Setting next_dagrun for csv_to_postgres_ingestion to 2026-01-07 00:00:00+00:00, run_after=2026-01-08 00:00:00+00:00
[2026-01-08T17:23:40.101+0000] {processor.py:183} INFO - Processing /opt/airflow/dags/dag1_csv_to_postgres.py took 0.967 seconds
[2026-01-08T17:24:10.601+0000] {processor.py:161} INFO - Started process (PID=274) to work on /opt/airflow/dags/dag1_csv_to_postgres.py
[2026-01-08T17:24:10.605+0000] {processor.py:830} INFO - Processing file /opt/airflow/dags/dag1_csv_to_postgres.py for tasks to queue
[2026-01-08T17:24:10.609+0000] {logging_mixin.py:188} INFO - [2026-01-08T17:24:10.608+0000] {dagbag.py:538} INFO - Filling up the DagBag from /opt/airflow/dags/dag1_csv_to_postgres.py
[2026-01-08T17:24:11.424+0000] {processor.py:840} INFO - DAG(s) 'csv_to_postgres_ingestion' retrieved from /opt/airflow/dags/dag1_csv_to_postgres.py
[2026-01-08T17:24:11.506+0000] {logging_mixin.py:188} INFO - [2026-01-08T17:24:11.505+0000] {dag.py:3036} INFO - Sync 1 DAGs
[2026-01-08T17:24:11.662+0000] {logging_mixin.py:188} INFO - [2026-01-08T17:24:11.661+0000] {dag.py:3823} INFO - Setting next_dagrun for csv_to_postgres_ingestion to 2026-01-07 00:00:00+00:00, run_after=2026-01-08 00:00:00+00:00
[2026-01-08T17:24:11.708+0000] {processor.py:183} INFO - Processing /opt/airflow/dags/dag1_csv_to_postgres.py took 1.117 seconds
[2026-01-08T17:24:41.954+0000] {processor.py:161} INFO - Started process (PID=280) to work on /opt/airflow/dags/dag1_csv_to_postgres.py
[2026-01-08T17:24:41.957+0000] {processor.py:830} INFO - Processing file /opt/airflow/dags/dag1_csv_to_postgres.py for tasks to queue
[2026-01-08T17:24:41.959+0000] {logging_mixin.py:188} INFO - [2026-01-08T17:24:41.958+0000] {dagbag.py:538} INFO - Filling up the DagBag from /opt/airflow/dags/dag1_csv_to_postgres.py
[2026-01-08T17:24:42.550+0000] {processor.py:840} INFO - DAG(s) 'csv_to_postgres_ingestion' retrieved from /opt/airflow/dags/dag1_csv_to_postgres.py
[2026-01-08T17:24:42.605+0000] {logging_mixin.py:188} INFO - [2026-01-08T17:24:42.604+0000] {dag.py:3036} INFO - Sync 1 DAGs
[2026-01-08T17:24:42.657+0000] {logging_mixin.py:188} INFO - [2026-01-08T17:24:42.656+0000] {dag.py:3823} INFO - Setting next_dagrun for csv_to_postgres_ingestion to 2026-01-07 00:00:00+00:00, run_after=2026-01-08 00:00:00+00:00
[2026-01-08T17:24:42.762+0000] {processor.py:183} INFO - Processing /opt/airflow/dags/dag1_csv_to_postgres.py took 0.814 seconds
[2026-01-08T17:25:13.596+0000] {processor.py:161} INFO - Started process (PID=286) to work on /opt/airflow/dags/dag1_csv_to_postgres.py
[2026-01-08T17:25:13.601+0000] {processor.py:830} INFO - Processing file /opt/airflow/dags/dag1_csv_to_postgres.py for tasks to queue
[2026-01-08T17:25:13.605+0000] {logging_mixin.py:188} INFO - [2026-01-08T17:25:13.604+0000] {dagbag.py:538} INFO - Filling up the DagBag from /opt/airflow/dags/dag1_csv_to_postgres.py
[2026-01-08T17:25:14.493+0000] {processor.py:840} INFO - DAG(s) 'csv_to_postgres_ingestion' retrieved from /opt/airflow/dags/dag1_csv_to_postgres.py
[2026-01-08T17:25:14.568+0000] {logging_mixin.py:188} INFO - [2026-01-08T17:25:14.567+0000] {dag.py:3036} INFO - Sync 1 DAGs
[2026-01-08T17:25:14.631+0000] {logging_mixin.py:188} INFO - [2026-01-08T17:25:14.630+0000] {dag.py:3823} INFO - Setting next_dagrun for csv_to_postgres_ingestion to 2026-01-07 00:00:00+00:00, run_after=2026-01-08 00:00:00+00:00
[2026-01-08T17:25:14.687+0000] {processor.py:183} INFO - Processing /opt/airflow/dags/dag1_csv_to_postgres.py took 1.105 seconds
[2026-01-08T17:25:45.424+0000] {processor.py:161} INFO - Started process (PID=292) to work on /opt/airflow/dags/dag1_csv_to_postgres.py
[2026-01-08T17:25:45.434+0000] {processor.py:830} INFO - Processing file /opt/airflow/dags/dag1_csv_to_postgres.py for tasks to queue
[2026-01-08T17:25:45.442+0000] {logging_mixin.py:188} INFO - [2026-01-08T17:25:45.440+0000] {dagbag.py:538} INFO - Filling up the DagBag from /opt/airflow/dags/dag1_csv_to_postgres.py
[2026-01-08T17:25:46.548+0000] {processor.py:840} INFO - DAG(s) 'csv_to_postgres_ingestion' retrieved from /opt/airflow/dags/dag1_csv_to_postgres.py
[2026-01-08T17:25:46.613+0000] {logging_mixin.py:188} INFO - [2026-01-08T17:25:46.612+0000] {dag.py:3036} INFO - Sync 1 DAGs
[2026-01-08T17:25:46.676+0000] {logging_mixin.py:188} INFO - [2026-01-08T17:25:46.675+0000] {dag.py:3823} INFO - Setting next_dagrun for csv_to_postgres_ingestion to 2026-01-07 00:00:00+00:00, run_after=2026-01-08 00:00:00+00:00
[2026-01-08T17:25:46.803+0000] {processor.py:183} INFO - Processing /opt/airflow/dags/dag1_csv_to_postgres.py took 1.396 seconds
[2026-01-08T17:26:17.086+0000] {processor.py:161} INFO - Started process (PID=298) to work on /opt/airflow/dags/dag1_csv_to_postgres.py
[2026-01-08T17:26:17.090+0000] {processor.py:830} INFO - Processing file /opt/airflow/dags/dag1_csv_to_postgres.py for tasks to queue
[2026-01-08T17:26:17.093+0000] {logging_mixin.py:188} INFO - [2026-01-08T17:26:17.092+0000] {dagbag.py:538} INFO - Filling up the DagBag from /opt/airflow/dags/dag1_csv_to_postgres.py
[2026-01-08T17:26:18.078+0000] {processor.py:840} INFO - DAG(s) 'csv_to_postgres_ingestion' retrieved from /opt/airflow/dags/dag1_csv_to_postgres.py
[2026-01-08T17:26:18.177+0000] {logging_mixin.py:188} INFO - [2026-01-08T17:26:18.176+0000] {dag.py:3036} INFO - Sync 1 DAGs
[2026-01-08T17:26:18.239+0000] {logging_mixin.py:188} INFO - [2026-01-08T17:26:18.239+0000] {dag.py:3823} INFO - Setting next_dagrun for csv_to_postgres_ingestion to 2026-01-07 00:00:00+00:00, run_after=2026-01-08 00:00:00+00:00
[2026-01-08T17:26:18.290+0000] {processor.py:183} INFO - Processing /opt/airflow/dags/dag1_csv_to_postgres.py took 1.218 seconds
[2026-01-08T17:26:48.451+0000] {processor.py:161} INFO - Started process (PID=304) to work on /opt/airflow/dags/dag1_csv_to_postgres.py
[2026-01-08T17:26:48.454+0000] {processor.py:830} INFO - Processing file /opt/airflow/dags/dag1_csv_to_postgres.py for tasks to queue
[2026-01-08T17:26:48.456+0000] {logging_mixin.py:188} INFO - [2026-01-08T17:26:48.455+0000] {dagbag.py:538} INFO - Filling up the DagBag from /opt/airflow/dags/dag1_csv_to_postgres.py
[2026-01-08T17:26:49.385+0000] {processor.py:840} INFO - DAG(s) 'csv_to_postgres_ingestion' retrieved from /opt/airflow/dags/dag1_csv_to_postgres.py
[2026-01-08T17:26:49.458+0000] {logging_mixin.py:188} INFO - [2026-01-08T17:26:49.457+0000] {dag.py:3036} INFO - Sync 1 DAGs
[2026-01-08T17:26:49.584+0000] {logging_mixin.py:188} INFO - [2026-01-08T17:26:49.584+0000] {dag.py:3823} INFO - Setting next_dagrun for csv_to_postgres_ingestion to 2026-01-07 00:00:00+00:00, run_after=2026-01-08 00:00:00+00:00
[2026-01-08T17:26:49.721+0000] {processor.py:183} INFO - Processing /opt/airflow/dags/dag1_csv_to_postgres.py took 1.279 seconds
[2026-01-08T17:27:20.242+0000] {processor.py:161} INFO - Started process (PID=310) to work on /opt/airflow/dags/dag1_csv_to_postgres.py
[2026-01-08T17:27:20.247+0000] {processor.py:830} INFO - Processing file /opt/airflow/dags/dag1_csv_to_postgres.py for tasks to queue
[2026-01-08T17:27:20.250+0000] {logging_mixin.py:188} INFO - [2026-01-08T17:27:20.249+0000] {dagbag.py:538} INFO - Filling up the DagBag from /opt/airflow/dags/dag1_csv_to_postgres.py
[2026-01-08T17:27:21.032+0000] {processor.py:840} INFO - DAG(s) 'csv_to_postgres_ingestion' retrieved from /opt/airflow/dags/dag1_csv_to_postgres.py
[2026-01-08T17:27:21.088+0000] {logging_mixin.py:188} INFO - [2026-01-08T17:27:21.088+0000] {dag.py:3036} INFO - Sync 1 DAGs
[2026-01-08T17:27:21.129+0000] {logging_mixin.py:188} INFO - [2026-01-08T17:27:21.129+0000] {dag.py:3823} INFO - Setting next_dagrun for csv_to_postgres_ingestion to 2026-01-07 00:00:00+00:00, run_after=2026-01-08 00:00:00+00:00
[2026-01-08T17:27:21.239+0000] {processor.py:183} INFO - Processing /opt/airflow/dags/dag1_csv_to_postgres.py took 1.015 seconds
[2026-01-08T17:27:51.705+0000] {processor.py:161} INFO - Started process (PID=316) to work on /opt/airflow/dags/dag1_csv_to_postgres.py
[2026-01-08T17:27:51.708+0000] {processor.py:830} INFO - Processing file /opt/airflow/dags/dag1_csv_to_postgres.py for tasks to queue
[2026-01-08T17:27:51.711+0000] {logging_mixin.py:188} INFO - [2026-01-08T17:27:51.710+0000] {dagbag.py:538} INFO - Filling up the DagBag from /opt/airflow/dags/dag1_csv_to_postgres.py
[2026-01-08T17:27:52.446+0000] {processor.py:840} INFO - DAG(s) 'csv_to_postgres_ingestion' retrieved from /opt/airflow/dags/dag1_csv_to_postgres.py
[2026-01-08T17:27:52.513+0000] {logging_mixin.py:188} INFO - [2026-01-08T17:27:52.513+0000] {dag.py:3036} INFO - Sync 1 DAGs
[2026-01-08T17:27:52.566+0000] {logging_mixin.py:188} INFO - [2026-01-08T17:27:52.565+0000] {dag.py:3823} INFO - Setting next_dagrun for csv_to_postgres_ingestion to 2026-01-07 00:00:00+00:00, run_after=2026-01-08 00:00:00+00:00
[2026-01-08T17:27:52.623+0000] {processor.py:183} INFO - Processing /opt/airflow/dags/dag1_csv_to_postgres.py took 0.927 seconds
[2026-01-08T17:28:23.265+0000] {processor.py:161} INFO - Started process (PID=322) to work on /opt/airflow/dags/dag1_csv_to_postgres.py
[2026-01-08T17:28:23.268+0000] {processor.py:830} INFO - Processing file /opt/airflow/dags/dag1_csv_to_postgres.py for tasks to queue
[2026-01-08T17:28:23.271+0000] {logging_mixin.py:188} INFO - [2026-01-08T17:28:23.270+0000] {dagbag.py:538} INFO - Filling up the DagBag from /opt/airflow/dags/dag1_csv_to_postgres.py
[2026-01-08T17:28:23.984+0000] {processor.py:840} INFO - DAG(s) 'csv_to_postgres_ingestion' retrieved from /opt/airflow/dags/dag1_csv_to_postgres.py
[2026-01-08T17:28:24.055+0000] {logging_mixin.py:188} INFO - [2026-01-08T17:28:24.055+0000] {dag.py:3036} INFO - Sync 1 DAGs
[2026-01-08T17:28:24.118+0000] {logging_mixin.py:188} INFO - [2026-01-08T17:28:24.118+0000] {dag.py:3823} INFO - Setting next_dagrun for csv_to_postgres_ingestion to 2026-01-07 00:00:00+00:00, run_after=2026-01-08 00:00:00+00:00
[2026-01-08T17:28:24.229+0000] {processor.py:183} INFO - Processing /opt/airflow/dags/dag1_csv_to_postgres.py took 0.973 seconds
[2026-01-08T17:28:54.878+0000] {processor.py:161} INFO - Started process (PID=328) to work on /opt/airflow/dags/dag1_csv_to_postgres.py
[2026-01-08T17:28:54.884+0000] {processor.py:830} INFO - Processing file /opt/airflow/dags/dag1_csv_to_postgres.py for tasks to queue
[2026-01-08T17:28:54.889+0000] {logging_mixin.py:188} INFO - [2026-01-08T17:28:54.888+0000] {dagbag.py:538} INFO - Filling up the DagBag from /opt/airflow/dags/dag1_csv_to_postgres.py
[2026-01-08T17:28:55.566+0000] {processor.py:840} INFO - DAG(s) 'csv_to_postgres_ingestion' retrieved from /opt/airflow/dags/dag1_csv_to_postgres.py
[2026-01-08T17:28:55.634+0000] {logging_mixin.py:188} INFO - [2026-01-08T17:28:55.633+0000] {dag.py:3036} INFO - Sync 1 DAGs
[2026-01-08T17:28:55.700+0000] {logging_mixin.py:188} INFO - [2026-01-08T17:28:55.699+0000] {dag.py:3823} INFO - Setting next_dagrun for csv_to_postgres_ingestion to 2026-01-07 00:00:00+00:00, run_after=2026-01-08 00:00:00+00:00
[2026-01-08T17:28:55.780+0000] {processor.py:183} INFO - Processing /opt/airflow/dags/dag1_csv_to_postgres.py took 0.918 seconds
[2026-01-08T17:29:26.487+0000] {processor.py:161} INFO - Started process (PID=334) to work on /opt/airflow/dags/dag1_csv_to_postgres.py
[2026-01-08T17:29:26.492+0000] {processor.py:830} INFO - Processing file /opt/airflow/dags/dag1_csv_to_postgres.py for tasks to queue
[2026-01-08T17:29:26.497+0000] {logging_mixin.py:188} INFO - [2026-01-08T17:29:26.496+0000] {dagbag.py:538} INFO - Filling up the DagBag from /opt/airflow/dags/dag1_csv_to_postgres.py
[2026-01-08T17:29:27.119+0000] {processor.py:840} INFO - DAG(s) 'csv_to_postgres_ingestion' retrieved from /opt/airflow/dags/dag1_csv_to_postgres.py
[2026-01-08T17:29:27.168+0000] {logging_mixin.py:188} INFO - [2026-01-08T17:29:27.168+0000] {dag.py:3036} INFO - Sync 1 DAGs
[2026-01-08T17:29:27.232+0000] {logging_mixin.py:188} INFO - [2026-01-08T17:29:27.232+0000] {dag.py:3823} INFO - Setting next_dagrun for csv_to_postgres_ingestion to 2026-01-07 00:00:00+00:00, run_after=2026-01-08 00:00:00+00:00
[2026-01-08T17:29:27.289+0000] {processor.py:183} INFO - Processing /opt/airflow/dags/dag1_csv_to_postgres.py took 0.817 seconds
[2026-01-08T17:29:58.204+0000] {processor.py:161} INFO - Started process (PID=340) to work on /opt/airflow/dags/dag1_csv_to_postgres.py
[2026-01-08T17:29:58.212+0000] {processor.py:830} INFO - Processing file /opt/airflow/dags/dag1_csv_to_postgres.py for tasks to queue
[2026-01-08T17:29:58.224+0000] {logging_mixin.py:188} INFO - [2026-01-08T17:29:58.222+0000] {dagbag.py:538} INFO - Filling up the DagBag from /opt/airflow/dags/dag1_csv_to_postgres.py
[2026-01-08T17:29:59.148+0000] {processor.py:840} INFO - DAG(s) 'csv_to_postgres_ingestion' retrieved from /opt/airflow/dags/dag1_csv_to_postgres.py
[2026-01-08T17:29:59.220+0000] {logging_mixin.py:188} INFO - [2026-01-08T17:29:59.219+0000] {dag.py:3036} INFO - Sync 1 DAGs
[2026-01-08T17:29:59.284+0000] {logging_mixin.py:188} INFO - [2026-01-08T17:29:59.283+0000] {dag.py:3823} INFO - Setting next_dagrun for csv_to_postgres_ingestion to 2026-01-07 00:00:00+00:00, run_after=2026-01-08 00:00:00+00:00
[2026-01-08T17:29:59.411+0000] {processor.py:183} INFO - Processing /opt/airflow/dags/dag1_csv_to_postgres.py took 1.233 seconds
[2026-01-08T17:30:29.783+0000] {processor.py:161} INFO - Started process (PID=346) to work on /opt/airflow/dags/dag1_csv_to_postgres.py
[2026-01-08T17:30:29.787+0000] {processor.py:830} INFO - Processing file /opt/airflow/dags/dag1_csv_to_postgres.py for tasks to queue
[2026-01-08T17:30:29.799+0000] {logging_mixin.py:188} INFO - [2026-01-08T17:30:29.794+0000] {dagbag.py:538} INFO - Filling up the DagBag from /opt/airflow/dags/dag1_csv_to_postgres.py
[2026-01-08T17:30:30.547+0000] {processor.py:840} INFO - DAG(s) 'csv_to_postgres_ingestion' retrieved from /opt/airflow/dags/dag1_csv_to_postgres.py
[2026-01-08T17:30:30.618+0000] {logging_mixin.py:188} INFO - [2026-01-08T17:30:30.617+0000] {dag.py:3036} INFO - Sync 1 DAGs
[2026-01-08T17:30:30.677+0000] {logging_mixin.py:188} INFO - [2026-01-08T17:30:30.677+0000] {dag.py:3823} INFO - Setting next_dagrun for csv_to_postgres_ingestion to 2026-01-07 00:00:00+00:00, run_after=2026-01-08 00:00:00+00:00
[2026-01-08T17:30:30.772+0000] {processor.py:183} INFO - Processing /opt/airflow/dags/dag1_csv_to_postgres.py took 1.009 seconds
[2026-01-08T17:31:01.268+0000] {processor.py:161} INFO - Started process (PID=352) to work on /opt/airflow/dags/dag1_csv_to_postgres.py
[2026-01-08T17:31:01.272+0000] {processor.py:830} INFO - Processing file /opt/airflow/dags/dag1_csv_to_postgres.py for tasks to queue
[2026-01-08T17:31:01.281+0000] {logging_mixin.py:188} INFO - [2026-01-08T17:31:01.280+0000] {dagbag.py:538} INFO - Filling up the DagBag from /opt/airflow/dags/dag1_csv_to_postgres.py
[2026-01-08T17:31:02.003+0000] {processor.py:840} INFO - DAG(s) 'csv_to_postgres_ingestion' retrieved from /opt/airflow/dags/dag1_csv_to_postgres.py
[2026-01-08T17:31:02.059+0000] {logging_mixin.py:188} INFO - [2026-01-08T17:31:02.058+0000] {dag.py:3036} INFO - Sync 1 DAGs
[2026-01-08T17:31:02.125+0000] {logging_mixin.py:188} INFO - [2026-01-08T17:31:02.125+0000] {dag.py:3823} INFO - Setting next_dagrun for csv_to_postgres_ingestion to 2026-01-07 00:00:00+00:00, run_after=2026-01-08 00:00:00+00:00
[2026-01-08T17:31:02.163+0000] {processor.py:183} INFO - Processing /opt/airflow/dags/dag1_csv_to_postgres.py took 0.908 seconds
[2026-01-08T17:31:32.825+0000] {processor.py:161} INFO - Started process (PID=358) to work on /opt/airflow/dags/dag1_csv_to_postgres.py
[2026-01-08T17:31:32.831+0000] {processor.py:830} INFO - Processing file /opt/airflow/dags/dag1_csv_to_postgres.py for tasks to queue
[2026-01-08T17:31:32.836+0000] {logging_mixin.py:188} INFO - [2026-01-08T17:31:32.835+0000] {dagbag.py:538} INFO - Filling up the DagBag from /opt/airflow/dags/dag1_csv_to_postgres.py
[2026-01-08T17:31:33.677+0000] {processor.py:840} INFO - DAG(s) 'csv_to_postgres_ingestion' retrieved from /opt/airflow/dags/dag1_csv_to_postgres.py
[2026-01-08T17:31:33.752+0000] {logging_mixin.py:188} INFO - [2026-01-08T17:31:33.751+0000] {dag.py:3036} INFO - Sync 1 DAGs
[2026-01-08T17:31:33.820+0000] {logging_mixin.py:188} INFO - [2026-01-08T17:31:33.819+0000] {dag.py:3823} INFO - Setting next_dagrun for csv_to_postgres_ingestion to 2026-01-07 00:00:00+00:00, run_after=2026-01-08 00:00:00+00:00
[2026-01-08T17:31:34.151+0000] {processor.py:183} INFO - Processing /opt/airflow/dags/dag1_csv_to_postgres.py took 1.343 seconds
[2026-01-08T17:32:04.443+0000] {processor.py:161} INFO - Started process (PID=364) to work on /opt/airflow/dags/dag1_csv_to_postgres.py
[2026-01-08T17:32:04.450+0000] {processor.py:830} INFO - Processing file /opt/airflow/dags/dag1_csv_to_postgres.py for tasks to queue
[2026-01-08T17:32:04.455+0000] {logging_mixin.py:188} INFO - [2026-01-08T17:32:04.454+0000] {dagbag.py:538} INFO - Filling up the DagBag from /opt/airflow/dags/dag1_csv_to_postgres.py
[2026-01-08T17:32:05.209+0000] {processor.py:840} INFO - DAG(s) 'csv_to_postgres_ingestion' retrieved from /opt/airflow/dags/dag1_csv_to_postgres.py
[2026-01-08T17:32:05.263+0000] {logging_mixin.py:188} INFO - [2026-01-08T17:32:05.262+0000] {dag.py:3036} INFO - Sync 1 DAGs
[2026-01-08T17:32:05.308+0000] {logging_mixin.py:188} INFO - [2026-01-08T17:32:05.307+0000] {dag.py:3823} INFO - Setting next_dagrun for csv_to_postgres_ingestion to 2026-01-07 00:00:00+00:00, run_after=2026-01-08 00:00:00+00:00
[2026-01-08T17:32:05.350+0000] {processor.py:183} INFO - Processing /opt/airflow/dags/dag1_csv_to_postgres.py took 0.928 seconds
[2026-01-08T17:32:35.971+0000] {processor.py:161} INFO - Started process (PID=370) to work on /opt/airflow/dags/dag1_csv_to_postgres.py
[2026-01-08T17:32:35.976+0000] {processor.py:830} INFO - Processing file /opt/airflow/dags/dag1_csv_to_postgres.py for tasks to queue
[2026-01-08T17:32:35.982+0000] {logging_mixin.py:188} INFO - [2026-01-08T17:32:35.980+0000] {dagbag.py:538} INFO - Filling up the DagBag from /opt/airflow/dags/dag1_csv_to_postgres.py
[2026-01-08T17:32:36.890+0000] {processor.py:840} INFO - DAG(s) 'csv_to_postgres_ingestion' retrieved from /opt/airflow/dags/dag1_csv_to_postgres.py
[2026-01-08T17:32:37.005+0000] {logging_mixin.py:188} INFO - [2026-01-08T17:32:37.004+0000] {dag.py:3036} INFO - Sync 1 DAGs
[2026-01-08T17:32:37.113+0000] {logging_mixin.py:188} INFO - [2026-01-08T17:32:37.112+0000] {dag.py:3823} INFO - Setting next_dagrun for csv_to_postgres_ingestion to 2026-01-07 00:00:00+00:00, run_after=2026-01-08 00:00:00+00:00
[2026-01-08T17:32:37.247+0000] {processor.py:183} INFO - Processing /opt/airflow/dags/dag1_csv_to_postgres.py took 1.291 seconds
[2026-01-08T17:33:07.501+0000] {processor.py:161} INFO - Started process (PID=376) to work on /opt/airflow/dags/dag1_csv_to_postgres.py
[2026-01-08T17:33:07.504+0000] {processor.py:830} INFO - Processing file /opt/airflow/dags/dag1_csv_to_postgres.py for tasks to queue
[2026-01-08T17:33:07.507+0000] {logging_mixin.py:188} INFO - [2026-01-08T17:33:07.506+0000] {dagbag.py:538} INFO - Filling up the DagBag from /opt/airflow/dags/dag1_csv_to_postgres.py
[2026-01-08T17:33:08.155+0000] {processor.py:840} INFO - DAG(s) 'csv_to_postgres_ingestion' retrieved from /opt/airflow/dags/dag1_csv_to_postgres.py
[2026-01-08T17:33:08.225+0000] {logging_mixin.py:188} INFO - [2026-01-08T17:33:08.225+0000] {dag.py:3036} INFO - Sync 1 DAGs
[2026-01-08T17:33:08.303+0000] {logging_mixin.py:188} INFO - [2026-01-08T17:33:08.302+0000] {dag.py:3823} INFO - Setting next_dagrun for csv_to_postgres_ingestion to 2026-01-07 00:00:00+00:00, run_after=2026-01-08 00:00:00+00:00
[2026-01-08T17:33:08.354+0000] {processor.py:183} INFO - Processing /opt/airflow/dags/dag1_csv_to_postgres.py took 0.863 seconds
[2026-01-08T17:33:39.077+0000] {processor.py:161} INFO - Started process (PID=382) to work on /opt/airflow/dags/dag1_csv_to_postgres.py
[2026-01-08T17:33:39.083+0000] {processor.py:830} INFO - Processing file /opt/airflow/dags/dag1_csv_to_postgres.py for tasks to queue
[2026-01-08T17:33:39.091+0000] {logging_mixin.py:188} INFO - [2026-01-08T17:33:39.089+0000] {dagbag.py:538} INFO - Filling up the DagBag from /opt/airflow/dags/dag1_csv_to_postgres.py
[2026-01-08T17:33:40.077+0000] {processor.py:840} INFO - DAG(s) 'csv_to_postgres_ingestion' retrieved from /opt/airflow/dags/dag1_csv_to_postgres.py
[2026-01-08T17:33:40.136+0000] {logging_mixin.py:188} INFO - [2026-01-08T17:33:40.135+0000] {dag.py:3036} INFO - Sync 1 DAGs
[2026-01-08T17:33:40.182+0000] {logging_mixin.py:188} INFO - [2026-01-08T17:33:40.182+0000] {dag.py:3823} INFO - Setting next_dagrun for csv_to_postgres_ingestion to 2026-01-07 00:00:00+00:00, run_after=2026-01-08 00:00:00+00:00
[2026-01-08T17:33:40.279+0000] {processor.py:183} INFO - Processing /opt/airflow/dags/dag1_csv_to_postgres.py took 1.223 seconds
[2026-01-08T17:34:10.652+0000] {processor.py:161} INFO - Started process (PID=388) to work on /opt/airflow/dags/dag1_csv_to_postgres.py
[2026-01-08T17:34:10.658+0000] {processor.py:830} INFO - Processing file /opt/airflow/dags/dag1_csv_to_postgres.py for tasks to queue
[2026-01-08T17:34:10.664+0000] {logging_mixin.py:188} INFO - [2026-01-08T17:34:10.663+0000] {dagbag.py:538} INFO - Filling up the DagBag from /opt/airflow/dags/dag1_csv_to_postgres.py
[2026-01-08T17:34:11.631+0000] {processor.py:840} INFO - DAG(s) 'csv_to_postgres_ingestion' retrieved from /opt/airflow/dags/dag1_csv_to_postgres.py
[2026-01-08T17:34:11.684+0000] {logging_mixin.py:188} INFO - [2026-01-08T17:34:11.683+0000] {dag.py:3036} INFO - Sync 1 DAGs
[2026-01-08T17:34:11.727+0000] {logging_mixin.py:188} INFO - [2026-01-08T17:34:11.727+0000] {dag.py:3823} INFO - Setting next_dagrun for csv_to_postgres_ingestion to 2026-01-07 00:00:00+00:00, run_after=2026-01-08 00:00:00+00:00
[2026-01-08T17:34:11.768+0000] {processor.py:183} INFO - Processing /opt/airflow/dags/dag1_csv_to_postgres.py took 1.142 seconds
[2026-01-08T17:34:42.353+0000] {processor.py:161} INFO - Started process (PID=394) to work on /opt/airflow/dags/dag1_csv_to_postgres.py
[2026-01-08T17:34:42.366+0000] {processor.py:830} INFO - Processing file /opt/airflow/dags/dag1_csv_to_postgres.py for tasks to queue
[2026-01-08T17:34:42.375+0000] {logging_mixin.py:188} INFO - [2026-01-08T17:34:42.373+0000] {dagbag.py:538} INFO - Filling up the DagBag from /opt/airflow/dags/dag1_csv_to_postgres.py
[2026-01-08T17:34:43.321+0000] {processor.py:840} INFO - DAG(s) 'csv_to_postgres_ingestion' retrieved from /opt/airflow/dags/dag1_csv_to_postgres.py
[2026-01-08T17:34:43.391+0000] {logging_mixin.py:188} INFO - [2026-01-08T17:34:43.390+0000] {dag.py:3036} INFO - Sync 1 DAGs
[2026-01-08T17:34:43.452+0000] {logging_mixin.py:188} INFO - [2026-01-08T17:34:43.452+0000] {dag.py:3823} INFO - Setting next_dagrun for csv_to_postgres_ingestion to 2026-01-07 00:00:00+00:00, run_after=2026-01-08 00:00:00+00:00
[2026-01-08T17:34:43.745+0000] {processor.py:183} INFO - Processing /opt/airflow/dags/dag1_csv_to_postgres.py took 1.427 seconds
[2026-01-08T17:35:13.956+0000] {processor.py:161} INFO - Started process (PID=400) to work on /opt/airflow/dags/dag1_csv_to_postgres.py
[2026-01-08T17:35:13.962+0000] {processor.py:830} INFO - Processing file /opt/airflow/dags/dag1_csv_to_postgres.py for tasks to queue
[2026-01-08T17:35:13.968+0000] {logging_mixin.py:188} INFO - [2026-01-08T17:35:13.967+0000] {dagbag.py:538} INFO - Filling up the DagBag from /opt/airflow/dags/dag1_csv_to_postgres.py
[2026-01-08T17:35:14.800+0000] {processor.py:840} INFO - DAG(s) 'csv_to_postgres_ingestion' retrieved from /opt/airflow/dags/dag1_csv_to_postgres.py
[2026-01-08T17:35:14.847+0000] {logging_mixin.py:188} INFO - [2026-01-08T17:35:14.846+0000] {dag.py:3036} INFO - Sync 1 DAGs
[2026-01-08T17:35:14.892+0000] {logging_mixin.py:188} INFO - [2026-01-08T17:35:14.892+0000] {dag.py:3823} INFO - Setting next_dagrun for csv_to_postgres_ingestion to 2026-01-07 00:00:00+00:00, run_after=2026-01-08 00:00:00+00:00
[2026-01-08T17:35:15.025+0000] {processor.py:183} INFO - Processing /opt/airflow/dags/dag1_csv_to_postgres.py took 1.089 seconds
[2026-01-08T17:35:45.538+0000] {processor.py:161} INFO - Started process (PID=406) to work on /opt/airflow/dags/dag1_csv_to_postgres.py
[2026-01-08T17:35:45.543+0000] {processor.py:830} INFO - Processing file /opt/airflow/dags/dag1_csv_to_postgres.py for tasks to queue
[2026-01-08T17:35:45.549+0000] {logging_mixin.py:188} INFO - [2026-01-08T17:35:45.547+0000] {dagbag.py:538} INFO - Filling up the DagBag from /opt/airflow/dags/dag1_csv_to_postgres.py
[2026-01-08T17:35:46.241+0000] {processor.py:840} INFO - DAG(s) 'csv_to_postgres_ingestion' retrieved from /opt/airflow/dags/dag1_csv_to_postgres.py
[2026-01-08T17:35:46.313+0000] {logging_mixin.py:188} INFO - [2026-01-08T17:35:46.312+0000] {dag.py:3036} INFO - Sync 1 DAGs
[2026-01-08T17:35:46.374+0000] {logging_mixin.py:188} INFO - [2026-01-08T17:35:46.373+0000] {dag.py:3823} INFO - Setting next_dagrun for csv_to_postgres_ingestion to 2026-01-07 00:00:00+00:00, run_after=2026-01-08 00:00:00+00:00
[2026-01-08T17:35:46.498+0000] {processor.py:183} INFO - Processing /opt/airflow/dags/dag1_csv_to_postgres.py took 0.978 seconds
[2026-01-08T17:36:17.018+0000] {processor.py:161} INFO - Started process (PID=412) to work on /opt/airflow/dags/dag1_csv_to_postgres.py
[2026-01-08T17:36:17.022+0000] {processor.py:830} INFO - Processing file /opt/airflow/dags/dag1_csv_to_postgres.py for tasks to queue
[2026-01-08T17:36:17.026+0000] {logging_mixin.py:188} INFO - [2026-01-08T17:36:17.025+0000] {dagbag.py:538} INFO - Filling up the DagBag from /opt/airflow/dags/dag1_csv_to_postgres.py
[2026-01-08T17:36:17.815+0000] {processor.py:840} INFO - DAG(s) 'csv_to_postgres_ingestion' retrieved from /opt/airflow/dags/dag1_csv_to_postgres.py
[2026-01-08T17:36:17.871+0000] {logging_mixin.py:188} INFO - [2026-01-08T17:36:17.870+0000] {dag.py:3036} INFO - Sync 1 DAGs
[2026-01-08T17:36:17.931+0000] {logging_mixin.py:188} INFO - [2026-01-08T17:36:17.931+0000] {dag.py:3823} INFO - Setting next_dagrun for csv_to_postgres_ingestion to 2026-01-07 00:00:00+00:00, run_after=2026-01-08 00:00:00+00:00
[2026-01-08T17:36:18.045+0000] {processor.py:183} INFO - Processing /opt/airflow/dags/dag1_csv_to_postgres.py took 1.038 seconds
[2026-01-08T17:36:48.716+0000] {processor.py:161} INFO - Started process (PID=418) to work on /opt/airflow/dags/dag1_csv_to_postgres.py
[2026-01-08T17:36:48.723+0000] {processor.py:830} INFO - Processing file /opt/airflow/dags/dag1_csv_to_postgres.py for tasks to queue
[2026-01-08T17:36:48.729+0000] {logging_mixin.py:188} INFO - [2026-01-08T17:36:48.728+0000] {dagbag.py:538} INFO - Filling up the DagBag from /opt/airflow/dags/dag1_csv_to_postgres.py
[2026-01-08T17:36:49.531+0000] {processor.py:840} INFO - DAG(s) 'csv_to_postgres_ingestion' retrieved from /opt/airflow/dags/dag1_csv_to_postgres.py
[2026-01-08T17:36:49.601+0000] {logging_mixin.py:188} INFO - [2026-01-08T17:36:49.600+0000] {dag.py:3036} INFO - Sync 1 DAGs
[2026-01-08T17:36:49.677+0000] {logging_mixin.py:188} INFO - [2026-01-08T17:36:49.677+0000] {dag.py:3823} INFO - Setting next_dagrun for csv_to_postgres_ingestion to 2026-01-07 00:00:00+00:00, run_after=2026-01-08 00:00:00+00:00
[2026-01-08T17:36:49.751+0000] {processor.py:183} INFO - Processing /opt/airflow/dags/dag1_csv_to_postgres.py took 1.053 seconds
[2026-01-08T17:37:20.273+0000] {processor.py:161} INFO - Started process (PID=424) to work on /opt/airflow/dags/dag1_csv_to_postgres.py
[2026-01-08T17:37:20.281+0000] {processor.py:830} INFO - Processing file /opt/airflow/dags/dag1_csv_to_postgres.py for tasks to queue
[2026-01-08T17:37:20.286+0000] {logging_mixin.py:188} INFO - [2026-01-08T17:37:20.285+0000] {dagbag.py:538} INFO - Filling up the DagBag from /opt/airflow/dags/dag1_csv_to_postgres.py
[2026-01-08T17:37:21.094+0000] {processor.py:840} INFO - DAG(s) 'csv_to_postgres_ingestion' retrieved from /opt/airflow/dags/dag1_csv_to_postgres.py
[2026-01-08T17:37:21.175+0000] {logging_mixin.py:188} INFO - [2026-01-08T17:37:21.174+0000] {dag.py:3036} INFO - Sync 1 DAGs
[2026-01-08T17:37:21.261+0000] {logging_mixin.py:188} INFO - [2026-01-08T17:37:21.261+0000] {dag.py:3823} INFO - Setting next_dagrun for csv_to_postgres_ingestion to 2026-01-07 00:00:00+00:00, run_after=2026-01-08 00:00:00+00:00
[2026-01-08T17:37:21.686+0000] {processor.py:183} INFO - Processing /opt/airflow/dags/dag1_csv_to_postgres.py took 1.427 seconds
[2026-01-08T17:37:52.014+0000] {processor.py:161} INFO - Started process (PID=430) to work on /opt/airflow/dags/dag1_csv_to_postgres.py
[2026-01-08T17:37:52.021+0000] {processor.py:830} INFO - Processing file /opt/airflow/dags/dag1_csv_to_postgres.py for tasks to queue
[2026-01-08T17:37:52.028+0000] {logging_mixin.py:188} INFO - [2026-01-08T17:37:52.026+0000] {dagbag.py:538} INFO - Filling up the DagBag from /opt/airflow/dags/dag1_csv_to_postgres.py
[2026-01-08T17:37:52.762+0000] {processor.py:840} INFO - DAG(s) 'csv_to_postgres_ingestion' retrieved from /opt/airflow/dags/dag1_csv_to_postgres.py
[2026-01-08T17:37:52.834+0000] {logging_mixin.py:188} INFO - [2026-01-08T17:37:52.833+0000] {dag.py:3036} INFO - Sync 1 DAGs
[2026-01-08T17:37:52.924+0000] {logging_mixin.py:188} INFO - [2026-01-08T17:37:52.923+0000] {dag.py:3823} INFO - Setting next_dagrun for csv_to_postgres_ingestion to 2026-01-07 00:00:00+00:00, run_after=2026-01-08 00:00:00+00:00
[2026-01-08T17:37:53.347+0000] {processor.py:183} INFO - Processing /opt/airflow/dags/dag1_csv_to_postgres.py took 1.360 seconds
[2026-01-08T17:38:23.875+0000] {processor.py:161} INFO - Started process (PID=436) to work on /opt/airflow/dags/dag1_csv_to_postgres.py
[2026-01-08T17:38:23.881+0000] {processor.py:830} INFO - Processing file /opt/airflow/dags/dag1_csv_to_postgres.py for tasks to queue
[2026-01-08T17:38:23.887+0000] {logging_mixin.py:188} INFO - [2026-01-08T17:38:23.886+0000] {dagbag.py:538} INFO - Filling up the DagBag from /opt/airflow/dags/dag1_csv_to_postgres.py
[2026-01-08T17:38:24.514+0000] {processor.py:840} INFO - DAG(s) 'csv_to_postgres_ingestion' retrieved from /opt/airflow/dags/dag1_csv_to_postgres.py
[2026-01-08T17:38:24.583+0000] {logging_mixin.py:188} INFO - [2026-01-08T17:38:24.582+0000] {dag.py:3036} INFO - Sync 1 DAGs
[2026-01-08T17:38:24.664+0000] {logging_mixin.py:188} INFO - [2026-01-08T17:38:24.664+0000] {dag.py:3823} INFO - Setting next_dagrun for csv_to_postgres_ingestion to 2026-01-07 00:00:00+00:00, run_after=2026-01-08 00:00:00+00:00
[2026-01-08T17:38:24.731+0000] {processor.py:183} INFO - Processing /opt/airflow/dags/dag1_csv_to_postgres.py took 0.878 seconds
[2026-01-08T17:38:55.419+0000] {processor.py:161} INFO - Started process (PID=442) to work on /opt/airflow/dags/dag1_csv_to_postgres.py
[2026-01-08T17:38:55.424+0000] {processor.py:830} INFO - Processing file /opt/airflow/dags/dag1_csv_to_postgres.py for tasks to queue
[2026-01-08T17:38:55.430+0000] {logging_mixin.py:188} INFO - [2026-01-08T17:38:55.427+0000] {dagbag.py:538} INFO - Filling up the DagBag from /opt/airflow/dags/dag1_csv_to_postgres.py
[2026-01-08T17:38:56.242+0000] {processor.py:840} INFO - DAG(s) 'csv_to_postgres_ingestion' retrieved from /opt/airflow/dags/dag1_csv_to_postgres.py
[2026-01-08T17:38:56.322+0000] {logging_mixin.py:188} INFO - [2026-01-08T17:38:56.320+0000] {dag.py:3036} INFO - Sync 1 DAGs
[2026-01-08T17:38:56.384+0000] {logging_mixin.py:188} INFO - [2026-01-08T17:38:56.383+0000] {dag.py:3823} INFO - Setting next_dagrun for csv_to_postgres_ingestion to 2026-01-07 00:00:00+00:00, run_after=2026-01-08 00:00:00+00:00
[2026-01-08T17:38:56.508+0000] {processor.py:183} INFO - Processing /opt/airflow/dags/dag1_csv_to_postgres.py took 1.110 seconds
[2026-01-08T17:39:27.272+0000] {processor.py:161} INFO - Started process (PID=448) to work on /opt/airflow/dags/dag1_csv_to_postgres.py
[2026-01-08T17:39:27.281+0000] {processor.py:830} INFO - Processing file /opt/airflow/dags/dag1_csv_to_postgres.py for tasks to queue
[2026-01-08T17:39:27.290+0000] {logging_mixin.py:188} INFO - [2026-01-08T17:39:27.287+0000] {dagbag.py:538} INFO - Filling up the DagBag from /opt/airflow/dags/dag1_csv_to_postgres.py
[2026-01-08T17:39:28.566+0000] {processor.py:840} INFO - DAG(s) 'csv_to_postgres_ingestion' retrieved from /opt/airflow/dags/dag1_csv_to_postgres.py
[2026-01-08T17:39:28.638+0000] {logging_mixin.py:188} INFO - [2026-01-08T17:39:28.637+0000] {dag.py:3036} INFO - Sync 1 DAGs
[2026-01-08T17:39:28.698+0000] {logging_mixin.py:188} INFO - [2026-01-08T17:39:28.697+0000] {dag.py:3823} INFO - Setting next_dagrun for csv_to_postgres_ingestion to 2026-01-07 00:00:00+00:00, run_after=2026-01-08 00:00:00+00:00
[2026-01-08T17:39:28.805+0000] {processor.py:183} INFO - Processing /opt/airflow/dags/dag1_csv_to_postgres.py took 1.557 seconds
[2026-01-08T17:39:59.611+0000] {processor.py:161} INFO - Started process (PID=454) to work on /opt/airflow/dags/dag1_csv_to_postgres.py
[2026-01-08T17:39:59.619+0000] {processor.py:830} INFO - Processing file /opt/airflow/dags/dag1_csv_to_postgres.py for tasks to queue
[2026-01-08T17:39:59.624+0000] {logging_mixin.py:188} INFO - [2026-01-08T17:39:59.622+0000] {dagbag.py:538} INFO - Filling up the DagBag from /opt/airflow/dags/dag1_csv_to_postgres.py
[2026-01-08T17:40:00.690+0000] {processor.py:840} INFO - DAG(s) 'csv_to_postgres_ingestion' retrieved from /opt/airflow/dags/dag1_csv_to_postgres.py
[2026-01-08T17:40:00.846+0000] {logging_mixin.py:188} INFO - [2026-01-08T17:40:00.845+0000] {dag.py:3036} INFO - Sync 1 DAGs
[2026-01-08T17:40:00.965+0000] {logging_mixin.py:188} INFO - [2026-01-08T17:40:00.964+0000] {dag.py:3823} INFO - Setting next_dagrun for csv_to_postgres_ingestion to 2026-01-07 00:00:00+00:00, run_after=2026-01-08 00:00:00+00:00
[2026-01-08T17:40:01.096+0000] {processor.py:183} INFO - Processing /opt/airflow/dags/dag1_csv_to_postgres.py took 1.524 seconds
[2026-01-08T17:40:31.256+0000] {processor.py:161} INFO - Started process (PID=460) to work on /opt/airflow/dags/dag1_csv_to_postgres.py
[2026-01-08T17:40:31.259+0000] {processor.py:830} INFO - Processing file /opt/airflow/dags/dag1_csv_to_postgres.py for tasks to queue
[2026-01-08T17:40:31.261+0000] {logging_mixin.py:188} INFO - [2026-01-08T17:40:31.260+0000] {dagbag.py:538} INFO - Filling up the DagBag from /opt/airflow/dags/dag1_csv_to_postgres.py
[2026-01-08T17:40:32.176+0000] {processor.py:840} INFO - DAG(s) 'csv_to_postgres_ingestion' retrieved from /opt/airflow/dags/dag1_csv_to_postgres.py
[2026-01-08T17:40:32.286+0000] {logging_mixin.py:188} INFO - [2026-01-08T17:40:32.285+0000] {dag.py:3036} INFO - Sync 1 DAGs
[2026-01-08T17:40:32.389+0000] {logging_mixin.py:188} INFO - [2026-01-08T17:40:32.388+0000] {dag.py:3823} INFO - Setting next_dagrun for csv_to_postgres_ingestion to 2026-01-07 00:00:00+00:00, run_after=2026-01-08 00:00:00+00:00
[2026-01-08T17:40:32.965+0000] {processor.py:183} INFO - Processing /opt/airflow/dags/dag1_csv_to_postgres.py took 1.717 seconds
[2026-01-08T17:41:03.323+0000] {processor.py:161} INFO - Started process (PID=466) to work on /opt/airflow/dags/dag1_csv_to_postgres.py
[2026-01-08T17:41:03.327+0000] {processor.py:830} INFO - Processing file /opt/airflow/dags/dag1_csv_to_postgres.py for tasks to queue
[2026-01-08T17:41:03.330+0000] {logging_mixin.py:188} INFO - [2026-01-08T17:41:03.329+0000] {dagbag.py:538} INFO - Filling up the DagBag from /opt/airflow/dags/dag1_csv_to_postgres.py
[2026-01-08T17:43:24.198+0000] {processor.py:161} INFO - Started process (PID=185) to work on /opt/airflow/dags/dag1_csv_to_postgres.py
[2026-01-08T17:43:24.201+0000] {processor.py:830} INFO - Processing file /opt/airflow/dags/dag1_csv_to_postgres.py for tasks to queue
[2026-01-08T17:43:24.204+0000] {logging_mixin.py:188} INFO - [2026-01-08T17:43:24.203+0000] {dagbag.py:538} INFO - Filling up the DagBag from /opt/airflow/dags/dag1_csv_to_postgres.py
[2026-01-08T17:43:26.107+0000] {processor.py:840} INFO - DAG(s) 'csv_to_postgres_ingestion' retrieved from /opt/airflow/dags/dag1_csv_to_postgres.py
[2026-01-08T17:43:26.762+0000] {logging_mixin.py:188} INFO - [2026-01-08T17:43:26.762+0000] {dag.py:3036} INFO - Sync 1 DAGs
[2026-01-08T17:43:26.795+0000] {logging_mixin.py:188} INFO - [2026-01-08T17:43:26.795+0000] {dag.py:3823} INFO - Setting next_dagrun for csv_to_postgres_ingestion to 2026-01-07 00:00:00+00:00, run_after=2026-01-08 00:00:00+00:00
[2026-01-08T17:43:26.839+0000] {processor.py:183} INFO - Processing /opt/airflow/dags/dag1_csv_to_postgres.py took 2.650 seconds
[2026-01-08T17:43:57.504+0000] {processor.py:161} INFO - Started process (PID=191) to work on /opt/airflow/dags/dag1_csv_to_postgres.py
[2026-01-08T17:43:57.512+0000] {processor.py:830} INFO - Processing file /opt/airflow/dags/dag1_csv_to_postgres.py for tasks to queue
[2026-01-08T17:43:57.519+0000] {logging_mixin.py:188} INFO - [2026-01-08T17:43:57.517+0000] {dagbag.py:538} INFO - Filling up the DagBag from /opt/airflow/dags/dag1_csv_to_postgres.py
[2026-01-08T17:43:58.459+0000] {processor.py:840} INFO - DAG(s) 'csv_to_postgres_ingestion' retrieved from /opt/airflow/dags/dag1_csv_to_postgres.py
[2026-01-08T17:43:58.521+0000] {logging_mixin.py:188} INFO - [2026-01-08T17:43:58.521+0000] {dag.py:3036} INFO - Sync 1 DAGs
[2026-01-08T17:43:58.569+0000] {logging_mixin.py:188} INFO - [2026-01-08T17:43:58.569+0000] {dag.py:3823} INFO - Setting next_dagrun for csv_to_postgres_ingestion to 2026-01-07 00:00:00+00:00, run_after=2026-01-08 00:00:00+00:00
[2026-01-08T17:43:58.693+0000] {processor.py:183} INFO - Processing /opt/airflow/dags/dag1_csv_to_postgres.py took 1.217 seconds
[2026-01-08T17:44:29.366+0000] {processor.py:161} INFO - Started process (PID=206) to work on /opt/airflow/dags/dag1_csv_to_postgres.py
[2026-01-08T17:44:29.371+0000] {processor.py:830} INFO - Processing file /opt/airflow/dags/dag1_csv_to_postgres.py for tasks to queue
[2026-01-08T17:44:29.376+0000] {logging_mixin.py:188} INFO - [2026-01-08T17:44:29.374+0000] {dagbag.py:538} INFO - Filling up the DagBag from /opt/airflow/dags/dag1_csv_to_postgres.py
[2026-01-08T17:44:30.109+0000] {processor.py:840} INFO - DAG(s) 'csv_to_postgres_ingestion' retrieved from /opt/airflow/dags/dag1_csv_to_postgres.py
[2026-01-08T17:44:30.250+0000] {logging_mixin.py:188} INFO - [2026-01-08T17:44:30.249+0000] {dag.py:3036} INFO - Sync 1 DAGs
[2026-01-08T17:44:30.331+0000] {logging_mixin.py:188} INFO - [2026-01-08T17:44:30.331+0000] {dag.py:3823} INFO - Setting next_dagrun for csv_to_postgres_ingestion to 2026-01-08 00:00:00+00:00, run_after=2026-01-09 00:00:00+00:00
[2026-01-08T17:44:30.382+0000] {processor.py:183} INFO - Processing /opt/airflow/dags/dag1_csv_to_postgres.py took 1.037 seconds
[2026-01-08T17:45:01.101+0000] {processor.py:161} INFO - Started process (PID=220) to work on /opt/airflow/dags/dag1_csv_to_postgres.py
[2026-01-08T17:45:01.105+0000] {processor.py:830} INFO - Processing file /opt/airflow/dags/dag1_csv_to_postgres.py for tasks to queue
[2026-01-08T17:45:01.109+0000] {logging_mixin.py:188} INFO - [2026-01-08T17:45:01.108+0000] {dagbag.py:538} INFO - Filling up the DagBag from /opt/airflow/dags/dag1_csv_to_postgres.py
[2026-01-08T17:45:02.098+0000] {processor.py:840} INFO - DAG(s) 'csv_to_postgres_ingestion' retrieved from /opt/airflow/dags/dag1_csv_to_postgres.py
[2026-01-08T17:45:02.167+0000] {logging_mixin.py:188} INFO - [2026-01-08T17:45:02.167+0000] {dag.py:3036} INFO - Sync 1 DAGs
[2026-01-08T17:45:02.226+0000] {logging_mixin.py:188} INFO - [2026-01-08T17:45:02.225+0000] {dag.py:3823} INFO - Setting next_dagrun for csv_to_postgres_ingestion to 2026-01-08 00:00:00+00:00, run_after=2026-01-09 00:00:00+00:00
[2026-01-08T17:45:02.375+0000] {processor.py:183} INFO - Processing /opt/airflow/dags/dag1_csv_to_postgres.py took 1.285 seconds
[2026-01-08T17:45:32.733+0000] {processor.py:161} INFO - Started process (PID=227) to work on /opt/airflow/dags/dag1_csv_to_postgres.py
[2026-01-08T17:45:32.737+0000] {processor.py:830} INFO - Processing file /opt/airflow/dags/dag1_csv_to_postgres.py for tasks to queue
[2026-01-08T17:45:32.740+0000] {logging_mixin.py:188} INFO - [2026-01-08T17:45:32.739+0000] {dagbag.py:538} INFO - Filling up the DagBag from /opt/airflow/dags/dag1_csv_to_postgres.py
[2026-01-08T17:45:33.406+0000] {processor.py:840} INFO - DAG(s) 'csv_to_postgres_ingestion' retrieved from /opt/airflow/dags/dag1_csv_to_postgres.py
[2026-01-08T17:45:33.453+0000] {logging_mixin.py:188} INFO - [2026-01-08T17:45:33.453+0000] {dag.py:3036} INFO - Sync 1 DAGs
[2026-01-08T17:45:33.496+0000] {logging_mixin.py:188} INFO - [2026-01-08T17:45:33.496+0000] {dag.py:3823} INFO - Setting next_dagrun for csv_to_postgres_ingestion to 2026-01-08 00:00:00+00:00, run_after=2026-01-09 00:00:00+00:00
[2026-01-08T17:45:33.592+0000] {processor.py:183} INFO - Processing /opt/airflow/dags/dag1_csv_to_postgres.py took 0.867 seconds
[2026-01-08T17:46:04.024+0000] {processor.py:161} INFO - Started process (PID=233) to work on /opt/airflow/dags/dag1_csv_to_postgres.py
[2026-01-08T17:46:04.026+0000] {processor.py:830} INFO - Processing file /opt/airflow/dags/dag1_csv_to_postgres.py for tasks to queue
[2026-01-08T17:46:04.028+0000] {logging_mixin.py:188} INFO - [2026-01-08T17:46:04.028+0000] {dagbag.py:538} INFO - Filling up the DagBag from /opt/airflow/dags/dag1_csv_to_postgres.py
[2026-01-08T17:46:04.840+0000] {processor.py:840} INFO - DAG(s) 'csv_to_postgres_ingestion' retrieved from /opt/airflow/dags/dag1_csv_to_postgres.py
[2026-01-08T17:46:04.951+0000] {logging_mixin.py:188} INFO - [2026-01-08T17:46:04.949+0000] {dag.py:3036} INFO - Sync 1 DAGs
[2026-01-08T17:46:05.061+0000] {logging_mixin.py:188} INFO - [2026-01-08T17:46:05.060+0000] {dag.py:3823} INFO - Setting next_dagrun for csv_to_postgres_ingestion to 2026-01-08 00:00:00+00:00, run_after=2026-01-09 00:00:00+00:00
[2026-01-08T17:46:05.129+0000] {processor.py:183} INFO - Processing /opt/airflow/dags/dag1_csv_to_postgres.py took 1.113 seconds
[2026-01-08T17:46:35.743+0000] {processor.py:161} INFO - Started process (PID=239) to work on /opt/airflow/dags/dag1_csv_to_postgres.py
[2026-01-08T17:46:35.750+0000] {processor.py:830} INFO - Processing file /opt/airflow/dags/dag1_csv_to_postgres.py for tasks to queue
[2026-01-08T17:46:35.756+0000] {logging_mixin.py:188} INFO - [2026-01-08T17:46:35.754+0000] {dagbag.py:538} INFO - Filling up the DagBag from /opt/airflow/dags/dag1_csv_to_postgres.py
[2026-01-08T17:46:36.694+0000] {processor.py:840} INFO - DAG(s) 'csv_to_postgres_ingestion' retrieved from /opt/airflow/dags/dag1_csv_to_postgres.py
[2026-01-08T17:46:36.741+0000] {logging_mixin.py:188} INFO - [2026-01-08T17:46:36.740+0000] {dag.py:3036} INFO - Sync 1 DAGs
[2026-01-08T17:46:36.781+0000] {logging_mixin.py:188} INFO - [2026-01-08T17:46:36.781+0000] {dag.py:3823} INFO - Setting next_dagrun for csv_to_postgres_ingestion to 2026-01-08 00:00:00+00:00, run_after=2026-01-09 00:00:00+00:00
[2026-01-08T17:46:36.816+0000] {processor.py:183} INFO - Processing /opt/airflow/dags/dag1_csv_to_postgres.py took 1.092 seconds
[2026-01-08T17:47:07.174+0000] {processor.py:161} INFO - Started process (PID=245) to work on /opt/airflow/dags/dag1_csv_to_postgres.py
[2026-01-08T17:47:07.176+0000] {processor.py:830} INFO - Processing file /opt/airflow/dags/dag1_csv_to_postgres.py for tasks to queue
[2026-01-08T17:47:07.178+0000] {logging_mixin.py:188} INFO - [2026-01-08T17:47:07.177+0000] {dagbag.py:538} INFO - Filling up the DagBag from /opt/airflow/dags/dag1_csv_to_postgres.py
[2026-01-08T17:47:08.205+0000] {processor.py:840} INFO - DAG(s) 'csv_to_postgres_ingestion' retrieved from /opt/airflow/dags/dag1_csv_to_postgres.py
[2026-01-08T17:47:08.316+0000] {logging_mixin.py:188} INFO - [2026-01-08T17:47:08.315+0000] {dag.py:3036} INFO - Sync 1 DAGs
[2026-01-08T17:47:08.391+0000] {logging_mixin.py:188} INFO - [2026-01-08T17:47:08.390+0000] {dag.py:3823} INFO - Setting next_dagrun for csv_to_postgres_ingestion to 2026-01-08 00:00:00+00:00, run_after=2026-01-09 00:00:00+00:00
[2026-01-08T17:47:08.500+0000] {processor.py:183} INFO - Processing /opt/airflow/dags/dag1_csv_to_postgres.py took 1.333 seconds
[2026-01-08T17:47:39.144+0000] {processor.py:161} INFO - Started process (PID=251) to work on /opt/airflow/dags/dag1_csv_to_postgres.py
[2026-01-08T17:47:39.149+0000] {processor.py:830} INFO - Processing file /opt/airflow/dags/dag1_csv_to_postgres.py for tasks to queue
[2026-01-08T17:47:39.156+0000] {logging_mixin.py:188} INFO - [2026-01-08T17:47:39.154+0000] {dagbag.py:538} INFO - Filling up the DagBag from /opt/airflow/dags/dag1_csv_to_postgres.py
[2026-01-08T17:47:40.253+0000] {processor.py:840} INFO - DAG(s) 'csv_to_postgres_ingestion' retrieved from /opt/airflow/dags/dag1_csv_to_postgres.py
[2026-01-08T17:47:40.433+0000] {logging_mixin.py:188} INFO - [2026-01-08T17:47:40.431+0000] {dag.py:3036} INFO - Sync 1 DAGs
[2026-01-08T17:47:40.580+0000] {logging_mixin.py:188} INFO - [2026-01-08T17:47:40.579+0000] {dag.py:3823} INFO - Setting next_dagrun for csv_to_postgres_ingestion to 2026-01-08 00:00:00+00:00, run_after=2026-01-09 00:00:00+00:00
[2026-01-08T17:47:40.745+0000] {processor.py:183} INFO - Processing /opt/airflow/dags/dag1_csv_to_postgres.py took 1.619 seconds
[2026-01-08T17:48:11.341+0000] {processor.py:161} INFO - Started process (PID=257) to work on /opt/airflow/dags/dag1_csv_to_postgres.py
[2026-01-08T17:48:11.349+0000] {processor.py:830} INFO - Processing file /opt/airflow/dags/dag1_csv_to_postgres.py for tasks to queue
[2026-01-08T17:48:11.359+0000] {logging_mixin.py:188} INFO - [2026-01-08T17:48:11.357+0000] {dagbag.py:538} INFO - Filling up the DagBag from /opt/airflow/dags/dag1_csv_to_postgres.py
[2026-01-08T17:48:12.166+0000] {processor.py:840} INFO - DAG(s) 'csv_to_postgres_ingestion' retrieved from /opt/airflow/dags/dag1_csv_to_postgres.py
[2026-01-08T17:48:12.235+0000] {logging_mixin.py:188} INFO - [2026-01-08T17:48:12.234+0000] {dag.py:3036} INFO - Sync 1 DAGs
[2026-01-08T17:48:12.309+0000] {logging_mixin.py:188} INFO - [2026-01-08T17:48:12.308+0000] {dag.py:3823} INFO - Setting next_dagrun for csv_to_postgres_ingestion to 2026-01-08 00:00:00+00:00, run_after=2026-01-09 00:00:00+00:00
[2026-01-08T17:48:12.362+0000] {processor.py:183} INFO - Processing /opt/airflow/dags/dag1_csv_to_postgres.py took 1.059 seconds
[2026-01-08T17:48:43.163+0000] {processor.py:161} INFO - Started process (PID=263) to work on /opt/airflow/dags/dag1_csv_to_postgres.py
[2026-01-08T17:48:43.170+0000] {processor.py:830} INFO - Processing file /opt/airflow/dags/dag1_csv_to_postgres.py for tasks to queue
[2026-01-08T17:48:43.173+0000] {logging_mixin.py:188} INFO - [2026-01-08T17:48:43.172+0000] {dagbag.py:538} INFO - Filling up the DagBag from /opt/airflow/dags/dag1_csv_to_postgres.py
[2026-01-08T17:48:44.159+0000] {processor.py:840} INFO - DAG(s) 'csv_to_postgres_ingestion' retrieved from /opt/airflow/dags/dag1_csv_to_postgres.py
[2026-01-08T17:48:44.238+0000] {logging_mixin.py:188} INFO - [2026-01-08T17:48:44.236+0000] {dag.py:3036} INFO - Sync 1 DAGs
[2026-01-08T17:48:44.324+0000] {logging_mixin.py:188} INFO - [2026-01-08T17:48:44.324+0000] {dag.py:3823} INFO - Setting next_dagrun for csv_to_postgres_ingestion to 2026-01-08 00:00:00+00:00, run_after=2026-01-09 00:00:00+00:00
[2026-01-08T17:48:44.420+0000] {processor.py:183} INFO - Processing /opt/airflow/dags/dag1_csv_to_postgres.py took 1.275 seconds
[2026-01-08T17:49:14.738+0000] {processor.py:161} INFO - Started process (PID=269) to work on /opt/airflow/dags/dag1_csv_to_postgres.py
[2026-01-08T17:49:14.744+0000] {processor.py:830} INFO - Processing file /opt/airflow/dags/dag1_csv_to_postgres.py for tasks to queue
[2026-01-08T17:49:14.751+0000] {logging_mixin.py:188} INFO - [2026-01-08T17:49:14.749+0000] {dagbag.py:538} INFO - Filling up the DagBag from /opt/airflow/dags/dag1_csv_to_postgres.py
[2026-01-08T17:49:15.756+0000] {processor.py:840} INFO - DAG(s) 'csv_to_postgres_ingestion' retrieved from /opt/airflow/dags/dag1_csv_to_postgres.py
[2026-01-08T17:49:15.819+0000] {logging_mixin.py:188} INFO - [2026-01-08T17:49:15.818+0000] {dag.py:3036} INFO - Sync 1 DAGs
[2026-01-08T17:49:15.865+0000] {logging_mixin.py:188} INFO - [2026-01-08T17:49:15.864+0000] {dag.py:3823} INFO - Setting next_dagrun for csv_to_postgres_ingestion to 2026-01-08 00:00:00+00:00, run_after=2026-01-09 00:00:00+00:00
[2026-01-08T17:49:15.995+0000] {processor.py:183} INFO - Processing /opt/airflow/dags/dag1_csv_to_postgres.py took 1.278 seconds
[2026-01-08T17:49:46.788+0000] {processor.py:161} INFO - Started process (PID=275) to work on /opt/airflow/dags/dag1_csv_to_postgres.py
[2026-01-08T17:49:46.791+0000] {processor.py:830} INFO - Processing file /opt/airflow/dags/dag1_csv_to_postgres.py for tasks to queue
[2026-01-08T17:49:46.795+0000] {logging_mixin.py:188} INFO - [2026-01-08T17:49:46.793+0000] {dagbag.py:538} INFO - Filling up the DagBag from /opt/airflow/dags/dag1_csv_to_postgres.py
[2026-01-08T17:49:47.640+0000] {processor.py:840} INFO - DAG(s) 'csv_to_postgres_ingestion' retrieved from /opt/airflow/dags/dag1_csv_to_postgres.py
[2026-01-08T17:49:47.752+0000] {logging_mixin.py:188} INFO - [2026-01-08T17:49:47.751+0000] {dag.py:3036} INFO - Sync 1 DAGs
[2026-01-08T17:49:47.825+0000] {logging_mixin.py:188} INFO - [2026-01-08T17:49:47.825+0000] {dag.py:3823} INFO - Setting next_dagrun for csv_to_postgres_ingestion to 2026-01-08 00:00:00+00:00, run_after=2026-01-09 00:00:00+00:00
[2026-01-08T17:49:47.964+0000] {processor.py:183} INFO - Processing /opt/airflow/dags/dag1_csv_to_postgres.py took 1.185 seconds
[2026-01-08T17:50:18.362+0000] {processor.py:161} INFO - Started process (PID=281) to work on /opt/airflow/dags/dag1_csv_to_postgres.py
[2026-01-08T17:50:18.365+0000] {processor.py:830} INFO - Processing file /opt/airflow/dags/dag1_csv_to_postgres.py for tasks to queue
[2026-01-08T17:50:18.369+0000] {logging_mixin.py:188} INFO - [2026-01-08T17:50:18.368+0000] {dagbag.py:538} INFO - Filling up the DagBag from /opt/airflow/dags/dag1_csv_to_postgres.py
[2026-01-08T17:50:19.448+0000] {processor.py:840} INFO - DAG(s) 'csv_to_postgres_ingestion' retrieved from /opt/airflow/dags/dag1_csv_to_postgres.py
[2026-01-08T17:50:19.580+0000] {logging_mixin.py:188} INFO - [2026-01-08T17:50:19.579+0000] {dag.py:3036} INFO - Sync 1 DAGs
[2026-01-08T17:50:19.716+0000] {logging_mixin.py:188} INFO - [2026-01-08T17:50:19.715+0000] {dag.py:3823} INFO - Setting next_dagrun for csv_to_postgres_ingestion to 2026-01-08 00:00:00+00:00, run_after=2026-01-09 00:00:00+00:00
[2026-01-08T17:50:19.888+0000] {processor.py:183} INFO - Processing /opt/airflow/dags/dag1_csv_to_postgres.py took 1.536 seconds
[2026-01-08T17:50:50.571+0000] {processor.py:161} INFO - Started process (PID=287) to work on /opt/airflow/dags/dag1_csv_to_postgres.py
[2026-01-08T17:50:50.578+0000] {processor.py:830} INFO - Processing file /opt/airflow/dags/dag1_csv_to_postgres.py for tasks to queue
[2026-01-08T17:50:50.582+0000] {logging_mixin.py:188} INFO - [2026-01-08T17:50:50.581+0000] {dagbag.py:538} INFO - Filling up the DagBag from /opt/airflow/dags/dag1_csv_to_postgres.py
[2026-01-08T17:50:52.055+0000] {processor.py:840} INFO - DAG(s) 'csv_to_postgres_ingestion' retrieved from /opt/airflow/dags/dag1_csv_to_postgres.py
[2026-01-08T17:50:52.143+0000] {logging_mixin.py:188} INFO - [2026-01-08T17:50:52.142+0000] {dag.py:3036} INFO - Sync 1 DAGs
[2026-01-08T17:50:52.224+0000] {logging_mixin.py:188} INFO - [2026-01-08T17:50:52.223+0000] {dag.py:3823} INFO - Setting next_dagrun for csv_to_postgres_ingestion to 2026-01-08 00:00:00+00:00, run_after=2026-01-09 00:00:00+00:00
[2026-01-08T17:50:52.292+0000] {processor.py:183} INFO - Processing /opt/airflow/dags/dag1_csv_to_postgres.py took 1.754 seconds
[2026-01-08T17:51:22.976+0000] {processor.py:161} INFO - Started process (PID=302) to work on /opt/airflow/dags/dag1_csv_to_postgres.py
[2026-01-08T17:51:22.979+0000] {processor.py:830} INFO - Processing file /opt/airflow/dags/dag1_csv_to_postgres.py for tasks to queue
[2026-01-08T17:51:22.982+0000] {logging_mixin.py:188} INFO - [2026-01-08T17:51:22.981+0000] {dagbag.py:538} INFO - Filling up the DagBag from /opt/airflow/dags/dag1_csv_to_postgres.py
[2026-01-08T17:51:23.648+0000] {processor.py:840} INFO - DAG(s) 'csv_to_postgres_ingestion' retrieved from /opt/airflow/dags/dag1_csv_to_postgres.py
[2026-01-08T17:51:23.711+0000] {logging_mixin.py:188} INFO - [2026-01-08T17:51:23.710+0000] {dag.py:3036} INFO - Sync 1 DAGs
[2026-01-08T17:51:23.762+0000] {logging_mixin.py:188} INFO - [2026-01-08T17:51:23.762+0000] {dag.py:3823} INFO - Setting next_dagrun for csv_to_postgres_ingestion to 2026-01-08 00:00:00+00:00, run_after=2026-01-09 00:00:00+00:00
[2026-01-08T17:51:23.870+0000] {processor.py:183} INFO - Processing /opt/airflow/dags/dag1_csv_to_postgres.py took 0.906 seconds
[2026-01-08T17:51:54.575+0000] {processor.py:161} INFO - Started process (PID=308) to work on /opt/airflow/dags/dag1_csv_to_postgres.py
[2026-01-08T17:51:54.581+0000] {processor.py:830} INFO - Processing file /opt/airflow/dags/dag1_csv_to_postgres.py for tasks to queue
[2026-01-08T17:51:54.587+0000] {logging_mixin.py:188} INFO - [2026-01-08T17:51:54.585+0000] {dagbag.py:538} INFO - Filling up the DagBag from /opt/airflow/dags/dag1_csv_to_postgres.py
[2026-01-08T17:51:55.286+0000] {processor.py:840} INFO - DAG(s) 'csv_to_postgres_ingestion' retrieved from /opt/airflow/dags/dag1_csv_to_postgres.py
[2026-01-08T17:51:55.353+0000] {logging_mixin.py:188} INFO - [2026-01-08T17:51:55.352+0000] {dag.py:3036} INFO - Sync 1 DAGs
[2026-01-08T17:51:55.443+0000] {logging_mixin.py:188} INFO - [2026-01-08T17:51:55.443+0000] {dag.py:3823} INFO - Setting next_dagrun for csv_to_postgres_ingestion to 2026-01-08 00:00:00+00:00, run_after=2026-01-09 00:00:00+00:00
[2026-01-08T17:51:55.570+0000] {processor.py:183} INFO - Processing /opt/airflow/dags/dag1_csv_to_postgres.py took 1.011 seconds
[2026-01-08T17:52:26.131+0000] {processor.py:161} INFO - Started process (PID=314) to work on /opt/airflow/dags/dag1_csv_to_postgres.py
[2026-01-08T17:52:26.133+0000] {processor.py:830} INFO - Processing file /opt/airflow/dags/dag1_csv_to_postgres.py for tasks to queue
[2026-01-08T17:52:26.136+0000] {logging_mixin.py:188} INFO - [2026-01-08T17:52:26.135+0000] {dagbag.py:538} INFO - Filling up the DagBag from /opt/airflow/dags/dag1_csv_to_postgres.py
[2026-01-08T17:52:26.781+0000] {processor.py:840} INFO - DAG(s) 'csv_to_postgres_ingestion' retrieved from /opt/airflow/dags/dag1_csv_to_postgres.py
[2026-01-08T17:52:26.831+0000] {logging_mixin.py:188} INFO - [2026-01-08T17:52:26.830+0000] {dag.py:3036} INFO - Sync 1 DAGs
[2026-01-08T17:52:26.876+0000] {logging_mixin.py:188} INFO - [2026-01-08T17:52:26.876+0000] {dag.py:3823} INFO - Setting next_dagrun for csv_to_postgres_ingestion to 2026-01-08 00:00:00+00:00, run_after=2026-01-09 00:00:00+00:00
[2026-01-08T17:52:26.970+0000] {processor.py:183} INFO - Processing /opt/airflow/dags/dag1_csv_to_postgres.py took 0.845 seconds
[2026-01-08T17:52:57.443+0000] {processor.py:161} INFO - Started process (PID=320) to work on /opt/airflow/dags/dag1_csv_to_postgres.py
[2026-01-08T17:52:57.446+0000] {processor.py:830} INFO - Processing file /opt/airflow/dags/dag1_csv_to_postgres.py for tasks to queue
[2026-01-08T17:52:57.449+0000] {logging_mixin.py:188} INFO - [2026-01-08T17:52:57.448+0000] {dagbag.py:538} INFO - Filling up the DagBag from /opt/airflow/dags/dag1_csv_to_postgres.py
[2026-01-08T17:52:58.006+0000] {processor.py:840} INFO - DAG(s) 'csv_to_postgres_ingestion' retrieved from /opt/airflow/dags/dag1_csv_to_postgres.py
[2026-01-08T17:52:58.057+0000] {logging_mixin.py:188} INFO - [2026-01-08T17:52:58.057+0000] {dag.py:3036} INFO - Sync 1 DAGs
[2026-01-08T17:52:58.132+0000] {logging_mixin.py:188} INFO - [2026-01-08T17:52:58.131+0000] {dag.py:3823} INFO - Setting next_dagrun for csv_to_postgres_ingestion to 2026-01-08 00:00:00+00:00, run_after=2026-01-09 00:00:00+00:00
[2026-01-08T17:52:58.197+0000] {processor.py:183} INFO - Processing /opt/airflow/dags/dag1_csv_to_postgres.py took 0.765 seconds
[2026-01-08T17:53:28.935+0000] {processor.py:161} INFO - Started process (PID=326) to work on /opt/airflow/dags/dag1_csv_to_postgres.py
[2026-01-08T17:53:28.943+0000] {processor.py:830} INFO - Processing file /opt/airflow/dags/dag1_csv_to_postgres.py for tasks to queue
[2026-01-08T17:53:28.950+0000] {logging_mixin.py:188} INFO - [2026-01-08T17:53:28.948+0000] {dagbag.py:538} INFO - Filling up the DagBag from /opt/airflow/dags/dag1_csv_to_postgres.py
[2026-01-08T17:53:29.796+0000] {processor.py:840} INFO - DAG(s) 'csv_to_postgres_ingestion' retrieved from /opt/airflow/dags/dag1_csv_to_postgres.py
[2026-01-08T17:53:29.875+0000] {logging_mixin.py:188} INFO - [2026-01-08T17:53:29.874+0000] {dag.py:3036} INFO - Sync 1 DAGs
[2026-01-08T17:53:29.944+0000] {logging_mixin.py:188} INFO - [2026-01-08T17:53:29.943+0000] {dag.py:3823} INFO - Setting next_dagrun for csv_to_postgres_ingestion to 2026-01-08 00:00:00+00:00, run_after=2026-01-09 00:00:00+00:00
[2026-01-08T17:53:30.072+0000] {processor.py:183} INFO - Processing /opt/airflow/dags/dag1_csv_to_postgres.py took 1.163 seconds
[2026-01-08T17:54:00.688+0000] {processor.py:161} INFO - Started process (PID=332) to work on /opt/airflow/dags/dag1_csv_to_postgres.py
[2026-01-08T17:54:00.691+0000] {processor.py:830} INFO - Processing file /opt/airflow/dags/dag1_csv_to_postgres.py for tasks to queue
[2026-01-08T17:54:00.693+0000] {logging_mixin.py:188} INFO - [2026-01-08T17:54:00.693+0000] {dagbag.py:538} INFO - Filling up the DagBag from /opt/airflow/dags/dag1_csv_to_postgres.py
[2026-01-08T17:54:01.793+0000] {processor.py:840} INFO - DAG(s) 'csv_to_postgres_ingestion' retrieved from /opt/airflow/dags/dag1_csv_to_postgres.py
[2026-01-08T17:54:01.846+0000] {logging_mixin.py:188} INFO - [2026-01-08T17:54:01.845+0000] {dag.py:3036} INFO - Sync 1 DAGs
[2026-01-08T17:54:01.894+0000] {logging_mixin.py:188} INFO - [2026-01-08T17:54:01.893+0000] {dag.py:3823} INFO - Setting next_dagrun for csv_to_postgres_ingestion to 2026-01-08 00:00:00+00:00, run_after=2026-01-09 00:00:00+00:00
[2026-01-08T17:54:01.941+0000] {processor.py:183} INFO - Processing /opt/airflow/dags/dag1_csv_to_postgres.py took 1.259 seconds
[2026-01-08T17:54:32.263+0000] {processor.py:161} INFO - Started process (PID=338) to work on /opt/airflow/dags/dag1_csv_to_postgres.py
[2026-01-08T17:54:32.267+0000] {processor.py:830} INFO - Processing file /opt/airflow/dags/dag1_csv_to_postgres.py for tasks to queue
[2026-01-08T17:54:32.273+0000] {logging_mixin.py:188} INFO - [2026-01-08T17:54:32.271+0000] {dagbag.py:538} INFO - Filling up the DagBag from /opt/airflow/dags/dag1_csv_to_postgres.py
[2026-01-08T17:54:33.191+0000] {processor.py:840} INFO - DAG(s) 'csv_to_postgres_ingestion' retrieved from /opt/airflow/dags/dag1_csv_to_postgres.py
[2026-01-08T17:54:33.287+0000] {logging_mixin.py:188} INFO - [2026-01-08T17:54:33.286+0000] {dag.py:3036} INFO - Sync 1 DAGs
[2026-01-08T17:54:33.353+0000] {logging_mixin.py:188} INFO - [2026-01-08T17:54:33.353+0000] {dag.py:3823} INFO - Setting next_dagrun for csv_to_postgres_ingestion to 2026-01-08 00:00:00+00:00, run_after=2026-01-09 00:00:00+00:00
[2026-01-08T17:54:33.408+0000] {processor.py:183} INFO - Processing /opt/airflow/dags/dag1_csv_to_postgres.py took 1.162 seconds
[2026-01-08T17:55:03.819+0000] {processor.py:161} INFO - Started process (PID=344) to work on /opt/airflow/dags/dag1_csv_to_postgres.py
[2026-01-08T17:55:03.827+0000] {processor.py:830} INFO - Processing file /opt/airflow/dags/dag1_csv_to_postgres.py for tasks to queue
[2026-01-08T17:55:03.832+0000] {logging_mixin.py:188} INFO - [2026-01-08T17:55:03.831+0000] {dagbag.py:538} INFO - Filling up the DagBag from /opt/airflow/dags/dag1_csv_to_postgres.py
[2026-01-08T17:55:04.600+0000] {processor.py:840} INFO - DAG(s) 'csv_to_postgres_ingestion' retrieved from /opt/airflow/dags/dag1_csv_to_postgres.py
[2026-01-08T17:55:04.670+0000] {logging_mixin.py:188} INFO - [2026-01-08T17:55:04.669+0000] {dag.py:3036} INFO - Sync 1 DAGs
[2026-01-08T17:55:04.736+0000] {logging_mixin.py:188} INFO - [2026-01-08T17:55:04.736+0000] {dag.py:3823} INFO - Setting next_dagrun for csv_to_postgres_ingestion to 2026-01-08 00:00:00+00:00, run_after=2026-01-09 00:00:00+00:00
[2026-01-08T17:55:04.870+0000] {processor.py:183} INFO - Processing /opt/airflow/dags/dag1_csv_to_postgres.py took 1.070 seconds
[2026-01-08T17:55:35.366+0000] {processor.py:161} INFO - Started process (PID=350) to work on /opt/airflow/dags/dag1_csv_to_postgres.py
[2026-01-08T17:55:35.373+0000] {processor.py:830} INFO - Processing file /opt/airflow/dags/dag1_csv_to_postgres.py for tasks to queue
[2026-01-08T17:55:35.379+0000] {logging_mixin.py:188} INFO - [2026-01-08T17:55:35.378+0000] {dagbag.py:538} INFO - Filling up the DagBag from /opt/airflow/dags/dag1_csv_to_postgres.py
[2026-01-08T17:55:36.160+0000] {processor.py:840} INFO - DAG(s) 'csv_to_postgres_ingestion' retrieved from /opt/airflow/dags/dag1_csv_to_postgres.py
[2026-01-08T17:55:36.272+0000] {logging_mixin.py:188} INFO - [2026-01-08T17:55:36.271+0000] {dag.py:3036} INFO - Sync 1 DAGs
[2026-01-08T17:55:36.323+0000] {logging_mixin.py:188} INFO - [2026-01-08T17:55:36.323+0000] {dag.py:3823} INFO - Setting next_dagrun for csv_to_postgres_ingestion to 2026-01-08 00:00:00+00:00, run_after=2026-01-09 00:00:00+00:00
[2026-01-08T17:55:36.372+0000] {processor.py:183} INFO - Processing /opt/airflow/dags/dag1_csv_to_postgres.py took 1.029 seconds
[2026-01-08T17:56:06.979+0000] {processor.py:161} INFO - Started process (PID=356) to work on /opt/airflow/dags/dag1_csv_to_postgres.py
[2026-01-08T17:56:06.985+0000] {processor.py:830} INFO - Processing file /opt/airflow/dags/dag1_csv_to_postgres.py for tasks to queue
[2026-01-08T17:56:06.990+0000] {logging_mixin.py:188} INFO - [2026-01-08T17:56:06.989+0000] {dagbag.py:538} INFO - Filling up the DagBag from /opt/airflow/dags/dag1_csv_to_postgres.py
[2026-01-08T17:56:07.662+0000] {processor.py:840} INFO - DAG(s) 'csv_to_postgres_ingestion' retrieved from /opt/airflow/dags/dag1_csv_to_postgres.py
[2026-01-08T17:56:07.727+0000] {logging_mixin.py:188} INFO - [2026-01-08T17:56:07.726+0000] {dag.py:3036} INFO - Sync 1 DAGs
[2026-01-08T17:56:07.795+0000] {logging_mixin.py:188} INFO - [2026-01-08T17:56:07.794+0000] {dag.py:3823} INFO - Setting next_dagrun for csv_to_postgres_ingestion to 2026-01-08 00:00:00+00:00, run_after=2026-01-09 00:00:00+00:00
[2026-01-08T17:56:07.907+0000] {processor.py:183} INFO - Processing /opt/airflow/dags/dag1_csv_to_postgres.py took 0.944 seconds
[2026-01-08T17:56:38.594+0000] {processor.py:161} INFO - Started process (PID=362) to work on /opt/airflow/dags/dag1_csv_to_postgres.py
[2026-01-08T17:56:38.599+0000] {processor.py:830} INFO - Processing file /opt/airflow/dags/dag1_csv_to_postgres.py for tasks to queue
[2026-01-08T17:56:38.603+0000] {logging_mixin.py:188} INFO - [2026-01-08T17:56:38.602+0000] {dagbag.py:538} INFO - Filling up the DagBag from /opt/airflow/dags/dag1_csv_to_postgres.py
[2026-01-08T17:56:39.335+0000] {processor.py:840} INFO - DAG(s) 'csv_to_postgres_ingestion' retrieved from /opt/airflow/dags/dag1_csv_to_postgres.py
[2026-01-08T17:56:39.399+0000] {logging_mixin.py:188} INFO - [2026-01-08T17:56:39.398+0000] {dag.py:3036} INFO - Sync 1 DAGs
[2026-01-08T17:56:39.462+0000] {logging_mixin.py:188} INFO - [2026-01-08T17:56:39.462+0000] {dag.py:3823} INFO - Setting next_dagrun for csv_to_postgres_ingestion to 2026-01-08 00:00:00+00:00, run_after=2026-01-09 00:00:00+00:00
[2026-01-08T17:56:39.607+0000] {processor.py:183} INFO - Processing /opt/airflow/dags/dag1_csv_to_postgres.py took 1.026 seconds
[2026-01-08T17:57:10.205+0000] {processor.py:161} INFO - Started process (PID=368) to work on /opt/airflow/dags/dag1_csv_to_postgres.py
[2026-01-08T17:57:10.211+0000] {processor.py:830} INFO - Processing file /opt/airflow/dags/dag1_csv_to_postgres.py for tasks to queue
[2026-01-08T17:57:10.217+0000] {logging_mixin.py:188} INFO - [2026-01-08T17:57:10.215+0000] {dagbag.py:538} INFO - Filling up the DagBag from /opt/airflow/dags/dag1_csv_to_postgres.py
[2026-01-08T17:57:11.050+0000] {processor.py:840} INFO - DAG(s) 'csv_to_postgres_ingestion' retrieved from /opt/airflow/dags/dag1_csv_to_postgres.py
[2026-01-08T17:57:11.099+0000] {logging_mixin.py:188} INFO - [2026-01-08T17:57:11.098+0000] {dag.py:3036} INFO - Sync 1 DAGs
[2026-01-08T17:57:11.160+0000] {logging_mixin.py:188} INFO - [2026-01-08T17:57:11.159+0000] {dag.py:3823} INFO - Setting next_dagrun for csv_to_postgres_ingestion to 2026-01-08 00:00:00+00:00, run_after=2026-01-09 00:00:00+00:00
[2026-01-08T17:57:11.214+0000] {processor.py:183} INFO - Processing /opt/airflow/dags/dag1_csv_to_postgres.py took 1.028 seconds
[2026-01-08T17:57:41.812+0000] {processor.py:161} INFO - Started process (PID=374) to work on /opt/airflow/dags/dag1_csv_to_postgres.py
[2026-01-08T17:57:41.817+0000] {processor.py:830} INFO - Processing file /opt/airflow/dags/dag1_csv_to_postgres.py for tasks to queue
[2026-01-08T17:57:41.822+0000] {logging_mixin.py:188} INFO - [2026-01-08T17:57:41.821+0000] {dagbag.py:538} INFO - Filling up the DagBag from /opt/airflow/dags/dag1_csv_to_postgres.py
[2026-01-08T17:57:43.039+0000] {processor.py:840} INFO - DAG(s) 'csv_to_postgres_ingestion' retrieved from /opt/airflow/dags/dag1_csv_to_postgres.py
[2026-01-08T17:57:43.123+0000] {logging_mixin.py:188} INFO - [2026-01-08T17:57:43.122+0000] {dag.py:3036} INFO - Sync 1 DAGs
[2026-01-08T17:57:43.189+0000] {logging_mixin.py:188} INFO - [2026-01-08T17:57:43.189+0000] {dag.py:3823} INFO - Setting next_dagrun for csv_to_postgres_ingestion to 2026-01-08 00:00:00+00:00, run_after=2026-01-09 00:00:00+00:00
[2026-01-08T17:57:43.301+0000] {processor.py:183} INFO - Processing /opt/airflow/dags/dag1_csv_to_postgres.py took 1.504 seconds
[2026-01-08T17:58:14.030+0000] {processor.py:161} INFO - Started process (PID=380) to work on /opt/airflow/dags/dag1_csv_to_postgres.py
[2026-01-08T17:58:14.035+0000] {processor.py:830} INFO - Processing file /opt/airflow/dags/dag1_csv_to_postgres.py for tasks to queue
[2026-01-08T17:58:14.040+0000] {logging_mixin.py:188} INFO - [2026-01-08T17:58:14.039+0000] {dagbag.py:538} INFO - Filling up the DagBag from /opt/airflow/dags/dag1_csv_to_postgres.py
[2026-01-08T17:58:14.858+0000] {processor.py:840} INFO - DAG(s) 'csv_to_postgres_ingestion' retrieved from /opt/airflow/dags/dag1_csv_to_postgres.py
[2026-01-08T17:58:14.926+0000] {logging_mixin.py:188} INFO - [2026-01-08T17:58:14.925+0000] {dag.py:3036} INFO - Sync 1 DAGs
[2026-01-08T17:58:14.986+0000] {logging_mixin.py:188} INFO - [2026-01-08T17:58:14.986+0000] {dag.py:3823} INFO - Setting next_dagrun for csv_to_postgres_ingestion to 2026-01-08 00:00:00+00:00, run_after=2026-01-09 00:00:00+00:00
[2026-01-08T17:58:15.030+0000] {processor.py:183} INFO - Processing /opt/airflow/dags/dag1_csv_to_postgres.py took 1.017 seconds
[2026-01-08T17:58:45.596+0000] {processor.py:161} INFO - Started process (PID=386) to work on /opt/airflow/dags/dag1_csv_to_postgres.py
[2026-01-08T17:58:45.599+0000] {processor.py:830} INFO - Processing file /opt/airflow/dags/dag1_csv_to_postgres.py for tasks to queue
[2026-01-08T17:58:45.603+0000] {logging_mixin.py:188} INFO - [2026-01-08T17:58:45.602+0000] {dagbag.py:538} INFO - Filling up the DagBag from /opt/airflow/dags/dag1_csv_to_postgres.py
[2026-01-08T17:58:46.371+0000] {processor.py:840} INFO - DAG(s) 'csv_to_postgres_ingestion' retrieved from /opt/airflow/dags/dag1_csv_to_postgres.py
[2026-01-08T17:58:46.428+0000] {logging_mixin.py:188} INFO - [2026-01-08T17:58:46.427+0000] {dag.py:3036} INFO - Sync 1 DAGs
[2026-01-08T17:58:46.486+0000] {logging_mixin.py:188} INFO - [2026-01-08T17:58:46.486+0000] {dag.py:3823} INFO - Setting next_dagrun for csv_to_postgres_ingestion to 2026-01-08 00:00:00+00:00, run_after=2026-01-09 00:00:00+00:00
[2026-01-08T17:58:46.596+0000] {processor.py:183} INFO - Processing /opt/airflow/dags/dag1_csv_to_postgres.py took 1.014 seconds
[2026-01-08T17:59:17.001+0000] {processor.py:161} INFO - Started process (PID=392) to work on /opt/airflow/dags/dag1_csv_to_postgres.py
[2026-01-08T17:59:17.005+0000] {processor.py:830} INFO - Processing file /opt/airflow/dags/dag1_csv_to_postgres.py for tasks to queue
[2026-01-08T17:59:17.010+0000] {logging_mixin.py:188} INFO - [2026-01-08T17:59:17.008+0000] {dagbag.py:538} INFO - Filling up the DagBag from /opt/airflow/dags/dag1_csv_to_postgres.py
[2026-01-08T17:59:17.751+0000] {processor.py:840} INFO - DAG(s) 'csv_to_postgres_ingestion' retrieved from /opt/airflow/dags/dag1_csv_to_postgres.py
[2026-01-08T17:59:17.842+0000] {logging_mixin.py:188} INFO - [2026-01-08T17:59:17.841+0000] {dag.py:3036} INFO - Sync 1 DAGs
[2026-01-08T17:59:17.926+0000] {logging_mixin.py:188} INFO - [2026-01-08T17:59:17.925+0000] {dag.py:3823} INFO - Setting next_dagrun for csv_to_postgres_ingestion to 2026-01-08 00:00:00+00:00, run_after=2026-01-09 00:00:00+00:00
[2026-01-08T17:59:17.987+0000] {processor.py:183} INFO - Processing /opt/airflow/dags/dag1_csv_to_postgres.py took 0.997 seconds
[2026-01-08T17:59:48.361+0000] {processor.py:161} INFO - Started process (PID=398) to work on /opt/airflow/dags/dag1_csv_to_postgres.py
[2026-01-08T17:59:48.364+0000] {processor.py:830} INFO - Processing file /opt/airflow/dags/dag1_csv_to_postgres.py for tasks to queue
[2026-01-08T17:59:48.367+0000] {logging_mixin.py:188} INFO - [2026-01-08T17:59:48.366+0000] {dagbag.py:538} INFO - Filling up the DagBag from /opt/airflow/dags/dag1_csv_to_postgres.py
[2026-01-08T17:59:49.302+0000] {processor.py:840} INFO - DAG(s) 'csv_to_postgres_ingestion' retrieved from /opt/airflow/dags/dag1_csv_to_postgres.py
[2026-01-08T17:59:49.360+0000] {logging_mixin.py:188} INFO - [2026-01-08T17:59:49.359+0000] {dag.py:3036} INFO - Sync 1 DAGs
[2026-01-08T17:59:49.427+0000] {logging_mixin.py:188} INFO - [2026-01-08T17:59:49.426+0000] {dag.py:3823} INFO - Setting next_dagrun for csv_to_postgres_ingestion to 2026-01-08 00:00:00+00:00, run_after=2026-01-09 00:00:00+00:00
[2026-01-08T17:59:49.571+0000] {processor.py:183} INFO - Processing /opt/airflow/dags/dag1_csv_to_postgres.py took 1.219 seconds
[2026-01-08T18:00:19.934+0000] {processor.py:161} INFO - Started process (PID=404) to work on /opt/airflow/dags/dag1_csv_to_postgres.py
[2026-01-08T18:00:19.941+0000] {processor.py:830} INFO - Processing file /opt/airflow/dags/dag1_csv_to_postgres.py for tasks to queue
[2026-01-08T18:00:19.947+0000] {logging_mixin.py:188} INFO - [2026-01-08T18:00:19.946+0000] {dagbag.py:538} INFO - Filling up the DagBag from /opt/airflow/dags/dag1_csv_to_postgres.py
[2026-01-08T18:00:20.918+0000] {processor.py:840} INFO - DAG(s) 'csv_to_postgres_ingestion' retrieved from /opt/airflow/dags/dag1_csv_to_postgres.py
[2026-01-08T18:00:21.001+0000] {logging_mixin.py:188} INFO - [2026-01-08T18:00:21.000+0000] {dag.py:3036} INFO - Sync 1 DAGs
[2026-01-08T18:00:21.063+0000] {logging_mixin.py:188} INFO - [2026-01-08T18:00:21.063+0000] {dag.py:3823} INFO - Setting next_dagrun for csv_to_postgres_ingestion to 2026-01-08 00:00:00+00:00, run_after=2026-01-09 00:00:00+00:00
[2026-01-08T18:00:21.119+0000] {processor.py:183} INFO - Processing /opt/airflow/dags/dag1_csv_to_postgres.py took 1.209 seconds
[2026-01-08T18:00:51.731+0000] {processor.py:161} INFO - Started process (PID=410) to work on /opt/airflow/dags/dag1_csv_to_postgres.py
[2026-01-08T18:00:51.740+0000] {processor.py:830} INFO - Processing file /opt/airflow/dags/dag1_csv_to_postgres.py for tasks to queue
[2026-01-08T18:00:51.745+0000] {logging_mixin.py:188} INFO - [2026-01-08T18:00:51.744+0000] {dagbag.py:538} INFO - Filling up the DagBag from /opt/airflow/dags/dag1_csv_to_postgres.py
[2026-01-08T18:00:52.506+0000] {processor.py:840} INFO - DAG(s) 'csv_to_postgres_ingestion' retrieved from /opt/airflow/dags/dag1_csv_to_postgres.py
[2026-01-08T18:00:52.576+0000] {logging_mixin.py:188} INFO - [2026-01-08T18:00:52.575+0000] {dag.py:3036} INFO - Sync 1 DAGs
[2026-01-08T18:00:52.641+0000] {logging_mixin.py:188} INFO - [2026-01-08T18:00:52.641+0000] {dag.py:3823} INFO - Setting next_dagrun for csv_to_postgres_ingestion to 2026-01-08 00:00:00+00:00, run_after=2026-01-09 00:00:00+00:00
[2026-01-08T18:00:52.774+0000] {processor.py:183} INFO - Processing /opt/airflow/dags/dag1_csv_to_postgres.py took 1.063 seconds
[2026-01-08T18:01:23.369+0000] {processor.py:161} INFO - Started process (PID=416) to work on /opt/airflow/dags/dag1_csv_to_postgres.py
[2026-01-08T18:01:23.374+0000] {processor.py:830} INFO - Processing file /opt/airflow/dags/dag1_csv_to_postgres.py for tasks to queue
[2026-01-08T18:01:23.378+0000] {logging_mixin.py:188} INFO - [2026-01-08T18:01:23.377+0000] {dagbag.py:538} INFO - Filling up the DagBag from /opt/airflow/dags/dag1_csv_to_postgres.py
[2026-01-08T18:01:24.036+0000] {processor.py:840} INFO - DAG(s) 'csv_to_postgres_ingestion' retrieved from /opt/airflow/dags/dag1_csv_to_postgres.py
[2026-01-08T18:01:24.081+0000] {logging_mixin.py:188} INFO - [2026-01-08T18:01:24.081+0000] {dag.py:3036} INFO - Sync 1 DAGs
[2026-01-08T18:01:24.127+0000] {logging_mixin.py:188} INFO - [2026-01-08T18:01:24.127+0000] {dag.py:3823} INFO - Setting next_dagrun for csv_to_postgres_ingestion to 2026-01-08 00:00:00+00:00, run_after=2026-01-09 00:00:00+00:00
[2026-01-08T18:01:24.251+0000] {processor.py:183} INFO - Processing /opt/airflow/dags/dag1_csv_to_postgres.py took 0.901 seconds
[2026-01-08T18:01:54.954+0000] {processor.py:161} INFO - Started process (PID=422) to work on /opt/airflow/dags/dag1_csv_to_postgres.py
[2026-01-08T18:01:54.961+0000] {processor.py:830} INFO - Processing file /opt/airflow/dags/dag1_csv_to_postgres.py for tasks to queue
[2026-01-08T18:01:54.967+0000] {logging_mixin.py:188} INFO - [2026-01-08T18:01:54.966+0000] {dagbag.py:538} INFO - Filling up the DagBag from /opt/airflow/dags/dag1_csv_to_postgres.py
[2026-01-08T18:01:55.757+0000] {processor.py:840} INFO - DAG(s) 'csv_to_postgres_ingestion' retrieved from /opt/airflow/dags/dag1_csv_to_postgres.py
[2026-01-08T18:01:55.805+0000] {logging_mixin.py:188} INFO - [2026-01-08T18:01:55.805+0000] {dag.py:3036} INFO - Sync 1 DAGs
[2026-01-08T18:01:55.881+0000] {logging_mixin.py:188} INFO - [2026-01-08T18:01:55.880+0000] {dag.py:3823} INFO - Setting next_dagrun for csv_to_postgres_ingestion to 2026-01-08 00:00:00+00:00, run_after=2026-01-09 00:00:00+00:00
[2026-01-08T18:01:55.970+0000] {processor.py:183} INFO - Processing /opt/airflow/dags/dag1_csv_to_postgres.py took 1.033 seconds
[2026-01-08T18:02:26.582+0000] {processor.py:161} INFO - Started process (PID=428) to work on /opt/airflow/dags/dag1_csv_to_postgres.py
[2026-01-08T18:02:26.588+0000] {processor.py:830} INFO - Processing file /opt/airflow/dags/dag1_csv_to_postgres.py for tasks to queue
[2026-01-08T18:02:26.593+0000] {logging_mixin.py:188} INFO - [2026-01-08T18:02:26.592+0000] {dagbag.py:538} INFO - Filling up the DagBag from /opt/airflow/dags/dag1_csv_to_postgres.py
[2026-01-08T18:02:27.469+0000] {processor.py:840} INFO - DAG(s) 'csv_to_postgres_ingestion' retrieved from /opt/airflow/dags/dag1_csv_to_postgres.py
[2026-01-08T18:02:27.547+0000] {logging_mixin.py:188} INFO - [2026-01-08T18:02:27.546+0000] {dag.py:3036} INFO - Sync 1 DAGs
[2026-01-08T18:02:27.624+0000] {logging_mixin.py:188} INFO - [2026-01-08T18:02:27.623+0000] {dag.py:3823} INFO - Setting next_dagrun for csv_to_postgres_ingestion to 2026-01-08 00:00:00+00:00, run_after=2026-01-09 00:00:00+00:00
[2026-01-08T18:02:27.670+0000] {processor.py:183} INFO - Processing /opt/airflow/dags/dag1_csv_to_postgres.py took 1.104 seconds
[2026-01-08T18:02:58.125+0000] {processor.py:161} INFO - Started process (PID=434) to work on /opt/airflow/dags/dag1_csv_to_postgres.py
[2026-01-08T18:02:58.127+0000] {processor.py:830} INFO - Processing file /opt/airflow/dags/dag1_csv_to_postgres.py for tasks to queue
[2026-01-08T18:02:58.129+0000] {logging_mixin.py:188} INFO - [2026-01-08T18:02:58.129+0000] {dagbag.py:538} INFO - Filling up the DagBag from /opt/airflow/dags/dag1_csv_to_postgres.py
[2026-01-08T18:02:58.968+0000] {processor.py:840} INFO - DAG(s) 'csv_to_postgres_ingestion' retrieved from /opt/airflow/dags/dag1_csv_to_postgres.py
[2026-01-08T18:02:59.012+0000] {logging_mixin.py:188} INFO - [2026-01-08T18:02:59.011+0000] {dag.py:3036} INFO - Sync 1 DAGs
[2026-01-08T18:02:59.097+0000] {logging_mixin.py:188} INFO - [2026-01-08T18:02:59.095+0000] {dag.py:3823} INFO - Setting next_dagrun for csv_to_postgres_ingestion to 2026-01-08 00:00:00+00:00, run_after=2026-01-09 00:00:00+00:00
[2026-01-08T18:02:59.288+0000] {processor.py:183} INFO - Processing /opt/airflow/dags/dag1_csv_to_postgres.py took 1.175 seconds
[2026-01-08T18:03:30.093+0000] {processor.py:161} INFO - Started process (PID=440) to work on /opt/airflow/dags/dag1_csv_to_postgres.py
[2026-01-08T18:03:30.100+0000] {processor.py:830} INFO - Processing file /opt/airflow/dags/dag1_csv_to_postgres.py for tasks to queue
[2026-01-08T18:03:30.105+0000] {logging_mixin.py:188} INFO - [2026-01-08T18:03:30.104+0000] {dagbag.py:538} INFO - Filling up the DagBag from /opt/airflow/dags/dag1_csv_to_postgres.py
[2026-01-08T18:03:30.826+0000] {processor.py:840} INFO - DAG(s) 'csv_to_postgres_ingestion' retrieved from /opt/airflow/dags/dag1_csv_to_postgres.py
[2026-01-08T18:03:30.875+0000] {logging_mixin.py:188} INFO - [2026-01-08T18:03:30.874+0000] {dag.py:3036} INFO - Sync 1 DAGs
[2026-01-08T18:03:30.918+0000] {logging_mixin.py:188} INFO - [2026-01-08T18:03:30.917+0000] {dag.py:3823} INFO - Setting next_dagrun for csv_to_postgres_ingestion to 2026-01-08 00:00:00+00:00, run_after=2026-01-09 00:00:00+00:00
[2026-01-08T18:03:31.066+0000] {processor.py:183} INFO - Processing /opt/airflow/dags/dag1_csv_to_postgres.py took 1.017 seconds
[2026-01-08T18:04:01.688+0000] {processor.py:161} INFO - Started process (PID=446) to work on /opt/airflow/dags/dag1_csv_to_postgres.py
[2026-01-08T18:04:01.696+0000] {processor.py:830} INFO - Processing file /opt/airflow/dags/dag1_csv_to_postgres.py for tasks to queue
[2026-01-08T18:04:01.702+0000] {logging_mixin.py:188} INFO - [2026-01-08T18:04:01.700+0000] {dagbag.py:538} INFO - Filling up the DagBag from /opt/airflow/dags/dag1_csv_to_postgres.py
[2026-01-08T18:04:02.458+0000] {processor.py:840} INFO - DAG(s) 'csv_to_postgres_ingestion' retrieved from /opt/airflow/dags/dag1_csv_to_postgres.py
[2026-01-08T18:04:02.528+0000] {logging_mixin.py:188} INFO - [2026-01-08T18:04:02.527+0000] {dag.py:3036} INFO - Sync 1 DAGs
[2026-01-08T18:04:02.593+0000] {logging_mixin.py:188} INFO - [2026-01-08T18:04:02.593+0000] {dag.py:3823} INFO - Setting next_dagrun for csv_to_postgres_ingestion to 2026-01-08 00:00:00+00:00, run_after=2026-01-09 00:00:00+00:00
[2026-01-08T18:04:02.728+0000] {processor.py:183} INFO - Processing /opt/airflow/dags/dag1_csv_to_postgres.py took 1.058 seconds
[2026-01-08T18:04:33.341+0000] {processor.py:161} INFO - Started process (PID=452) to work on /opt/airflow/dags/dag1_csv_to_postgres.py
[2026-01-08T18:04:33.346+0000] {processor.py:830} INFO - Processing file /opt/airflow/dags/dag1_csv_to_postgres.py for tasks to queue
[2026-01-08T18:04:33.352+0000] {logging_mixin.py:188} INFO - [2026-01-08T18:04:33.351+0000] {dagbag.py:538} INFO - Filling up the DagBag from /opt/airflow/dags/dag1_csv_to_postgres.py
[2026-01-08T18:04:34.234+0000] {processor.py:840} INFO - DAG(s) 'csv_to_postgres_ingestion' retrieved from /opt/airflow/dags/dag1_csv_to_postgres.py
[2026-01-08T18:04:34.300+0000] {logging_mixin.py:188} INFO - [2026-01-08T18:04:34.299+0000] {dag.py:3036} INFO - Sync 1 DAGs
[2026-01-08T18:04:34.343+0000] {logging_mixin.py:188} INFO - [2026-01-08T18:04:34.342+0000] {dag.py:3823} INFO - Setting next_dagrun for csv_to_postgres_ingestion to 2026-01-08 00:00:00+00:00, run_after=2026-01-09 00:00:00+00:00
[2026-01-08T18:04:34.458+0000] {processor.py:183} INFO - Processing /opt/airflow/dags/dag1_csv_to_postgres.py took 1.134 seconds
[2026-01-08T18:05:04.993+0000] {processor.py:161} INFO - Started process (PID=458) to work on /opt/airflow/dags/dag1_csv_to_postgres.py
[2026-01-08T18:05:04.998+0000] {processor.py:830} INFO - Processing file /opt/airflow/dags/dag1_csv_to_postgres.py for tasks to queue
[2026-01-08T18:05:05.004+0000] {logging_mixin.py:188} INFO - [2026-01-08T18:05:05.002+0000] {dagbag.py:538} INFO - Filling up the DagBag from /opt/airflow/dags/dag1_csv_to_postgres.py
[2026-01-08T18:05:05.921+0000] {processor.py:840} INFO - DAG(s) 'csv_to_postgres_ingestion' retrieved from /opt/airflow/dags/dag1_csv_to_postgres.py
[2026-01-08T18:05:05.993+0000] {logging_mixin.py:188} INFO - [2026-01-08T18:05:05.992+0000] {dag.py:3036} INFO - Sync 1 DAGs
[2026-01-08T18:05:06.065+0000] {logging_mixin.py:188} INFO - [2026-01-08T18:05:06.065+0000] {dag.py:3823} INFO - Setting next_dagrun for csv_to_postgres_ingestion to 2026-01-08 00:00:00+00:00, run_after=2026-01-09 00:00:00+00:00
[2026-01-08T18:05:06.205+0000] {processor.py:183} INFO - Processing /opt/airflow/dags/dag1_csv_to_postgres.py took 1.230 seconds
[2026-01-08T18:05:36.736+0000] {processor.py:161} INFO - Started process (PID=464) to work on /opt/airflow/dags/dag1_csv_to_postgres.py
[2026-01-08T18:05:36.743+0000] {processor.py:830} INFO - Processing file /opt/airflow/dags/dag1_csv_to_postgres.py for tasks to queue
[2026-01-08T18:05:36.749+0000] {logging_mixin.py:188} INFO - [2026-01-08T18:05:36.747+0000] {dagbag.py:538} INFO - Filling up the DagBag from /opt/airflow/dags/dag1_csv_to_postgres.py
[2026-01-08T18:05:37.609+0000] {processor.py:840} INFO - DAG(s) 'csv_to_postgres_ingestion' retrieved from /opt/airflow/dags/dag1_csv_to_postgres.py
[2026-01-08T18:05:37.680+0000] {logging_mixin.py:188} INFO - [2026-01-08T18:05:37.679+0000] {dag.py:3036} INFO - Sync 1 DAGs
[2026-01-08T18:05:37.742+0000] {logging_mixin.py:188} INFO - [2026-01-08T18:05:37.741+0000] {dag.py:3823} INFO - Setting next_dagrun for csv_to_postgres_ingestion to 2026-01-08 00:00:00+00:00, run_after=2026-01-09 00:00:00+00:00
[2026-01-08T18:05:37.875+0000] {processor.py:183} INFO - Processing /opt/airflow/dags/dag1_csv_to_postgres.py took 1.157 seconds
[2026-01-08T18:06:08.280+0000] {processor.py:161} INFO - Started process (PID=470) to work on /opt/airflow/dags/dag1_csv_to_postgres.py
[2026-01-08T18:06:08.283+0000] {processor.py:830} INFO - Processing file /opt/airflow/dags/dag1_csv_to_postgres.py for tasks to queue
[2026-01-08T18:06:08.286+0000] {logging_mixin.py:188} INFO - [2026-01-08T18:06:08.285+0000] {dagbag.py:538} INFO - Filling up the DagBag from /opt/airflow/dags/dag1_csv_to_postgres.py
[2026-01-08T18:06:09.124+0000] {processor.py:840} INFO - DAG(s) 'csv_to_postgres_ingestion' retrieved from /opt/airflow/dags/dag1_csv_to_postgres.py
[2026-01-08T18:06:09.193+0000] {logging_mixin.py:188} INFO - [2026-01-08T18:06:09.192+0000] {dag.py:3036} INFO - Sync 1 DAGs
[2026-01-08T18:06:09.319+0000] {logging_mixin.py:188} INFO - [2026-01-08T18:06:09.318+0000] {dag.py:3823} INFO - Setting next_dagrun for csv_to_postgres_ingestion to 2026-01-08 00:00:00+00:00, run_after=2026-01-09 00:00:00+00:00
[2026-01-08T18:06:09.789+0000] {processor.py:183} INFO - Processing /opt/airflow/dags/dag1_csv_to_postgres.py took 1.515 seconds
[2026-01-08T18:06:40.011+0000] {processor.py:161} INFO - Started process (PID=476) to work on /opt/airflow/dags/dag1_csv_to_postgres.py
[2026-01-08T18:06:40.018+0000] {processor.py:830} INFO - Processing file /opt/airflow/dags/dag1_csv_to_postgres.py for tasks to queue
[2026-01-08T18:06:40.022+0000] {logging_mixin.py:188} INFO - [2026-01-08T18:06:40.021+0000] {dagbag.py:538} INFO - Filling up the DagBag from /opt/airflow/dags/dag1_csv_to_postgres.py
[2026-01-08T18:06:40.787+0000] {processor.py:840} INFO - DAG(s) 'csv_to_postgres_ingestion' retrieved from /opt/airflow/dags/dag1_csv_to_postgres.py
[2026-01-08T18:06:40.883+0000] {logging_mixin.py:188} INFO - [2026-01-08T18:06:40.882+0000] {dag.py:3036} INFO - Sync 1 DAGs
[2026-01-08T18:06:40.934+0000] {logging_mixin.py:188} INFO - [2026-01-08T18:06:40.934+0000] {dag.py:3823} INFO - Setting next_dagrun for csv_to_postgres_ingestion to 2026-01-08 00:00:00+00:00, run_after=2026-01-09 00:00:00+00:00
[2026-01-08T18:06:41.261+0000] {processor.py:183} INFO - Processing /opt/airflow/dags/dag1_csv_to_postgres.py took 1.270 seconds
[2026-01-08T18:07:11.533+0000] {processor.py:161} INFO - Started process (PID=482) to work on /opt/airflow/dags/dag1_csv_to_postgres.py
[2026-01-08T18:07:11.536+0000] {processor.py:830} INFO - Processing file /opt/airflow/dags/dag1_csv_to_postgres.py for tasks to queue
[2026-01-08T18:07:11.538+0000] {logging_mixin.py:188} INFO - [2026-01-08T18:07:11.537+0000] {dagbag.py:538} INFO - Filling up the DagBag from /opt/airflow/dags/dag1_csv_to_postgres.py
[2026-01-08T18:07:12.319+0000] {processor.py:840} INFO - DAG(s) 'csv_to_postgres_ingestion' retrieved from /opt/airflow/dags/dag1_csv_to_postgres.py
[2026-01-08T18:07:12.382+0000] {logging_mixin.py:188} INFO - [2026-01-08T18:07:12.382+0000] {dag.py:3036} INFO - Sync 1 DAGs
[2026-01-08T18:07:12.447+0000] {logging_mixin.py:188} INFO - [2026-01-08T18:07:12.446+0000] {dag.py:3823} INFO - Setting next_dagrun for csv_to_postgres_ingestion to 2026-01-08 00:00:00+00:00, run_after=2026-01-09 00:00:00+00:00
[2026-01-08T18:07:12.603+0000] {processor.py:183} INFO - Processing /opt/airflow/dags/dag1_csv_to_postgres.py took 1.077 seconds
[2026-01-08T18:07:43.217+0000] {processor.py:161} INFO - Started process (PID=488) to work on /opt/airflow/dags/dag1_csv_to_postgres.py
[2026-01-08T18:07:43.224+0000] {processor.py:830} INFO - Processing file /opt/airflow/dags/dag1_csv_to_postgres.py for tasks to queue
[2026-01-08T18:07:43.233+0000] {logging_mixin.py:188} INFO - [2026-01-08T18:07:43.230+0000] {dagbag.py:538} INFO - Filling up the DagBag from /opt/airflow/dags/dag1_csv_to_postgres.py
[2026-01-08T18:07:44.025+0000] {processor.py:840} INFO - DAG(s) 'csv_to_postgres_ingestion' retrieved from /opt/airflow/dags/dag1_csv_to_postgres.py
[2026-01-08T18:07:44.108+0000] {logging_mixin.py:188} INFO - [2026-01-08T18:07:44.106+0000] {dag.py:3036} INFO - Sync 1 DAGs
[2026-01-08T18:07:44.221+0000] {logging_mixin.py:188} INFO - [2026-01-08T18:07:44.219+0000] {dag.py:3823} INFO - Setting next_dagrun for csv_to_postgres_ingestion to 2026-01-08 00:00:00+00:00, run_after=2026-01-09 00:00:00+00:00
[2026-01-08T18:07:44.348+0000] {processor.py:183} INFO - Processing /opt/airflow/dags/dag1_csv_to_postgres.py took 1.164 seconds
[2026-01-08T18:08:14.928+0000] {processor.py:161} INFO - Started process (PID=494) to work on /opt/airflow/dags/dag1_csv_to_postgres.py
[2026-01-08T18:08:14.936+0000] {processor.py:830} INFO - Processing file /opt/airflow/dags/dag1_csv_to_postgres.py for tasks to queue
[2026-01-08T18:08:14.943+0000] {logging_mixin.py:188} INFO - [2026-01-08T18:08:14.941+0000] {dagbag.py:538} INFO - Filling up the DagBag from /opt/airflow/dags/dag1_csv_to_postgres.py
[2026-01-08T18:08:16.156+0000] {processor.py:840} INFO - DAG(s) 'csv_to_postgres_ingestion' retrieved from /opt/airflow/dags/dag1_csv_to_postgres.py
[2026-01-08T18:08:16.272+0000] {logging_mixin.py:188} INFO - [2026-01-08T18:08:16.271+0000] {dag.py:3036} INFO - Sync 1 DAGs
[2026-01-08T18:08:16.349+0000] {logging_mixin.py:188} INFO - [2026-01-08T18:08:16.348+0000] {dag.py:3823} INFO - Setting next_dagrun for csv_to_postgres_ingestion to 2026-01-08 00:00:00+00:00, run_after=2026-01-09 00:00:00+00:00
[2026-01-08T18:08:16.444+0000] {processor.py:183} INFO - Processing /opt/airflow/dags/dag1_csv_to_postgres.py took 1.542 seconds
[2026-01-08T18:08:46.693+0000] {processor.py:161} INFO - Started process (PID=500) to work on /opt/airflow/dags/dag1_csv_to_postgres.py
[2026-01-08T18:08:46.697+0000] {processor.py:830} INFO - Processing file /opt/airflow/dags/dag1_csv_to_postgres.py for tasks to queue
[2026-01-08T18:08:46.703+0000] {logging_mixin.py:188} INFO - [2026-01-08T18:08:46.701+0000] {dagbag.py:538} INFO - Filling up the DagBag from /opt/airflow/dags/dag1_csv_to_postgres.py
[2026-01-08T18:08:47.809+0000] {processor.py:840} INFO - DAG(s) 'csv_to_postgres_ingestion' retrieved from /opt/airflow/dags/dag1_csv_to_postgres.py
[2026-01-08T18:08:47.937+0000] {logging_mixin.py:188} INFO - [2026-01-08T18:08:47.934+0000] {dag.py:3036} INFO - Sync 1 DAGs
[2026-01-08T18:08:48.106+0000] {logging_mixin.py:188} INFO - [2026-01-08T18:08:48.105+0000] {dag.py:3823} INFO - Setting next_dagrun for csv_to_postgres_ingestion to 2026-01-08 00:00:00+00:00, run_after=2026-01-09 00:00:00+00:00
[2026-01-08T18:08:48.276+0000] {processor.py:183} INFO - Processing /opt/airflow/dags/dag1_csv_to_postgres.py took 1.601 seconds
[2026-01-08T18:09:19.190+0000] {processor.py:161} INFO - Started process (PID=506) to work on /opt/airflow/dags/dag1_csv_to_postgres.py
[2026-01-08T18:09:19.199+0000] {processor.py:830} INFO - Processing file /opt/airflow/dags/dag1_csv_to_postgres.py for tasks to queue
[2026-01-08T18:09:19.204+0000] {logging_mixin.py:188} INFO - [2026-01-08T18:09:19.203+0000] {dagbag.py:538} INFO - Filling up the DagBag from /opt/airflow/dags/dag1_csv_to_postgres.py
[2026-01-08T18:09:20.432+0000] {processor.py:840} INFO - DAG(s) 'csv_to_postgres_ingestion' retrieved from /opt/airflow/dags/dag1_csv_to_postgres.py
[2026-01-08T18:09:20.518+0000] {logging_mixin.py:188} INFO - [2026-01-08T18:09:20.517+0000] {dag.py:3036} INFO - Sync 1 DAGs
[2026-01-08T18:09:20.580+0000] {logging_mixin.py:188} INFO - [2026-01-08T18:09:20.580+0000] {dag.py:3823} INFO - Setting next_dagrun for csv_to_postgres_ingestion to 2026-01-08 00:00:00+00:00, run_after=2026-01-09 00:00:00+00:00
[2026-01-08T18:09:21.152+0000] {processor.py:183} INFO - Processing /opt/airflow/dags/dag1_csv_to_postgres.py took 1.982 seconds
