[2026-01-08T19:16:40.036+0000] {processor.py:161} INFO - Started process (PID=192) to work on /opt/airflow/dags/dag3_postgres_to_parquet.py
[2026-01-08T19:16:40.040+0000] {processor.py:830} INFO - Processing file /opt/airflow/dags/dag3_postgres_to_parquet.py for tasks to queue
[2026-01-08T19:16:40.044+0000] {logging_mixin.py:188} INFO - [2026-01-08T19:16:40.043+0000] {dagbag.py:538} INFO - Filling up the DagBag from /opt/airflow/dags/dag3_postgres_to_parquet.py
[2026-01-08T19:16:42.108+0000] {processor.py:840} INFO - DAG(s) 'postgres_to_parquet_export' retrieved from /opt/airflow/dags/dag3_postgres_to_parquet.py
[2026-01-08T19:16:42.745+0000] {logging_mixin.py:188} INFO - [2026-01-08T19:16:42.744+0000] {dag.py:3036} INFO - Sync 1 DAGs
[2026-01-08T19:16:42.772+0000] {logging_mixin.py:188} INFO - [2026-01-08T19:16:42.772+0000] {dag.py:3823} INFO - Setting next_dagrun for postgres_to_parquet_export to 2025-12-28 00:00:00+00:00, run_after=2026-01-04 00:00:00+00:00
[2026-01-08T19:16:42.857+0000] {processor.py:183} INFO - Processing /opt/airflow/dags/dag3_postgres_to_parquet.py took 2.834 seconds
[2026-01-08T19:17:13.063+0000] {processor.py:161} INFO - Started process (PID=218) to work on /opt/airflow/dags/dag3_postgres_to_parquet.py
[2026-01-08T19:17:13.065+0000] {processor.py:830} INFO - Processing file /opt/airflow/dags/dag3_postgres_to_parquet.py for tasks to queue
[2026-01-08T19:17:13.067+0000] {logging_mixin.py:188} INFO - [2026-01-08T19:17:13.066+0000] {dagbag.py:538} INFO - Filling up the DagBag from /opt/airflow/dags/dag3_postgres_to_parquet.py
[2026-01-08T19:17:13.493+0000] {processor.py:840} INFO - DAG(s) 'postgres_to_parquet_export' retrieved from /opt/airflow/dags/dag3_postgres_to_parquet.py
[2026-01-08T19:17:13.536+0000] {logging_mixin.py:188} INFO - [2026-01-08T19:17:13.536+0000] {dag.py:3036} INFO - Sync 1 DAGs
[2026-01-08T19:17:13.562+0000] {logging_mixin.py:188} INFO - [2026-01-08T19:17:13.562+0000] {dag.py:3823} INFO - Setting next_dagrun for postgres_to_parquet_export to 2025-12-28 00:00:00+00:00, run_after=2026-01-04 00:00:00+00:00
[2026-01-08T19:17:13.586+0000] {processor.py:183} INFO - Processing /opt/airflow/dags/dag3_postgres_to_parquet.py took 0.532 seconds
[2026-01-08T19:17:44.073+0000] {processor.py:161} INFO - Started process (PID=272) to work on /opt/airflow/dags/dag3_postgres_to_parquet.py
[2026-01-08T19:17:44.075+0000] {processor.py:830} INFO - Processing file /opt/airflow/dags/dag3_postgres_to_parquet.py for tasks to queue
[2026-01-08T19:17:44.077+0000] {logging_mixin.py:188} INFO - [2026-01-08T19:17:44.076+0000] {dagbag.py:538} INFO - Filling up the DagBag from /opt/airflow/dags/dag3_postgres_to_parquet.py
[2026-01-08T19:17:44.505+0000] {processor.py:840} INFO - DAG(s) 'postgres_to_parquet_export' retrieved from /opt/airflow/dags/dag3_postgres_to_parquet.py
[2026-01-08T19:17:44.538+0000] {logging_mixin.py:188} INFO - [2026-01-08T19:17:44.538+0000] {dag.py:3036} INFO - Sync 1 DAGs
[2026-01-08T19:17:44.566+0000] {logging_mixin.py:188} INFO - [2026-01-08T19:17:44.566+0000] {dag.py:3823} INFO - Setting next_dagrun for postgres_to_parquet_export to 2026-01-04 00:00:00+00:00, run_after=2026-01-11 00:00:00+00:00
[2026-01-08T19:17:44.647+0000] {processor.py:183} INFO - Processing /opt/airflow/dags/dag3_postgres_to_parquet.py took 0.580 seconds
[2026-01-08T19:18:15.160+0000] {processor.py:161} INFO - Started process (PID=290) to work on /opt/airflow/dags/dag3_postgres_to_parquet.py
[2026-01-08T19:18:15.163+0000] {processor.py:830} INFO - Processing file /opt/airflow/dags/dag3_postgres_to_parquet.py for tasks to queue
[2026-01-08T19:18:15.165+0000] {logging_mixin.py:188} INFO - [2026-01-08T19:18:15.164+0000] {dagbag.py:538} INFO - Filling up the DagBag from /opt/airflow/dags/dag3_postgres_to_parquet.py
[2026-01-08T19:18:15.600+0000] {processor.py:840} INFO - DAG(s) 'postgres_to_parquet_export' retrieved from /opt/airflow/dags/dag3_postgres_to_parquet.py
[2026-01-08T19:18:15.633+0000] {logging_mixin.py:188} INFO - [2026-01-08T19:18:15.632+0000] {dag.py:3036} INFO - Sync 1 DAGs
[2026-01-08T19:18:15.659+0000] {logging_mixin.py:188} INFO - [2026-01-08T19:18:15.658+0000] {dag.py:3823} INFO - Setting next_dagrun for postgres_to_parquet_export to 2026-01-04 00:00:00+00:00, run_after=2026-01-11 00:00:00+00:00
[2026-01-08T19:18:15.683+0000] {processor.py:183} INFO - Processing /opt/airflow/dags/dag3_postgres_to_parquet.py took 0.531 seconds
[2026-01-08T19:18:45.799+0000] {processor.py:161} INFO - Started process (PID=308) to work on /opt/airflow/dags/dag3_postgres_to_parquet.py
[2026-01-08T19:18:45.801+0000] {processor.py:830} INFO - Processing file /opt/airflow/dags/dag3_postgres_to_parquet.py for tasks to queue
[2026-01-08T19:18:45.802+0000] {logging_mixin.py:188} INFO - [2026-01-08T19:18:45.802+0000] {dagbag.py:538} INFO - Filling up the DagBag from /opt/airflow/dags/dag3_postgres_to_parquet.py
[2026-01-08T19:18:46.185+0000] {processor.py:840} INFO - DAG(s) 'postgres_to_parquet_export' retrieved from /opt/airflow/dags/dag3_postgres_to_parquet.py
[2026-01-08T19:18:46.229+0000] {logging_mixin.py:188} INFO - [2026-01-08T19:18:46.229+0000] {dag.py:3036} INFO - Sync 1 DAGs
[2026-01-08T19:18:46.264+0000] {logging_mixin.py:188} INFO - [2026-01-08T19:18:46.263+0000] {dag.py:3823} INFO - Setting next_dagrun for postgres_to_parquet_export to 2026-01-04 00:00:00+00:00, run_after=2026-01-11 00:00:00+00:00
[2026-01-08T19:18:46.294+0000] {processor.py:183} INFO - Processing /opt/airflow/dags/dag3_postgres_to_parquet.py took 0.499 seconds
[2026-01-08T19:19:16.786+0000] {processor.py:161} INFO - Started process (PID=326) to work on /opt/airflow/dags/dag3_postgres_to_parquet.py
[2026-01-08T19:19:16.788+0000] {processor.py:830} INFO - Processing file /opt/airflow/dags/dag3_postgres_to_parquet.py for tasks to queue
[2026-01-08T19:19:16.789+0000] {logging_mixin.py:188} INFO - [2026-01-08T19:19:16.789+0000] {dagbag.py:538} INFO - Filling up the DagBag from /opt/airflow/dags/dag3_postgres_to_parquet.py
[2026-01-08T19:19:17.379+0000] {processor.py:840} INFO - DAG(s) 'postgres_to_parquet_export' retrieved from /opt/airflow/dags/dag3_postgres_to_parquet.py
[2026-01-08T19:19:17.443+0000] {logging_mixin.py:188} INFO - [2026-01-08T19:19:17.442+0000] {dag.py:3036} INFO - Sync 1 DAGs
[2026-01-08T19:19:17.492+0000] {logging_mixin.py:188} INFO - [2026-01-08T19:19:17.491+0000] {dag.py:3823} INFO - Setting next_dagrun for postgres_to_parquet_export to 2026-01-04 00:00:00+00:00, run_after=2026-01-11 00:00:00+00:00
[2026-01-08T19:19:17.528+0000] {processor.py:183} INFO - Processing /opt/airflow/dags/dag3_postgres_to_parquet.py took 0.747 seconds
[2026-01-08T19:19:48.003+0000] {processor.py:161} INFO - Started process (PID=344) to work on /opt/airflow/dags/dag3_postgres_to_parquet.py
[2026-01-08T19:19:48.005+0000] {processor.py:830} INFO - Processing file /opt/airflow/dags/dag3_postgres_to_parquet.py for tasks to queue
[2026-01-08T19:19:48.007+0000] {logging_mixin.py:188} INFO - [2026-01-08T19:19:48.007+0000] {dagbag.py:538} INFO - Filling up the DagBag from /opt/airflow/dags/dag3_postgres_to_parquet.py
[2026-01-08T19:19:48.360+0000] {processor.py:840} INFO - DAG(s) 'postgres_to_parquet_export' retrieved from /opt/airflow/dags/dag3_postgres_to_parquet.py
[2026-01-08T19:19:48.392+0000] {logging_mixin.py:188} INFO - [2026-01-08T19:19:48.391+0000] {dag.py:3036} INFO - Sync 1 DAGs
[2026-01-08T19:19:48.419+0000] {logging_mixin.py:188} INFO - [2026-01-08T19:19:48.419+0000] {dag.py:3823} INFO - Setting next_dagrun for postgres_to_parquet_export to 2026-01-04 00:00:00+00:00, run_after=2026-01-11 00:00:00+00:00
[2026-01-08T19:19:48.440+0000] {processor.py:183} INFO - Processing /opt/airflow/dags/dag3_postgres_to_parquet.py took 0.442 seconds
[2026-01-08T19:20:18.862+0000] {processor.py:161} INFO - Started process (PID=362) to work on /opt/airflow/dags/dag3_postgres_to_parquet.py
[2026-01-08T19:20:18.863+0000] {processor.py:830} INFO - Processing file /opt/airflow/dags/dag3_postgres_to_parquet.py for tasks to queue
[2026-01-08T19:20:18.865+0000] {logging_mixin.py:188} INFO - [2026-01-08T19:20:18.864+0000] {dagbag.py:538} INFO - Filling up the DagBag from /opt/airflow/dags/dag3_postgres_to_parquet.py
[2026-01-08T19:20:19.229+0000] {processor.py:840} INFO - DAG(s) 'postgres_to_parquet_export' retrieved from /opt/airflow/dags/dag3_postgres_to_parquet.py
[2026-01-08T19:20:19.262+0000] {logging_mixin.py:188} INFO - [2026-01-08T19:20:19.261+0000] {dag.py:3036} INFO - Sync 1 DAGs
[2026-01-08T19:20:19.290+0000] {logging_mixin.py:188} INFO - [2026-01-08T19:20:19.289+0000] {dag.py:3823} INFO - Setting next_dagrun for postgres_to_parquet_export to 2026-01-04 00:00:00+00:00, run_after=2026-01-11 00:00:00+00:00
[2026-01-08T19:20:19.322+0000] {processor.py:183} INFO - Processing /opt/airflow/dags/dag3_postgres_to_parquet.py took 0.465 seconds
[2026-01-08T19:20:49.769+0000] {processor.py:161} INFO - Started process (PID=380) to work on /opt/airflow/dags/dag3_postgres_to_parquet.py
[2026-01-08T19:20:49.771+0000] {processor.py:830} INFO - Processing file /opt/airflow/dags/dag3_postgres_to_parquet.py for tasks to queue
[2026-01-08T19:20:49.772+0000] {logging_mixin.py:188} INFO - [2026-01-08T19:20:49.772+0000] {dagbag.py:538} INFO - Filling up the DagBag from /opt/airflow/dags/dag3_postgres_to_parquet.py
[2026-01-08T19:20:50.189+0000] {processor.py:840} INFO - DAG(s) 'postgres_to_parquet_export' retrieved from /opt/airflow/dags/dag3_postgres_to_parquet.py
[2026-01-08T19:20:50.236+0000] {logging_mixin.py:188} INFO - [2026-01-08T19:20:50.235+0000] {dag.py:3036} INFO - Sync 1 DAGs
[2026-01-08T19:20:50.271+0000] {logging_mixin.py:188} INFO - [2026-01-08T19:20:50.271+0000] {dag.py:3823} INFO - Setting next_dagrun for postgres_to_parquet_export to 2026-01-04 00:00:00+00:00, run_after=2026-01-11 00:00:00+00:00
[2026-01-08T19:20:50.371+0000] {processor.py:183} INFO - Processing /opt/airflow/dags/dag3_postgres_to_parquet.py took 0.611 seconds
[2026-01-08T19:21:21.460+0000] {processor.py:161} INFO - Started process (PID=398) to work on /opt/airflow/dags/dag3_postgres_to_parquet.py
[2026-01-08T19:21:21.462+0000] {processor.py:830} INFO - Processing file /opt/airflow/dags/dag3_postgres_to_parquet.py for tasks to queue
[2026-01-08T19:21:21.463+0000] {logging_mixin.py:188} INFO - [2026-01-08T19:21:21.463+0000] {dagbag.py:538} INFO - Filling up the DagBag from /opt/airflow/dags/dag3_postgres_to_parquet.py
[2026-01-08T19:21:21.995+0000] {processor.py:840} INFO - DAG(s) 'postgres_to_parquet_export' retrieved from /opt/airflow/dags/dag3_postgres_to_parquet.py
[2026-01-08T19:21:22.031+0000] {logging_mixin.py:188} INFO - [2026-01-08T19:21:22.031+0000] {dag.py:3036} INFO - Sync 1 DAGs
[2026-01-08T19:21:22.061+0000] {logging_mixin.py:188} INFO - [2026-01-08T19:21:22.060+0000] {dag.py:3823} INFO - Setting next_dagrun for postgres_to_parquet_export to 2026-01-04 00:00:00+00:00, run_after=2026-01-11 00:00:00+00:00
[2026-01-08T19:21:22.083+0000] {processor.py:183} INFO - Processing /opt/airflow/dags/dag3_postgres_to_parquet.py took 0.631 seconds
[2026-01-08T19:21:52.838+0000] {processor.py:161} INFO - Started process (PID=422) to work on /opt/airflow/dags/dag3_postgres_to_parquet.py
[2026-01-08T19:21:52.839+0000] {processor.py:830} INFO - Processing file /opt/airflow/dags/dag3_postgres_to_parquet.py for tasks to queue
[2026-01-08T19:21:52.840+0000] {logging_mixin.py:188} INFO - [2026-01-08T19:21:52.840+0000] {dagbag.py:538} INFO - Filling up the DagBag from /opt/airflow/dags/dag3_postgres_to_parquet.py
[2026-01-08T19:21:53.187+0000] {processor.py:840} INFO - DAG(s) 'postgres_to_parquet_export' retrieved from /opt/airflow/dags/dag3_postgres_to_parquet.py
[2026-01-08T19:21:53.232+0000] {logging_mixin.py:188} INFO - [2026-01-08T19:21:53.231+0000] {dag.py:3036} INFO - Sync 1 DAGs
[2026-01-08T19:21:53.267+0000] {logging_mixin.py:188} INFO - [2026-01-08T19:21:53.267+0000] {dag.py:3823} INFO - Setting next_dagrun for postgres_to_parquet_export to 2026-01-04 00:00:00+00:00, run_after=2026-01-11 00:00:00+00:00
[2026-01-08T19:21:53.313+0000] {processor.py:183} INFO - Processing /opt/airflow/dags/dag3_postgres_to_parquet.py took 0.480 seconds
[2026-01-08T19:22:23.668+0000] {processor.py:161} INFO - Started process (PID=434) to work on /opt/airflow/dags/dag3_postgres_to_parquet.py
[2026-01-08T19:22:23.670+0000] {processor.py:830} INFO - Processing file /opt/airflow/dags/dag3_postgres_to_parquet.py for tasks to queue
[2026-01-08T19:22:23.671+0000] {logging_mixin.py:188} INFO - [2026-01-08T19:22:23.671+0000] {dagbag.py:538} INFO - Filling up the DagBag from /opt/airflow/dags/dag3_postgres_to_parquet.py
[2026-01-08T19:22:24.224+0000] {processor.py:840} INFO - DAG(s) 'postgres_to_parquet_export' retrieved from /opt/airflow/dags/dag3_postgres_to_parquet.py
[2026-01-08T19:22:24.285+0000] {logging_mixin.py:188} INFO - [2026-01-08T19:22:24.284+0000] {dag.py:3036} INFO - Sync 1 DAGs
[2026-01-08T19:22:24.324+0000] {logging_mixin.py:188} INFO - [2026-01-08T19:22:24.323+0000] {dag.py:3823} INFO - Setting next_dagrun for postgres_to_parquet_export to 2026-01-04 00:00:00+00:00, run_after=2026-01-11 00:00:00+00:00
[2026-01-08T19:22:24.355+0000] {processor.py:183} INFO - Processing /opt/airflow/dags/dag3_postgres_to_parquet.py took 0.694 seconds
[2026-01-08T19:22:55.115+0000] {processor.py:161} INFO - Started process (PID=452) to work on /opt/airflow/dags/dag3_postgres_to_parquet.py
[2026-01-08T19:22:55.117+0000] {processor.py:830} INFO - Processing file /opt/airflow/dags/dag3_postgres_to_parquet.py for tasks to queue
[2026-01-08T19:22:55.119+0000] {logging_mixin.py:188} INFO - [2026-01-08T19:22:55.118+0000] {dagbag.py:538} INFO - Filling up the DagBag from /opt/airflow/dags/dag3_postgres_to_parquet.py
[2026-01-08T19:22:55.571+0000] {processor.py:840} INFO - DAG(s) 'postgres_to_parquet_export' retrieved from /opt/airflow/dags/dag3_postgres_to_parquet.py
[2026-01-08T19:22:55.611+0000] {logging_mixin.py:188} INFO - [2026-01-08T19:22:55.610+0000] {dag.py:3036} INFO - Sync 1 DAGs
[2026-01-08T19:22:55.639+0000] {logging_mixin.py:188} INFO - [2026-01-08T19:22:55.639+0000] {dag.py:3823} INFO - Setting next_dagrun for postgres_to_parquet_export to 2026-01-04 00:00:00+00:00, run_after=2026-01-11 00:00:00+00:00
[2026-01-08T19:22:55.659+0000] {processor.py:183} INFO - Processing /opt/airflow/dags/dag3_postgres_to_parquet.py took 0.551 seconds
[2026-01-08T19:23:26.138+0000] {processor.py:161} INFO - Started process (PID=470) to work on /opt/airflow/dags/dag3_postgres_to_parquet.py
[2026-01-08T19:23:26.140+0000] {processor.py:830} INFO - Processing file /opt/airflow/dags/dag3_postgres_to_parquet.py for tasks to queue
[2026-01-08T19:23:26.141+0000] {logging_mixin.py:188} INFO - [2026-01-08T19:23:26.141+0000] {dagbag.py:538} INFO - Filling up the DagBag from /opt/airflow/dags/dag3_postgres_to_parquet.py
[2026-01-08T19:23:26.507+0000] {processor.py:840} INFO - DAG(s) 'postgres_to_parquet_export' retrieved from /opt/airflow/dags/dag3_postgres_to_parquet.py
[2026-01-08T19:23:26.586+0000] {logging_mixin.py:188} INFO - [2026-01-08T19:23:26.585+0000] {dag.py:3036} INFO - Sync 1 DAGs
[2026-01-08T19:23:26.633+0000] {logging_mixin.py:188} INFO - [2026-01-08T19:23:26.632+0000] {dag.py:3823} INFO - Setting next_dagrun for postgres_to_parquet_export to 2026-01-04 00:00:00+00:00, run_after=2026-01-11 00:00:00+00:00
[2026-01-08T19:23:26.660+0000] {processor.py:183} INFO - Processing /opt/airflow/dags/dag3_postgres_to_parquet.py took 0.526 seconds
[2026-01-08T19:23:57.000+0000] {processor.py:161} INFO - Started process (PID=488) to work on /opt/airflow/dags/dag3_postgres_to_parquet.py
[2026-01-08T19:23:57.002+0000] {processor.py:830} INFO - Processing file /opt/airflow/dags/dag3_postgres_to_parquet.py for tasks to queue
[2026-01-08T19:23:57.003+0000] {logging_mixin.py:188} INFO - [2026-01-08T19:23:57.003+0000] {dagbag.py:538} INFO - Filling up the DagBag from /opt/airflow/dags/dag3_postgres_to_parquet.py
[2026-01-08T19:23:57.420+0000] {processor.py:840} INFO - DAG(s) 'postgres_to_parquet_export' retrieved from /opt/airflow/dags/dag3_postgres_to_parquet.py
[2026-01-08T19:23:57.467+0000] {logging_mixin.py:188} INFO - [2026-01-08T19:23:57.466+0000] {dag.py:3036} INFO - Sync 1 DAGs
[2026-01-08T19:23:57.516+0000] {logging_mixin.py:188} INFO - [2026-01-08T19:23:57.516+0000] {dag.py:3823} INFO - Setting next_dagrun for postgres_to_parquet_export to 2026-01-04 00:00:00+00:00, run_after=2026-01-11 00:00:00+00:00
[2026-01-08T19:23:57.542+0000] {processor.py:183} INFO - Processing /opt/airflow/dags/dag3_postgres_to_parquet.py took 0.548 seconds
[2026-01-08T19:24:27.956+0000] {processor.py:161} INFO - Started process (PID=506) to work on /opt/airflow/dags/dag3_postgres_to_parquet.py
[2026-01-08T19:24:27.958+0000] {processor.py:830} INFO - Processing file /opt/airflow/dags/dag3_postgres_to_parquet.py for tasks to queue
[2026-01-08T19:24:27.960+0000] {logging_mixin.py:188} INFO - [2026-01-08T19:24:27.959+0000] {dagbag.py:538} INFO - Filling up the DagBag from /opt/airflow/dags/dag3_postgres_to_parquet.py
[2026-01-08T19:24:28.362+0000] {processor.py:840} INFO - DAG(s) 'postgres_to_parquet_export' retrieved from /opt/airflow/dags/dag3_postgres_to_parquet.py
[2026-01-08T19:24:28.393+0000] {logging_mixin.py:188} INFO - [2026-01-08T19:24:28.393+0000] {dag.py:3036} INFO - Sync 1 DAGs
[2026-01-08T19:24:28.421+0000] {logging_mixin.py:188} INFO - [2026-01-08T19:24:28.420+0000] {dag.py:3823} INFO - Setting next_dagrun for postgres_to_parquet_export to 2026-01-04 00:00:00+00:00, run_after=2026-01-11 00:00:00+00:00
[2026-01-08T19:24:28.443+0000] {processor.py:183} INFO - Processing /opt/airflow/dags/dag3_postgres_to_parquet.py took 0.493 seconds
[2026-01-08T19:24:59.029+0000] {processor.py:161} INFO - Started process (PID=524) to work on /opt/airflow/dags/dag3_postgres_to_parquet.py
[2026-01-08T19:24:59.030+0000] {processor.py:830} INFO - Processing file /opt/airflow/dags/dag3_postgres_to_parquet.py for tasks to queue
[2026-01-08T19:24:59.032+0000] {logging_mixin.py:188} INFO - [2026-01-08T19:24:59.031+0000] {dagbag.py:538} INFO - Filling up the DagBag from /opt/airflow/dags/dag3_postgres_to_parquet.py
[2026-01-08T19:24:59.383+0000] {processor.py:840} INFO - DAG(s) 'postgres_to_parquet_export' retrieved from /opt/airflow/dags/dag3_postgres_to_parquet.py
[2026-01-08T19:24:59.430+0000] {logging_mixin.py:188} INFO - [2026-01-08T19:24:59.429+0000] {dag.py:3036} INFO - Sync 1 DAGs
[2026-01-08T19:24:59.459+0000] {logging_mixin.py:188} INFO - [2026-01-08T19:24:59.458+0000] {dag.py:3823} INFO - Setting next_dagrun for postgres_to_parquet_export to 2026-01-04 00:00:00+00:00, run_after=2026-01-11 00:00:00+00:00
[2026-01-08T19:24:59.478+0000] {processor.py:183} INFO - Processing /opt/airflow/dags/dag3_postgres_to_parquet.py took 0.454 seconds
[2026-01-08T19:25:30.126+0000] {processor.py:161} INFO - Started process (PID=542) to work on /opt/airflow/dags/dag3_postgres_to_parquet.py
[2026-01-08T19:25:30.127+0000] {processor.py:830} INFO - Processing file /opt/airflow/dags/dag3_postgres_to_parquet.py for tasks to queue
[2026-01-08T19:25:30.129+0000] {logging_mixin.py:188} INFO - [2026-01-08T19:25:30.128+0000] {dagbag.py:538} INFO - Filling up the DagBag from /opt/airflow/dags/dag3_postgres_to_parquet.py
[2026-01-08T19:25:30.517+0000] {processor.py:840} INFO - DAG(s) 'postgres_to_parquet_export' retrieved from /opt/airflow/dags/dag3_postgres_to_parquet.py
[2026-01-08T19:25:30.555+0000] {logging_mixin.py:188} INFO - [2026-01-08T19:25:30.555+0000] {dag.py:3036} INFO - Sync 1 DAGs
[2026-01-08T19:25:30.586+0000] {logging_mixin.py:188} INFO - [2026-01-08T19:25:30.586+0000] {dag.py:3823} INFO - Setting next_dagrun for postgres_to_parquet_export to 2026-01-04 00:00:00+00:00, run_after=2026-01-11 00:00:00+00:00
[2026-01-08T19:25:30.611+0000] {processor.py:183} INFO - Processing /opt/airflow/dags/dag3_postgres_to_parquet.py took 0.491 seconds
[2026-01-08T19:26:00.725+0000] {processor.py:161} INFO - Started process (PID=560) to work on /opt/airflow/dags/dag3_postgres_to_parquet.py
[2026-01-08T19:26:00.726+0000] {processor.py:830} INFO - Processing file /opt/airflow/dags/dag3_postgres_to_parquet.py for tasks to queue
[2026-01-08T19:26:00.727+0000] {logging_mixin.py:188} INFO - [2026-01-08T19:26:00.727+0000] {dagbag.py:538} INFO - Filling up the DagBag from /opt/airflow/dags/dag3_postgres_to_parquet.py
[2026-01-08T19:26:01.094+0000] {processor.py:840} INFO - DAG(s) 'postgres_to_parquet_export' retrieved from /opt/airflow/dags/dag3_postgres_to_parquet.py
[2026-01-08T19:26:01.128+0000] {logging_mixin.py:188} INFO - [2026-01-08T19:26:01.128+0000] {dag.py:3036} INFO - Sync 1 DAGs
[2026-01-08T19:26:01.154+0000] {logging_mixin.py:188} INFO - [2026-01-08T19:26:01.154+0000] {dag.py:3823} INFO - Setting next_dagrun for postgres_to_parquet_export to 2026-01-04 00:00:00+00:00, run_after=2026-01-11 00:00:00+00:00
[2026-01-08T19:26:01.179+0000] {processor.py:183} INFO - Processing /opt/airflow/dags/dag3_postgres_to_parquet.py took 0.459 seconds
[2026-01-08T19:26:31.747+0000] {processor.py:161} INFO - Started process (PID=578) to work on /opt/airflow/dags/dag3_postgres_to_parquet.py
[2026-01-08T19:26:31.750+0000] {processor.py:830} INFO - Processing file /opt/airflow/dags/dag3_postgres_to_parquet.py for tasks to queue
[2026-01-08T19:26:31.766+0000] {logging_mixin.py:188} INFO - [2026-01-08T19:26:31.751+0000] {dagbag.py:538} INFO - Filling up the DagBag from /opt/airflow/dags/dag3_postgres_to_parquet.py
[2026-01-08T19:26:32.137+0000] {processor.py:840} INFO - DAG(s) 'postgres_to_parquet_export' retrieved from /opt/airflow/dags/dag3_postgres_to_parquet.py
[2026-01-08T19:26:32.174+0000] {logging_mixin.py:188} INFO - [2026-01-08T19:26:32.174+0000] {dag.py:3036} INFO - Sync 1 DAGs
[2026-01-08T19:26:32.205+0000] {logging_mixin.py:188} INFO - [2026-01-08T19:26:32.205+0000] {dag.py:3823} INFO - Setting next_dagrun for postgres_to_parquet_export to 2026-01-04 00:00:00+00:00, run_after=2026-01-11 00:00:00+00:00
[2026-01-08T19:26:32.495+0000] {processor.py:183} INFO - Processing /opt/airflow/dags/dag3_postgres_to_parquet.py took 0.754 seconds
[2026-01-08T19:27:02.893+0000] {processor.py:161} INFO - Started process (PID=596) to work on /opt/airflow/dags/dag3_postgres_to_parquet.py
[2026-01-08T19:27:02.895+0000] {processor.py:830} INFO - Processing file /opt/airflow/dags/dag3_postgres_to_parquet.py for tasks to queue
[2026-01-08T19:27:02.897+0000] {logging_mixin.py:188} INFO - [2026-01-08T19:27:02.897+0000] {dagbag.py:538} INFO - Filling up the DagBag from /opt/airflow/dags/dag3_postgres_to_parquet.py
[2026-01-08T19:27:03.240+0000] {processor.py:840} INFO - DAG(s) 'postgres_to_parquet_export' retrieved from /opt/airflow/dags/dag3_postgres_to_parquet.py
[2026-01-08T19:27:03.272+0000] {logging_mixin.py:188} INFO - [2026-01-08T19:27:03.272+0000] {dag.py:3036} INFO - Sync 1 DAGs
[2026-01-08T19:27:03.298+0000] {logging_mixin.py:188} INFO - [2026-01-08T19:27:03.298+0000] {dag.py:3823} INFO - Setting next_dagrun for postgres_to_parquet_export to 2026-01-04 00:00:00+00:00, run_after=2026-01-11 00:00:00+00:00
[2026-01-08T19:27:03.323+0000] {processor.py:183} INFO - Processing /opt/airflow/dags/dag3_postgres_to_parquet.py took 0.434 seconds
[2026-01-08T19:27:33.921+0000] {processor.py:161} INFO - Started process (PID=614) to work on /opt/airflow/dags/dag3_postgres_to_parquet.py
[2026-01-08T19:27:33.922+0000] {processor.py:830} INFO - Processing file /opt/airflow/dags/dag3_postgres_to_parquet.py for tasks to queue
[2026-01-08T19:27:33.924+0000] {logging_mixin.py:188} INFO - [2026-01-08T19:27:33.924+0000] {dagbag.py:538} INFO - Filling up the DagBag from /opt/airflow/dags/dag3_postgres_to_parquet.py
[2026-01-08T19:27:34.320+0000] {processor.py:840} INFO - DAG(s) 'postgres_to_parquet_export' retrieved from /opt/airflow/dags/dag3_postgres_to_parquet.py
[2026-01-08T19:27:34.357+0000] {logging_mixin.py:188} INFO - [2026-01-08T19:27:34.356+0000] {dag.py:3036} INFO - Sync 1 DAGs
[2026-01-08T19:27:34.388+0000] {logging_mixin.py:188} INFO - [2026-01-08T19:27:34.387+0000] {dag.py:3823} INFO - Setting next_dagrun for postgres_to_parquet_export to 2026-01-04 00:00:00+00:00, run_after=2026-01-11 00:00:00+00:00
[2026-01-08T19:27:34.412+0000] {processor.py:183} INFO - Processing /opt/airflow/dags/dag3_postgres_to_parquet.py took 0.497 seconds
[2026-01-08T19:28:04.934+0000] {processor.py:161} INFO - Started process (PID=632) to work on /opt/airflow/dags/dag3_postgres_to_parquet.py
[2026-01-08T19:28:04.935+0000] {processor.py:830} INFO - Processing file /opt/airflow/dags/dag3_postgres_to_parquet.py for tasks to queue
[2026-01-08T19:28:04.937+0000] {logging_mixin.py:188} INFO - [2026-01-08T19:28:04.937+0000] {dagbag.py:538} INFO - Filling up the DagBag from /opt/airflow/dags/dag3_postgres_to_parquet.py
[2026-01-08T19:28:05.283+0000] {processor.py:840} INFO - DAG(s) 'postgres_to_parquet_export' retrieved from /opt/airflow/dags/dag3_postgres_to_parquet.py
[2026-01-08T19:28:05.317+0000] {logging_mixin.py:188} INFO - [2026-01-08T19:28:05.316+0000] {dag.py:3036} INFO - Sync 1 DAGs
[2026-01-08T19:28:05.358+0000] {logging_mixin.py:188} INFO - [2026-01-08T19:28:05.358+0000] {dag.py:3823} INFO - Setting next_dagrun for postgres_to_parquet_export to 2026-01-04 00:00:00+00:00, run_after=2026-01-11 00:00:00+00:00
[2026-01-08T19:28:05.407+0000] {processor.py:183} INFO - Processing /opt/airflow/dags/dag3_postgres_to_parquet.py took 0.479 seconds
[2026-01-08T19:28:35.478+0000] {processor.py:161} INFO - Started process (PID=650) to work on /opt/airflow/dags/dag3_postgres_to_parquet.py
[2026-01-08T19:28:35.480+0000] {processor.py:830} INFO - Processing file /opt/airflow/dags/dag3_postgres_to_parquet.py for tasks to queue
[2026-01-08T19:28:35.482+0000] {logging_mixin.py:188} INFO - [2026-01-08T19:28:35.482+0000] {dagbag.py:538} INFO - Filling up the DagBag from /opt/airflow/dags/dag3_postgres_to_parquet.py
[2026-01-08T19:28:35.968+0000] {processor.py:840} INFO - DAG(s) 'postgres_to_parquet_export' retrieved from /opt/airflow/dags/dag3_postgres_to_parquet.py
[2026-01-08T19:28:36.003+0000] {logging_mixin.py:188} INFO - [2026-01-08T19:28:36.002+0000] {dag.py:3036} INFO - Sync 1 DAGs
[2026-01-08T19:28:36.032+0000] {logging_mixin.py:188} INFO - [2026-01-08T19:28:36.031+0000] {dag.py:3823} INFO - Setting next_dagrun for postgres_to_parquet_export to 2026-01-04 00:00:00+00:00, run_after=2026-01-11 00:00:00+00:00
[2026-01-08T19:28:36.139+0000] {processor.py:183} INFO - Processing /opt/airflow/dags/dag3_postgres_to_parquet.py took 0.667 seconds
[2026-01-08T19:29:06.698+0000] {processor.py:161} INFO - Started process (PID=668) to work on /opt/airflow/dags/dag3_postgres_to_parquet.py
[2026-01-08T19:29:06.700+0000] {processor.py:830} INFO - Processing file /opt/airflow/dags/dag3_postgres_to_parquet.py for tasks to queue
[2026-01-08T19:29:06.702+0000] {logging_mixin.py:188} INFO - [2026-01-08T19:29:06.701+0000] {dagbag.py:538} INFO - Filling up the DagBag from /opt/airflow/dags/dag3_postgres_to_parquet.py
[2026-01-08T19:29:07.128+0000] {processor.py:840} INFO - DAG(s) 'postgres_to_parquet_export' retrieved from /opt/airflow/dags/dag3_postgres_to_parquet.py
[2026-01-08T19:29:07.161+0000] {logging_mixin.py:188} INFO - [2026-01-08T19:29:07.160+0000] {dag.py:3036} INFO - Sync 1 DAGs
[2026-01-08T19:29:07.193+0000] {logging_mixin.py:188} INFO - [2026-01-08T19:29:07.193+0000] {dag.py:3823} INFO - Setting next_dagrun for postgres_to_parquet_export to 2026-01-04 00:00:00+00:00, run_after=2026-01-11 00:00:00+00:00
[2026-01-08T19:29:07.397+0000] {processor.py:183} INFO - Processing /opt/airflow/dags/dag3_postgres_to_parquet.py took 0.704 seconds
[2026-01-08T19:29:37.519+0000] {processor.py:161} INFO - Started process (PID=686) to work on /opt/airflow/dags/dag3_postgres_to_parquet.py
[2026-01-08T19:29:37.520+0000] {processor.py:830} INFO - Processing file /opt/airflow/dags/dag3_postgres_to_parquet.py for tasks to queue
[2026-01-08T19:29:37.522+0000] {logging_mixin.py:188} INFO - [2026-01-08T19:29:37.521+0000] {dagbag.py:538} INFO - Filling up the DagBag from /opt/airflow/dags/dag3_postgres_to_parquet.py
[2026-01-08T19:29:37.930+0000] {processor.py:840} INFO - DAG(s) 'postgres_to_parquet_export' retrieved from /opt/airflow/dags/dag3_postgres_to_parquet.py
[2026-01-08T19:29:38.009+0000] {logging_mixin.py:188} INFO - [2026-01-08T19:29:38.008+0000] {dag.py:3036} INFO - Sync 1 DAGs
[2026-01-08T19:29:38.045+0000] {logging_mixin.py:188} INFO - [2026-01-08T19:29:38.045+0000] {dag.py:3823} INFO - Setting next_dagrun for postgres_to_parquet_export to 2026-01-04 00:00:00+00:00, run_after=2026-01-11 00:00:00+00:00
[2026-01-08T19:29:38.069+0000] {processor.py:183} INFO - Processing /opt/airflow/dags/dag3_postgres_to_parquet.py took 0.557 seconds
[2026-01-08T19:30:08.655+0000] {processor.py:161} INFO - Started process (PID=704) to work on /opt/airflow/dags/dag3_postgres_to_parquet.py
[2026-01-08T19:30:08.657+0000] {processor.py:830} INFO - Processing file /opt/airflow/dags/dag3_postgres_to_parquet.py for tasks to queue
[2026-01-08T19:30:08.658+0000] {logging_mixin.py:188} INFO - [2026-01-08T19:30:08.658+0000] {dagbag.py:538} INFO - Filling up the DagBag from /opt/airflow/dags/dag3_postgres_to_parquet.py
[2026-01-08T19:30:09.023+0000] {processor.py:840} INFO - DAG(s) 'postgres_to_parquet_export' retrieved from /opt/airflow/dags/dag3_postgres_to_parquet.py
[2026-01-08T19:30:09.059+0000] {logging_mixin.py:188} INFO - [2026-01-08T19:30:09.058+0000] {dag.py:3036} INFO - Sync 1 DAGs
[2026-01-08T19:30:09.098+0000] {logging_mixin.py:188} INFO - [2026-01-08T19:30:09.098+0000] {dag.py:3823} INFO - Setting next_dagrun for postgres_to_parquet_export to 2026-01-04 00:00:00+00:00, run_after=2026-01-11 00:00:00+00:00
[2026-01-08T19:30:09.122+0000] {processor.py:183} INFO - Processing /opt/airflow/dags/dag3_postgres_to_parquet.py took 0.474 seconds
[2026-01-08T19:30:39.768+0000] {processor.py:161} INFO - Started process (PID=722) to work on /opt/airflow/dags/dag3_postgres_to_parquet.py
[2026-01-08T19:30:39.769+0000] {processor.py:830} INFO - Processing file /opt/airflow/dags/dag3_postgres_to_parquet.py for tasks to queue
[2026-01-08T19:30:39.770+0000] {logging_mixin.py:188} INFO - [2026-01-08T19:30:39.770+0000] {dagbag.py:538} INFO - Filling up the DagBag from /opt/airflow/dags/dag3_postgres_to_parquet.py
[2026-01-08T19:30:40.152+0000] {processor.py:840} INFO - DAG(s) 'postgres_to_parquet_export' retrieved from /opt/airflow/dags/dag3_postgres_to_parquet.py
[2026-01-08T19:30:40.184+0000] {logging_mixin.py:188} INFO - [2026-01-08T19:30:40.183+0000] {dag.py:3036} INFO - Sync 1 DAGs
[2026-01-08T19:30:40.208+0000] {logging_mixin.py:188} INFO - [2026-01-08T19:30:40.208+0000] {dag.py:3823} INFO - Setting next_dagrun for postgres_to_parquet_export to 2026-01-04 00:00:00+00:00, run_after=2026-01-11 00:00:00+00:00
[2026-01-08T19:30:40.230+0000] {processor.py:183} INFO - Processing /opt/airflow/dags/dag3_postgres_to_parquet.py took 0.468 seconds
[2026-01-08T19:31:10.857+0000] {processor.py:161} INFO - Started process (PID=740) to work on /opt/airflow/dags/dag3_postgres_to_parquet.py
[2026-01-08T19:31:10.859+0000] {processor.py:830} INFO - Processing file /opt/airflow/dags/dag3_postgres_to_parquet.py for tasks to queue
[2026-01-08T19:31:10.860+0000] {logging_mixin.py:188} INFO - [2026-01-08T19:31:10.860+0000] {dagbag.py:538} INFO - Filling up the DagBag from /opt/airflow/dags/dag3_postgres_to_parquet.py
[2026-01-08T19:31:11.226+0000] {processor.py:840} INFO - DAG(s) 'postgres_to_parquet_export' retrieved from /opt/airflow/dags/dag3_postgres_to_parquet.py
[2026-01-08T19:31:11.258+0000] {logging_mixin.py:188} INFO - [2026-01-08T19:31:11.257+0000] {dag.py:3036} INFO - Sync 1 DAGs
[2026-01-08T19:31:11.284+0000] {logging_mixin.py:188} INFO - [2026-01-08T19:31:11.283+0000] {dag.py:3823} INFO - Setting next_dagrun for postgres_to_parquet_export to 2026-01-04 00:00:00+00:00, run_after=2026-01-11 00:00:00+00:00
[2026-01-08T19:31:11.306+0000] {processor.py:183} INFO - Processing /opt/airflow/dags/dag3_postgres_to_parquet.py took 0.455 seconds
[2026-01-08T19:31:41.402+0000] {processor.py:161} INFO - Started process (PID=758) to work on /opt/airflow/dags/dag3_postgres_to_parquet.py
[2026-01-08T19:31:41.403+0000] {processor.py:830} INFO - Processing file /opt/airflow/dags/dag3_postgres_to_parquet.py for tasks to queue
[2026-01-08T19:31:41.405+0000] {logging_mixin.py:188} INFO - [2026-01-08T19:31:41.404+0000] {dagbag.py:538} INFO - Filling up the DagBag from /opt/airflow/dags/dag3_postgres_to_parquet.py
[2026-01-08T19:31:41.736+0000] {processor.py:840} INFO - DAG(s) 'postgres_to_parquet_export' retrieved from /opt/airflow/dags/dag3_postgres_to_parquet.py
[2026-01-08T19:31:41.769+0000] {logging_mixin.py:188} INFO - [2026-01-08T19:31:41.768+0000] {dag.py:3036} INFO - Sync 1 DAGs
[2026-01-08T19:31:41.794+0000] {logging_mixin.py:188} INFO - [2026-01-08T19:31:41.794+0000] {dag.py:3823} INFO - Setting next_dagrun for postgres_to_parquet_export to 2026-01-04 00:00:00+00:00, run_after=2026-01-11 00:00:00+00:00
[2026-01-08T19:31:41.819+0000] {processor.py:183} INFO - Processing /opt/airflow/dags/dag3_postgres_to_parquet.py took 0.421 seconds
[2026-01-08T19:32:12.049+0000] {processor.py:161} INFO - Started process (PID=776) to work on /opt/airflow/dags/dag3_postgres_to_parquet.py
[2026-01-08T19:32:12.050+0000] {processor.py:830} INFO - Processing file /opt/airflow/dags/dag3_postgres_to_parquet.py for tasks to queue
[2026-01-08T19:32:12.052+0000] {logging_mixin.py:188} INFO - [2026-01-08T19:32:12.051+0000] {dagbag.py:538} INFO - Filling up the DagBag from /opt/airflow/dags/dag3_postgres_to_parquet.py
[2026-01-08T19:32:12.402+0000] {processor.py:840} INFO - DAG(s) 'postgres_to_parquet_export' retrieved from /opt/airflow/dags/dag3_postgres_to_parquet.py
[2026-01-08T19:32:12.433+0000] {logging_mixin.py:188} INFO - [2026-01-08T19:32:12.433+0000] {dag.py:3036} INFO - Sync 1 DAGs
[2026-01-08T19:32:12.460+0000] {logging_mixin.py:188} INFO - [2026-01-08T19:32:12.460+0000] {dag.py:3823} INFO - Setting next_dagrun for postgres_to_parquet_export to 2026-01-04 00:00:00+00:00, run_after=2026-01-11 00:00:00+00:00
[2026-01-08T19:32:12.482+0000] {processor.py:183} INFO - Processing /opt/airflow/dags/dag3_postgres_to_parquet.py took 0.438 seconds
[2026-01-08T19:32:42.705+0000] {processor.py:161} INFO - Started process (PID=794) to work on /opt/airflow/dags/dag3_postgres_to_parquet.py
[2026-01-08T19:32:42.706+0000] {processor.py:830} INFO - Processing file /opt/airflow/dags/dag3_postgres_to_parquet.py for tasks to queue
[2026-01-08T19:32:42.708+0000] {logging_mixin.py:188} INFO - [2026-01-08T19:32:42.707+0000] {dagbag.py:538} INFO - Filling up the DagBag from /opt/airflow/dags/dag3_postgres_to_parquet.py
[2026-01-08T19:32:43.016+0000] {processor.py:840} INFO - DAG(s) 'postgres_to_parquet_export' retrieved from /opt/airflow/dags/dag3_postgres_to_parquet.py
[2026-01-08T19:32:43.048+0000] {logging_mixin.py:188} INFO - [2026-01-08T19:32:43.048+0000] {dag.py:3036} INFO - Sync 1 DAGs
[2026-01-08T19:32:43.074+0000] {logging_mixin.py:188} INFO - [2026-01-08T19:32:43.074+0000] {dag.py:3823} INFO - Setting next_dagrun for postgres_to_parquet_export to 2026-01-04 00:00:00+00:00, run_after=2026-01-11 00:00:00+00:00
[2026-01-08T19:32:43.097+0000] {processor.py:183} INFO - Processing /opt/airflow/dags/dag3_postgres_to_parquet.py took 0.397 seconds
[2026-01-08T19:33:13.493+0000] {processor.py:161} INFO - Started process (PID=812) to work on /opt/airflow/dags/dag3_postgres_to_parquet.py
[2026-01-08T19:33:13.495+0000] {processor.py:830} INFO - Processing file /opt/airflow/dags/dag3_postgres_to_parquet.py for tasks to queue
[2026-01-08T19:33:13.496+0000] {logging_mixin.py:188} INFO - [2026-01-08T19:33:13.496+0000] {dagbag.py:538} INFO - Filling up the DagBag from /opt/airflow/dags/dag3_postgres_to_parquet.py
[2026-01-08T19:33:13.864+0000] {processor.py:840} INFO - DAG(s) 'postgres_to_parquet_export' retrieved from /opt/airflow/dags/dag3_postgres_to_parquet.py
[2026-01-08T19:33:13.900+0000] {logging_mixin.py:188} INFO - [2026-01-08T19:33:13.899+0000] {dag.py:3036} INFO - Sync 1 DAGs
[2026-01-08T19:33:13.929+0000] {logging_mixin.py:188} INFO - [2026-01-08T19:33:13.929+0000] {dag.py:3823} INFO - Setting next_dagrun for postgres_to_parquet_export to 2026-01-04 00:00:00+00:00, run_after=2026-01-11 00:00:00+00:00
[2026-01-08T19:33:14.022+0000] {processor.py:183} INFO - Processing /opt/airflow/dags/dag3_postgres_to_parquet.py took 0.533 seconds
[2026-01-08T19:33:44.337+0000] {processor.py:161} INFO - Started process (PID=830) to work on /opt/airflow/dags/dag3_postgres_to_parquet.py
[2026-01-08T19:33:44.338+0000] {processor.py:830} INFO - Processing file /opt/airflow/dags/dag3_postgres_to_parquet.py for tasks to queue
[2026-01-08T19:33:44.340+0000] {logging_mixin.py:188} INFO - [2026-01-08T19:33:44.339+0000] {dagbag.py:538} INFO - Filling up the DagBag from /opt/airflow/dags/dag3_postgres_to_parquet.py
[2026-01-08T19:33:44.636+0000] {processor.py:840} INFO - DAG(s) 'postgres_to_parquet_export' retrieved from /opt/airflow/dags/dag3_postgres_to_parquet.py
[2026-01-08T19:33:44.673+0000] {logging_mixin.py:188} INFO - [2026-01-08T19:33:44.672+0000] {dag.py:3036} INFO - Sync 1 DAGs
[2026-01-08T19:33:44.726+0000] {logging_mixin.py:188} INFO - [2026-01-08T19:33:44.726+0000] {dag.py:3823} INFO - Setting next_dagrun for postgres_to_parquet_export to 2026-01-04 00:00:00+00:00, run_after=2026-01-11 00:00:00+00:00
[2026-01-08T19:33:44.754+0000] {processor.py:183} INFO - Processing /opt/airflow/dags/dag3_postgres_to_parquet.py took 0.421 seconds
[2026-01-08T19:34:15.268+0000] {processor.py:161} INFO - Started process (PID=848) to work on /opt/airflow/dags/dag3_postgres_to_parquet.py
[2026-01-08T19:34:15.271+0000] {processor.py:830} INFO - Processing file /opt/airflow/dags/dag3_postgres_to_parquet.py for tasks to queue
[2026-01-08T19:34:15.272+0000] {logging_mixin.py:188} INFO - [2026-01-08T19:34:15.272+0000] {dagbag.py:538} INFO - Filling up the DagBag from /opt/airflow/dags/dag3_postgres_to_parquet.py
[2026-01-08T19:34:15.685+0000] {processor.py:840} INFO - DAG(s) 'postgres_to_parquet_export' retrieved from /opt/airflow/dags/dag3_postgres_to_parquet.py
[2026-01-08T19:34:15.718+0000] {logging_mixin.py:188} INFO - [2026-01-08T19:34:15.717+0000] {dag.py:3036} INFO - Sync 1 DAGs
[2026-01-08T19:34:15.744+0000] {logging_mixin.py:188} INFO - [2026-01-08T19:34:15.744+0000] {dag.py:3823} INFO - Setting next_dagrun for postgres_to_parquet_export to 2026-01-04 00:00:00+00:00, run_after=2026-01-11 00:00:00+00:00
[2026-01-08T19:34:15.771+0000] {processor.py:183} INFO - Processing /opt/airflow/dags/dag3_postgres_to_parquet.py took 0.508 seconds
[2026-01-08T19:34:46.238+0000] {processor.py:161} INFO - Started process (PID=866) to work on /opt/airflow/dags/dag3_postgres_to_parquet.py
[2026-01-08T19:34:46.240+0000] {processor.py:830} INFO - Processing file /opt/airflow/dags/dag3_postgres_to_parquet.py for tasks to queue
[2026-01-08T19:34:46.241+0000] {logging_mixin.py:188} INFO - [2026-01-08T19:34:46.241+0000] {dagbag.py:538} INFO - Filling up the DagBag from /opt/airflow/dags/dag3_postgres_to_parquet.py
[2026-01-08T19:34:46.595+0000] {processor.py:840} INFO - DAG(s) 'postgres_to_parquet_export' retrieved from /opt/airflow/dags/dag3_postgres_to_parquet.py
[2026-01-08T19:34:46.629+0000] {logging_mixin.py:188} INFO - [2026-01-08T19:34:46.628+0000] {dag.py:3036} INFO - Sync 1 DAGs
[2026-01-08T19:34:46.669+0000] {logging_mixin.py:188} INFO - [2026-01-08T19:34:46.669+0000] {dag.py:3823} INFO - Setting next_dagrun for postgres_to_parquet_export to 2026-01-04 00:00:00+00:00, run_after=2026-01-11 00:00:00+00:00
[2026-01-08T19:34:46.868+0000] {processor.py:183} INFO - Processing /opt/airflow/dags/dag3_postgres_to_parquet.py took 0.634 seconds
[2026-01-08T19:35:17.463+0000] {processor.py:161} INFO - Started process (PID=884) to work on /opt/airflow/dags/dag3_postgres_to_parquet.py
[2026-01-08T19:35:17.465+0000] {processor.py:830} INFO - Processing file /opt/airflow/dags/dag3_postgres_to_parquet.py for tasks to queue
[2026-01-08T19:35:17.466+0000] {logging_mixin.py:188} INFO - [2026-01-08T19:35:17.466+0000] {dagbag.py:538} INFO - Filling up the DagBag from /opt/airflow/dags/dag3_postgres_to_parquet.py
[2026-01-08T19:35:17.807+0000] {processor.py:840} INFO - DAG(s) 'postgres_to_parquet_export' retrieved from /opt/airflow/dags/dag3_postgres_to_parquet.py
[2026-01-08T19:35:17.841+0000] {logging_mixin.py:188} INFO - [2026-01-08T19:35:17.841+0000] {dag.py:3036} INFO - Sync 1 DAGs
[2026-01-08T19:35:17.872+0000] {logging_mixin.py:188} INFO - [2026-01-08T19:35:17.872+0000] {dag.py:3823} INFO - Setting next_dagrun for postgres_to_parquet_export to 2026-01-04 00:00:00+00:00, run_after=2026-01-11 00:00:00+00:00
[2026-01-08T19:35:17.898+0000] {processor.py:183} INFO - Processing /opt/airflow/dags/dag3_postgres_to_parquet.py took 0.440 seconds
[2026-01-08T19:35:48.343+0000] {processor.py:161} INFO - Started process (PID=902) to work on /opt/airflow/dags/dag3_postgres_to_parquet.py
[2026-01-08T19:35:48.345+0000] {processor.py:830} INFO - Processing file /opt/airflow/dags/dag3_postgres_to_parquet.py for tasks to queue
[2026-01-08T19:35:48.346+0000] {logging_mixin.py:188} INFO - [2026-01-08T19:35:48.346+0000] {dagbag.py:538} INFO - Filling up the DagBag from /opt/airflow/dags/dag3_postgres_to_parquet.py
[2026-01-08T19:35:48.700+0000] {processor.py:840} INFO - DAG(s) 'postgres_to_parquet_export' retrieved from /opt/airflow/dags/dag3_postgres_to_parquet.py
[2026-01-08T19:35:48.746+0000] {logging_mixin.py:188} INFO - [2026-01-08T19:35:48.745+0000] {dag.py:3036} INFO - Sync 1 DAGs
[2026-01-08T19:35:48.777+0000] {logging_mixin.py:188} INFO - [2026-01-08T19:35:48.777+0000] {dag.py:3823} INFO - Setting next_dagrun for postgres_to_parquet_export to 2026-01-04 00:00:00+00:00, run_after=2026-01-11 00:00:00+00:00
[2026-01-08T19:35:48.868+0000] {processor.py:183} INFO - Processing /opt/airflow/dags/dag3_postgres_to_parquet.py took 0.530 seconds
[2026-01-08T19:36:19.351+0000] {processor.py:161} INFO - Started process (PID=920) to work on /opt/airflow/dags/dag3_postgres_to_parquet.py
[2026-01-08T19:36:19.355+0000] {processor.py:830} INFO - Processing file /opt/airflow/dags/dag3_postgres_to_parquet.py for tasks to queue
[2026-01-08T19:36:19.356+0000] {logging_mixin.py:188} INFO - [2026-01-08T19:36:19.356+0000] {dagbag.py:538} INFO - Filling up the DagBag from /opt/airflow/dags/dag3_postgres_to_parquet.py
[2026-01-08T19:36:19.747+0000] {processor.py:840} INFO - DAG(s) 'postgres_to_parquet_export' retrieved from /opt/airflow/dags/dag3_postgres_to_parquet.py
[2026-01-08T19:36:19.791+0000] {logging_mixin.py:188} INFO - [2026-01-08T19:36:19.790+0000] {dag.py:3036} INFO - Sync 1 DAGs
[2026-01-08T19:36:19.822+0000] {logging_mixin.py:188} INFO - [2026-01-08T19:36:19.822+0000] {dag.py:3823} INFO - Setting next_dagrun for postgres_to_parquet_export to 2026-01-04 00:00:00+00:00, run_after=2026-01-11 00:00:00+00:00
[2026-01-08T19:36:19.905+0000] {processor.py:183} INFO - Processing /opt/airflow/dags/dag3_postgres_to_parquet.py took 0.558 seconds
[2026-01-08T19:36:50.615+0000] {processor.py:161} INFO - Started process (PID=953) to work on /opt/airflow/dags/dag3_postgres_to_parquet.py
[2026-01-08T19:36:50.617+0000] {processor.py:830} INFO - Processing file /opt/airflow/dags/dag3_postgres_to_parquet.py for tasks to queue
[2026-01-08T19:36:50.618+0000] {logging_mixin.py:188} INFO - [2026-01-08T19:36:50.618+0000] {dagbag.py:538} INFO - Filling up the DagBag from /opt/airflow/dags/dag3_postgres_to_parquet.py
[2026-01-08T19:36:51.120+0000] {processor.py:840} INFO - DAG(s) 'postgres_to_parquet_export' retrieved from /opt/airflow/dags/dag3_postgres_to_parquet.py
[2026-01-08T19:36:51.153+0000] {logging_mixin.py:188} INFO - [2026-01-08T19:36:51.152+0000] {dag.py:3036} INFO - Sync 1 DAGs
[2026-01-08T19:36:51.180+0000] {logging_mixin.py:188} INFO - [2026-01-08T19:36:51.180+0000] {dag.py:3823} INFO - Setting next_dagrun for postgres_to_parquet_export to 2026-01-04 00:00:00+00:00, run_after=2026-01-11 00:00:00+00:00
[2026-01-08T19:36:51.264+0000] {processor.py:183} INFO - Processing /opt/airflow/dags/dag3_postgres_to_parquet.py took 0.655 seconds
[2026-01-08T19:37:21.415+0000] {processor.py:161} INFO - Started process (PID=980) to work on /opt/airflow/dags/dag3_postgres_to_parquet.py
[2026-01-08T19:37:21.417+0000] {processor.py:830} INFO - Processing file /opt/airflow/dags/dag3_postgres_to_parquet.py for tasks to queue
[2026-01-08T19:37:21.418+0000] {logging_mixin.py:188} INFO - [2026-01-08T19:37:21.418+0000] {dagbag.py:538} INFO - Filling up the DagBag from /opt/airflow/dags/dag3_postgres_to_parquet.py
[2026-01-08T19:37:21.793+0000] {processor.py:840} INFO - DAG(s) 'postgres_to_parquet_export' retrieved from /opt/airflow/dags/dag3_postgres_to_parquet.py
[2026-01-08T19:37:21.831+0000] {logging_mixin.py:188} INFO - [2026-01-08T19:37:21.830+0000] {dag.py:3036} INFO - Sync 1 DAGs
[2026-01-08T19:37:22.092+0000] {logging_mixin.py:188} INFO - [2026-01-08T19:37:22.092+0000] {dag.py:3823} INFO - Setting next_dagrun for postgres_to_parquet_export to 2026-01-04 00:00:00+00:00, run_after=2026-01-11 00:00:00+00:00
[2026-01-08T19:37:22.177+0000] {processor.py:183} INFO - Processing /opt/airflow/dags/dag3_postgres_to_parquet.py took 0.767 seconds
[2026-01-08T19:37:52.313+0000] {processor.py:161} INFO - Started process (PID=1003) to work on /opt/airflow/dags/dag3_postgres_to_parquet.py
[2026-01-08T19:37:52.314+0000] {processor.py:830} INFO - Processing file /opt/airflow/dags/dag3_postgres_to_parquet.py for tasks to queue
[2026-01-08T19:37:52.316+0000] {logging_mixin.py:188} INFO - [2026-01-08T19:37:52.315+0000] {dagbag.py:538} INFO - Filling up the DagBag from /opt/airflow/dags/dag3_postgres_to_parquet.py
[2026-01-08T19:37:52.732+0000] {processor.py:840} INFO - DAG(s) 'postgres_to_parquet_export' retrieved from /opt/airflow/dags/dag3_postgres_to_parquet.py
[2026-01-08T19:37:52.771+0000] {logging_mixin.py:188} INFO - [2026-01-08T19:37:52.771+0000] {dag.py:3036} INFO - Sync 1 DAGs
[2026-01-08T19:37:52.826+0000] {logging_mixin.py:188} INFO - [2026-01-08T19:37:52.826+0000] {dag.py:3823} INFO - Setting next_dagrun for postgres_to_parquet_export to 2026-01-04 00:00:00+00:00, run_after=2026-01-11 00:00:00+00:00
[2026-01-08T19:37:52.952+0000] {processor.py:183} INFO - Processing /opt/airflow/dags/dag3_postgres_to_parquet.py took 0.644 seconds
[2026-01-08T19:38:23.269+0000] {processor.py:161} INFO - Started process (PID=1026) to work on /opt/airflow/dags/dag3_postgres_to_parquet.py
[2026-01-08T19:38:23.270+0000] {processor.py:830} INFO - Processing file /opt/airflow/dags/dag3_postgres_to_parquet.py for tasks to queue
[2026-01-08T19:38:23.272+0000] {logging_mixin.py:188} INFO - [2026-01-08T19:38:23.272+0000] {dagbag.py:538} INFO - Filling up the DagBag from /opt/airflow/dags/dag3_postgres_to_parquet.py
[2026-01-08T19:38:23.666+0000] {processor.py:840} INFO - DAG(s) 'postgres_to_parquet_export' retrieved from /opt/airflow/dags/dag3_postgres_to_parquet.py
[2026-01-08T19:38:23.699+0000] {logging_mixin.py:188} INFO - [2026-01-08T19:38:23.699+0000] {dag.py:3036} INFO - Sync 1 DAGs
[2026-01-08T19:38:23.737+0000] {logging_mixin.py:188} INFO - [2026-01-08T19:38:23.736+0000] {dag.py:3823} INFO - Setting next_dagrun for postgres_to_parquet_export to 2026-01-04 00:00:00+00:00, run_after=2026-01-11 00:00:00+00:00
[2026-01-08T19:38:23.822+0000] {processor.py:183} INFO - Processing /opt/airflow/dags/dag3_postgres_to_parquet.py took 0.558 seconds
[2026-01-08T19:38:53.935+0000] {processor.py:161} INFO - Started process (PID=1049) to work on /opt/airflow/dags/dag3_postgres_to_parquet.py
[2026-01-08T19:38:53.937+0000] {processor.py:830} INFO - Processing file /opt/airflow/dags/dag3_postgres_to_parquet.py for tasks to queue
[2026-01-08T19:38:53.938+0000] {logging_mixin.py:188} INFO - [2026-01-08T19:38:53.938+0000] {dagbag.py:538} INFO - Filling up the DagBag from /opt/airflow/dags/dag3_postgres_to_parquet.py
[2026-01-08T19:38:54.380+0000] {processor.py:840} INFO - DAG(s) 'postgres_to_parquet_export' retrieved from /opt/airflow/dags/dag3_postgres_to_parquet.py
[2026-01-08T19:38:54.411+0000] {logging_mixin.py:188} INFO - [2026-01-08T19:38:54.411+0000] {dag.py:3036} INFO - Sync 1 DAGs
[2026-01-08T19:38:54.436+0000] {logging_mixin.py:188} INFO - [2026-01-08T19:38:54.436+0000] {dag.py:3823} INFO - Setting next_dagrun for postgres_to_parquet_export to 2026-01-04 00:00:00+00:00, run_after=2026-01-11 00:00:00+00:00
[2026-01-08T19:38:54.461+0000] {processor.py:183} INFO - Processing /opt/airflow/dags/dag3_postgres_to_parquet.py took 0.530 seconds
[2026-01-08T19:39:24.638+0000] {processor.py:161} INFO - Started process (PID=1072) to work on /opt/airflow/dags/dag3_postgres_to_parquet.py
[2026-01-08T19:39:24.639+0000] {processor.py:830} INFO - Processing file /opt/airflow/dags/dag3_postgres_to_parquet.py for tasks to queue
[2026-01-08T19:39:24.641+0000] {logging_mixin.py:188} INFO - [2026-01-08T19:39:24.641+0000] {dagbag.py:538} INFO - Filling up the DagBag from /opt/airflow/dags/dag3_postgres_to_parquet.py
[2026-01-08T19:39:25.015+0000] {processor.py:840} INFO - DAG(s) 'postgres_to_parquet_export' retrieved from /opt/airflow/dags/dag3_postgres_to_parquet.py
[2026-01-08T19:39:25.056+0000] {logging_mixin.py:188} INFO - [2026-01-08T19:39:25.055+0000] {dag.py:3036} INFO - Sync 1 DAGs
[2026-01-08T19:39:25.102+0000] {logging_mixin.py:188} INFO - [2026-01-08T19:39:25.101+0000] {dag.py:3823} INFO - Setting next_dagrun for postgres_to_parquet_export to 2026-01-04 00:00:00+00:00, run_after=2026-01-11 00:00:00+00:00
[2026-01-08T19:39:25.415+0000] {processor.py:183} INFO - Processing /opt/airflow/dags/dag3_postgres_to_parquet.py took 0.782 seconds
[2026-01-08T19:39:56.048+0000] {processor.py:161} INFO - Started process (PID=1095) to work on /opt/airflow/dags/dag3_postgres_to_parquet.py
[2026-01-08T19:39:56.050+0000] {processor.py:830} INFO - Processing file /opt/airflow/dags/dag3_postgres_to_parquet.py for tasks to queue
[2026-01-08T19:39:56.051+0000] {logging_mixin.py:188} INFO - [2026-01-08T19:39:56.050+0000] {dagbag.py:538} INFO - Filling up the DagBag from /opt/airflow/dags/dag3_postgres_to_parquet.py
[2026-01-08T19:39:56.489+0000] {processor.py:840} INFO - DAG(s) 'postgres_to_parquet_export' retrieved from /opt/airflow/dags/dag3_postgres_to_parquet.py
[2026-01-08T19:39:56.520+0000] {logging_mixin.py:188} INFO - [2026-01-08T19:39:56.520+0000] {dag.py:3036} INFO - Sync 1 DAGs
[2026-01-08T19:39:56.749+0000] {logging_mixin.py:188} INFO - [2026-01-08T19:39:56.748+0000] {dag.py:3823} INFO - Setting next_dagrun for postgres_to_parquet_export to 2026-01-04 00:00:00+00:00, run_after=2026-01-11 00:00:00+00:00
[2026-01-08T19:39:56.771+0000] {processor.py:183} INFO - Processing /opt/airflow/dags/dag3_postgres_to_parquet.py took 0.728 seconds
[2026-01-08T19:40:26.989+0000] {processor.py:161} INFO - Started process (PID=1118) to work on /opt/airflow/dags/dag3_postgres_to_parquet.py
[2026-01-08T19:40:26.991+0000] {processor.py:830} INFO - Processing file /opt/airflow/dags/dag3_postgres_to_parquet.py for tasks to queue
[2026-01-08T19:40:26.993+0000] {logging_mixin.py:188} INFO - [2026-01-08T19:40:26.992+0000] {dagbag.py:538} INFO - Filling up the DagBag from /opt/airflow/dags/dag3_postgres_to_parquet.py
[2026-01-08T19:40:27.633+0000] {processor.py:840} INFO - DAG(s) 'postgres_to_parquet_export' retrieved from /opt/airflow/dags/dag3_postgres_to_parquet.py
[2026-01-08T19:40:27.790+0000] {logging_mixin.py:188} INFO - [2026-01-08T19:40:27.780+0000] {dag.py:3036} INFO - Sync 1 DAGs
[2026-01-08T19:40:27.866+0000] {logging_mixin.py:188} INFO - [2026-01-08T19:40:27.865+0000] {dag.py:3823} INFO - Setting next_dagrun for postgres_to_parquet_export to 2026-01-04 00:00:00+00:00, run_after=2026-01-11 00:00:00+00:00
[2026-01-08T19:40:27.936+0000] {processor.py:183} INFO - Processing /opt/airflow/dags/dag3_postgres_to_parquet.py took 0.956 seconds
[2026-01-08T19:40:58.054+0000] {processor.py:161} INFO - Started process (PID=1141) to work on /opt/airflow/dags/dag3_postgres_to_parquet.py
[2026-01-08T19:40:58.055+0000] {processor.py:830} INFO - Processing file /opt/airflow/dags/dag3_postgres_to_parquet.py for tasks to queue
[2026-01-08T19:40:58.057+0000] {logging_mixin.py:188} INFO - [2026-01-08T19:40:58.057+0000] {dagbag.py:538} INFO - Filling up the DagBag from /opt/airflow/dags/dag3_postgres_to_parquet.py
[2026-01-08T19:40:58.533+0000] {processor.py:840} INFO - DAG(s) 'postgres_to_parquet_export' retrieved from /opt/airflow/dags/dag3_postgres_to_parquet.py
[2026-01-08T19:40:58.689+0000] {logging_mixin.py:188} INFO - [2026-01-08T19:40:58.688+0000] {dag.py:3036} INFO - Sync 1 DAGs
[2026-01-08T19:40:58.772+0000] {logging_mixin.py:188} INFO - [2026-01-08T19:40:58.771+0000] {dag.py:3823} INFO - Setting next_dagrun for postgres_to_parquet_export to 2026-01-04 00:00:00+00:00, run_after=2026-01-11 00:00:00+00:00
[2026-01-08T19:40:58.813+0000] {processor.py:183} INFO - Processing /opt/airflow/dags/dag3_postgres_to_parquet.py took 0.766 seconds
[2026-01-08T19:41:29.144+0000] {processor.py:161} INFO - Started process (PID=1164) to work on /opt/airflow/dags/dag3_postgres_to_parquet.py
[2026-01-08T19:41:29.146+0000] {processor.py:830} INFO - Processing file /opt/airflow/dags/dag3_postgres_to_parquet.py for tasks to queue
[2026-01-08T19:41:29.148+0000] {logging_mixin.py:188} INFO - [2026-01-08T19:41:29.147+0000] {dagbag.py:538} INFO - Filling up the DagBag from /opt/airflow/dags/dag3_postgres_to_parquet.py
[2026-01-08T19:41:29.918+0000] {processor.py:840} INFO - DAG(s) 'postgres_to_parquet_export' retrieved from /opt/airflow/dags/dag3_postgres_to_parquet.py
[2026-01-08T19:41:30.179+0000] {logging_mixin.py:188} INFO - [2026-01-08T19:41:30.178+0000] {dag.py:3036} INFO - Sync 1 DAGs
[2026-01-08T19:41:30.310+0000] {logging_mixin.py:188} INFO - [2026-01-08T19:41:30.310+0000] {dag.py:3823} INFO - Setting next_dagrun for postgres_to_parquet_export to 2026-01-04 00:00:00+00:00, run_after=2026-01-11 00:00:00+00:00
[2026-01-08T19:41:30.777+0000] {processor.py:183} INFO - Processing /opt/airflow/dags/dag3_postgres_to_parquet.py took 1.642 seconds
[2026-01-08T19:42:01.483+0000] {processor.py:161} INFO - Started process (PID=1187) to work on /opt/airflow/dags/dag3_postgres_to_parquet.py
[2026-01-08T19:42:01.486+0000] {processor.py:830} INFO - Processing file /opt/airflow/dags/dag3_postgres_to_parquet.py for tasks to queue
[2026-01-08T19:42:01.488+0000] {logging_mixin.py:188} INFO - [2026-01-08T19:42:01.487+0000] {dagbag.py:538} INFO - Filling up the DagBag from /opt/airflow/dags/dag3_postgres_to_parquet.py
[2026-01-08T19:42:01.909+0000] {processor.py:840} INFO - DAG(s) 'postgres_to_parquet_export' retrieved from /opt/airflow/dags/dag3_postgres_to_parquet.py
[2026-01-08T19:42:01.942+0000] {logging_mixin.py:188} INFO - [2026-01-08T19:42:01.942+0000] {dag.py:3036} INFO - Sync 1 DAGs
[2026-01-08T19:42:02.133+0000] {logging_mixin.py:188} INFO - [2026-01-08T19:42:02.133+0000] {dag.py:3823} INFO - Setting next_dagrun for postgres_to_parquet_export to 2026-01-04 00:00:00+00:00, run_after=2026-01-11 00:00:00+00:00
[2026-01-08T19:42:02.215+0000] {processor.py:183} INFO - Processing /opt/airflow/dags/dag3_postgres_to_parquet.py took 0.741 seconds
[2026-01-08T19:42:32.569+0000] {processor.py:161} INFO - Started process (PID=1210) to work on /opt/airflow/dags/dag3_postgres_to_parquet.py
[2026-01-08T19:42:32.571+0000] {processor.py:830} INFO - Processing file /opt/airflow/dags/dag3_postgres_to_parquet.py for tasks to queue
[2026-01-08T19:42:32.572+0000] {logging_mixin.py:188} INFO - [2026-01-08T19:42:32.572+0000] {dagbag.py:538} INFO - Filling up the DagBag from /opt/airflow/dags/dag3_postgres_to_parquet.py
[2026-01-08T19:42:33.135+0000] {processor.py:840} INFO - DAG(s) 'postgres_to_parquet_export' retrieved from /opt/airflow/dags/dag3_postgres_to_parquet.py
[2026-01-08T19:42:33.168+0000] {logging_mixin.py:188} INFO - [2026-01-08T19:42:33.168+0000] {dag.py:3036} INFO - Sync 1 DAGs
[2026-01-08T19:42:33.203+0000] {logging_mixin.py:188} INFO - [2026-01-08T19:42:33.203+0000] {dag.py:3823} INFO - Setting next_dagrun for postgres_to_parquet_export to 2026-01-04 00:00:00+00:00, run_after=2026-01-11 00:00:00+00:00
[2026-01-08T19:42:33.228+0000] {processor.py:183} INFO - Processing /opt/airflow/dags/dag3_postgres_to_parquet.py took 0.666 seconds
[2026-01-08T19:43:03.434+0000] {processor.py:161} INFO - Started process (PID=1233) to work on /opt/airflow/dags/dag3_postgres_to_parquet.py
[2026-01-08T19:43:03.435+0000] {processor.py:830} INFO - Processing file /opt/airflow/dags/dag3_postgres_to_parquet.py for tasks to queue
[2026-01-08T19:43:03.436+0000] {logging_mixin.py:188} INFO - [2026-01-08T19:43:03.436+0000] {dagbag.py:538} INFO - Filling up the DagBag from /opt/airflow/dags/dag3_postgres_to_parquet.py
[2026-01-08T19:43:03.771+0000] {processor.py:840} INFO - DAG(s) 'postgres_to_parquet_export' retrieved from /opt/airflow/dags/dag3_postgres_to_parquet.py
[2026-01-08T19:43:03.801+0000] {logging_mixin.py:188} INFO - [2026-01-08T19:43:03.801+0000] {dag.py:3036} INFO - Sync 1 DAGs
[2026-01-08T19:43:03.828+0000] {logging_mixin.py:188} INFO - [2026-01-08T19:43:03.827+0000] {dag.py:3823} INFO - Setting next_dagrun for postgres_to_parquet_export to 2026-01-04 00:00:00+00:00, run_after=2026-01-11 00:00:00+00:00
[2026-01-08T19:43:03.851+0000] {processor.py:183} INFO - Processing /opt/airflow/dags/dag3_postgres_to_parquet.py took 0.421 seconds
[2026-01-08T19:43:34.395+0000] {processor.py:161} INFO - Started process (PID=1256) to work on /opt/airflow/dags/dag3_postgres_to_parquet.py
[2026-01-08T19:43:34.396+0000] {processor.py:830} INFO - Processing file /opt/airflow/dags/dag3_postgres_to_parquet.py for tasks to queue
[2026-01-08T19:43:34.397+0000] {logging_mixin.py:188} INFO - [2026-01-08T19:43:34.397+0000] {dagbag.py:538} INFO - Filling up the DagBag from /opt/airflow/dags/dag3_postgres_to_parquet.py
[2026-01-08T19:43:34.725+0000] {processor.py:840} INFO - DAG(s) 'postgres_to_parquet_export' retrieved from /opt/airflow/dags/dag3_postgres_to_parquet.py
[2026-01-08T19:43:34.755+0000] {logging_mixin.py:188} INFO - [2026-01-08T19:43:34.754+0000] {dag.py:3036} INFO - Sync 1 DAGs
[2026-01-08T19:43:34.802+0000] {logging_mixin.py:188} INFO - [2026-01-08T19:43:34.802+0000] {dag.py:3823} INFO - Setting next_dagrun for postgres_to_parquet_export to 2026-01-04 00:00:00+00:00, run_after=2026-01-11 00:00:00+00:00
[2026-01-08T19:43:35.064+0000] {processor.py:183} INFO - Processing /opt/airflow/dags/dag3_postgres_to_parquet.py took 0.674 seconds
[2026-01-08T19:44:05.765+0000] {processor.py:161} INFO - Started process (PID=1279) to work on /opt/airflow/dags/dag3_postgres_to_parquet.py
[2026-01-08T19:44:05.766+0000] {processor.py:830} INFO - Processing file /opt/airflow/dags/dag3_postgres_to_parquet.py for tasks to queue
[2026-01-08T19:44:05.768+0000] {logging_mixin.py:188} INFO - [2026-01-08T19:44:05.767+0000] {dagbag.py:538} INFO - Filling up the DagBag from /opt/airflow/dags/dag3_postgres_to_parquet.py
[2026-01-08T19:44:06.122+0000] {processor.py:840} INFO - DAG(s) 'postgres_to_parquet_export' retrieved from /opt/airflow/dags/dag3_postgres_to_parquet.py
[2026-01-08T19:44:06.160+0000] {logging_mixin.py:188} INFO - [2026-01-08T19:44:06.160+0000] {dag.py:3036} INFO - Sync 1 DAGs
[2026-01-08T19:44:06.353+0000] {logging_mixin.py:188} INFO - [2026-01-08T19:44:06.352+0000] {dag.py:3823} INFO - Setting next_dagrun for postgres_to_parquet_export to 2026-01-04 00:00:00+00:00, run_after=2026-01-11 00:00:00+00:00
[2026-01-08T19:44:06.377+0000] {processor.py:183} INFO - Processing /opt/airflow/dags/dag3_postgres_to_parquet.py took 0.616 seconds
[2026-01-08T19:44:36.623+0000] {processor.py:161} INFO - Started process (PID=1302) to work on /opt/airflow/dags/dag3_postgres_to_parquet.py
[2026-01-08T19:44:36.625+0000] {processor.py:830} INFO - Processing file /opt/airflow/dags/dag3_postgres_to_parquet.py for tasks to queue
[2026-01-08T19:44:36.628+0000] {logging_mixin.py:188} INFO - [2026-01-08T19:44:36.627+0000] {dagbag.py:538} INFO - Filling up the DagBag from /opt/airflow/dags/dag3_postgres_to_parquet.py
[2026-01-08T19:44:37.023+0000] {processor.py:840} INFO - DAG(s) 'postgres_to_parquet_export' retrieved from /opt/airflow/dags/dag3_postgres_to_parquet.py
[2026-01-08T19:44:37.057+0000] {logging_mixin.py:188} INFO - [2026-01-08T19:44:37.057+0000] {dag.py:3036} INFO - Sync 1 DAGs
[2026-01-08T19:44:37.084+0000] {logging_mixin.py:188} INFO - [2026-01-08T19:44:37.083+0000] {dag.py:3823} INFO - Setting next_dagrun for postgres_to_parquet_export to 2026-01-04 00:00:00+00:00, run_after=2026-01-11 00:00:00+00:00
[2026-01-08T19:44:37.111+0000] {processor.py:183} INFO - Processing /opt/airflow/dags/dag3_postgres_to_parquet.py took 0.494 seconds
[2026-01-08T19:45:07.597+0000] {processor.py:161} INFO - Started process (PID=1325) to work on /opt/airflow/dags/dag3_postgres_to_parquet.py
[2026-01-08T19:45:07.601+0000] {processor.py:830} INFO - Processing file /opt/airflow/dags/dag3_postgres_to_parquet.py for tasks to queue
[2026-01-08T19:45:07.603+0000] {logging_mixin.py:188} INFO - [2026-01-08T19:45:07.603+0000] {dagbag.py:538} INFO - Filling up the DagBag from /opt/airflow/dags/dag3_postgres_to_parquet.py
[2026-01-08T19:45:08.053+0000] {processor.py:840} INFO - DAG(s) 'postgres_to_parquet_export' retrieved from /opt/airflow/dags/dag3_postgres_to_parquet.py
[2026-01-08T19:45:08.087+0000] {logging_mixin.py:188} INFO - [2026-01-08T19:45:08.086+0000] {dag.py:3036} INFO - Sync 1 DAGs
[2026-01-08T19:45:08.118+0000] {logging_mixin.py:188} INFO - [2026-01-08T19:45:08.117+0000] {dag.py:3823} INFO - Setting next_dagrun for postgres_to_parquet_export to 2026-01-04 00:00:00+00:00, run_after=2026-01-11 00:00:00+00:00
[2026-01-08T19:45:08.205+0000] {processor.py:183} INFO - Processing /opt/airflow/dags/dag3_postgres_to_parquet.py took 0.614 seconds
[2026-01-08T19:45:38.609+0000] {processor.py:161} INFO - Started process (PID=1348) to work on /opt/airflow/dags/dag3_postgres_to_parquet.py
[2026-01-08T19:45:38.611+0000] {processor.py:830} INFO - Processing file /opt/airflow/dags/dag3_postgres_to_parquet.py for tasks to queue
[2026-01-08T19:45:38.612+0000] {logging_mixin.py:188} INFO - [2026-01-08T19:45:38.612+0000] {dagbag.py:538} INFO - Filling up the DagBag from /opt/airflow/dags/dag3_postgres_to_parquet.py
[2026-01-08T19:45:39.013+0000] {processor.py:840} INFO - DAG(s) 'postgres_to_parquet_export' retrieved from /opt/airflow/dags/dag3_postgres_to_parquet.py
[2026-01-08T19:45:39.043+0000] {logging_mixin.py:188} INFO - [2026-01-08T19:45:39.042+0000] {dag.py:3036} INFO - Sync 1 DAGs
[2026-01-08T19:45:39.079+0000] {logging_mixin.py:188} INFO - [2026-01-08T19:45:39.078+0000] {dag.py:3823} INFO - Setting next_dagrun for postgres_to_parquet_export to 2026-01-04 00:00:00+00:00, run_after=2026-01-11 00:00:00+00:00
[2026-01-08T19:45:39.277+0000] {processor.py:183} INFO - Processing /opt/airflow/dags/dag3_postgres_to_parquet.py took 0.672 seconds
[2026-01-08T19:46:25.554+0000] {processor.py:161} INFO - Started process (PID=195) to work on /opt/airflow/dags/dag3_postgres_to_parquet.py
[2026-01-08T19:46:25.555+0000] {processor.py:830} INFO - Processing file /opt/airflow/dags/dag3_postgres_to_parquet.py for tasks to queue
[2026-01-08T19:46:25.557+0000] {logging_mixin.py:188} INFO - [2026-01-08T19:46:25.556+0000] {dagbag.py:538} INFO - Filling up the DagBag from /opt/airflow/dags/dag3_postgres_to_parquet.py
[2026-01-08T19:46:26.060+0000] {processor.py:840} INFO - DAG(s) 'postgres_to_parquet_export' retrieved from /opt/airflow/dags/dag3_postgres_to_parquet.py
[2026-01-08T19:46:26.076+0000] {logging_mixin.py:188} INFO - [2026-01-08T19:46:26.076+0000] {dag.py:3036} INFO - Sync 1 DAGs
[2026-01-08T19:46:26.107+0000] {logging_mixin.py:188} INFO - [2026-01-08T19:46:26.106+0000] {dag.py:3823} INFO - Setting next_dagrun for postgres_to_parquet_export to 2026-01-04 00:00:00+00:00, run_after=2026-01-11 00:00:00+00:00
[2026-01-08T19:46:26.133+0000] {processor.py:183} INFO - Processing /opt/airflow/dags/dag3_postgres_to_parquet.py took 0.584 seconds
[2026-01-08T19:46:56.460+0000] {processor.py:161} INFO - Started process (PID=227) to work on /opt/airflow/dags/dag3_postgres_to_parquet.py
[2026-01-08T19:46:56.461+0000] {processor.py:830} INFO - Processing file /opt/airflow/dags/dag3_postgres_to_parquet.py for tasks to queue
[2026-01-08T19:46:56.463+0000] {logging_mixin.py:188} INFO - [2026-01-08T19:46:56.462+0000] {dagbag.py:538} INFO - Filling up the DagBag from /opt/airflow/dags/dag3_postgres_to_parquet.py
[2026-01-08T19:46:56.903+0000] {processor.py:840} INFO - DAG(s) 'postgres_to_parquet_export' retrieved from /opt/airflow/dags/dag3_postgres_to_parquet.py
[2026-01-08T19:46:57.192+0000] {logging_mixin.py:188} INFO - [2026-01-08T19:46:57.192+0000] {dag.py:3036} INFO - Sync 1 DAGs
[2026-01-08T19:46:57.213+0000] {logging_mixin.py:188} INFO - [2026-01-08T19:46:57.213+0000] {dag.py:3823} INFO - Setting next_dagrun for postgres_to_parquet_export to 2026-01-04 00:00:00+00:00, run_after=2026-01-11 00:00:00+00:00
[2026-01-08T19:46:57.294+0000] {processor.py:183} INFO - Processing /opt/airflow/dags/dag3_postgres_to_parquet.py took 0.839 seconds
[2026-01-08T19:47:27.835+0000] {processor.py:161} INFO - Started process (PID=259) to work on /opt/airflow/dags/dag3_postgres_to_parquet.py
[2026-01-08T19:47:27.837+0000] {processor.py:830} INFO - Processing file /opt/airflow/dags/dag3_postgres_to_parquet.py for tasks to queue
[2026-01-08T19:47:27.839+0000] {logging_mixin.py:188} INFO - [2026-01-08T19:47:27.838+0000] {dagbag.py:538} INFO - Filling up the DagBag from /opt/airflow/dags/dag3_postgres_to_parquet.py
[2026-01-08T19:47:28.155+0000] {processor.py:840} INFO - DAG(s) 'postgres_to_parquet_export' retrieved from /opt/airflow/dags/dag3_postgres_to_parquet.py
[2026-01-08T19:47:28.187+0000] {logging_mixin.py:188} INFO - [2026-01-08T19:47:28.185+0000] {dag.py:3036} INFO - Sync 1 DAGs
[2026-01-08T19:47:28.215+0000] {logging_mixin.py:188} INFO - [2026-01-08T19:47:28.215+0000] {dag.py:3823} INFO - Setting next_dagrun for postgres_to_parquet_export to 2026-01-04 00:00:00+00:00, run_after=2026-01-11 00:00:00+00:00
[2026-01-08T19:47:28.240+0000] {processor.py:183} INFO - Processing /opt/airflow/dags/dag3_postgres_to_parquet.py took 0.409 seconds
[2026-01-08T19:47:58.828+0000] {processor.py:161} INFO - Started process (PID=287) to work on /opt/airflow/dags/dag3_postgres_to_parquet.py
[2026-01-08T19:47:58.830+0000] {processor.py:830} INFO - Processing file /opt/airflow/dags/dag3_postgres_to_parquet.py for tasks to queue
[2026-01-08T19:47:58.831+0000] {logging_mixin.py:188} INFO - [2026-01-08T19:47:58.831+0000] {dagbag.py:538} INFO - Filling up the DagBag from /opt/airflow/dags/dag3_postgres_to_parquet.py
[2026-01-08T19:47:59.229+0000] {processor.py:840} INFO - DAG(s) 'postgres_to_parquet_export' retrieved from /opt/airflow/dags/dag3_postgres_to_parquet.py
[2026-01-08T19:47:59.264+0000] {logging_mixin.py:188} INFO - [2026-01-08T19:47:59.263+0000] {dag.py:3036} INFO - Sync 1 DAGs
[2026-01-08T19:47:59.293+0000] {logging_mixin.py:188} INFO - [2026-01-08T19:47:59.293+0000] {dag.py:3823} INFO - Setting next_dagrun for postgres_to_parquet_export to 2026-01-04 00:00:00+00:00, run_after=2026-01-11 00:00:00+00:00
[2026-01-08T19:47:59.380+0000] {processor.py:183} INFO - Processing /opt/airflow/dags/dag3_postgres_to_parquet.py took 0.557 seconds
[2026-01-08T19:48:29.722+0000] {processor.py:161} INFO - Started process (PID=315) to work on /opt/airflow/dags/dag3_postgres_to_parquet.py
[2026-01-08T19:48:29.724+0000] {processor.py:830} INFO - Processing file /opt/airflow/dags/dag3_postgres_to_parquet.py for tasks to queue
[2026-01-08T19:48:29.725+0000] {logging_mixin.py:188} INFO - [2026-01-08T19:48:29.725+0000] {dagbag.py:538} INFO - Filling up the DagBag from /opt/airflow/dags/dag3_postgres_to_parquet.py
[2026-01-08T19:48:30.095+0000] {processor.py:840} INFO - DAG(s) 'postgres_to_parquet_export' retrieved from /opt/airflow/dags/dag3_postgres_to_parquet.py
[2026-01-08T19:48:30.129+0000] {logging_mixin.py:188} INFO - [2026-01-08T19:48:30.129+0000] {dag.py:3036} INFO - Sync 1 DAGs
[2026-01-08T19:48:30.162+0000] {logging_mixin.py:188} INFO - [2026-01-08T19:48:30.161+0000] {dag.py:3823} INFO - Setting next_dagrun for postgres_to_parquet_export to 2026-01-04 00:00:00+00:00, run_after=2026-01-11 00:00:00+00:00
[2026-01-08T19:48:30.186+0000] {processor.py:183} INFO - Processing /opt/airflow/dags/dag3_postgres_to_parquet.py took 0.468 seconds
[2026-01-08T19:49:00.605+0000] {processor.py:161} INFO - Started process (PID=343) to work on /opt/airflow/dags/dag3_postgres_to_parquet.py
[2026-01-08T19:49:00.607+0000] {processor.py:830} INFO - Processing file /opt/airflow/dags/dag3_postgres_to_parquet.py for tasks to queue
[2026-01-08T19:49:00.608+0000] {logging_mixin.py:188} INFO - [2026-01-08T19:49:00.608+0000] {dagbag.py:538} INFO - Filling up the DagBag from /opt/airflow/dags/dag3_postgres_to_parquet.py
[2026-01-08T19:49:00.978+0000] {processor.py:840} INFO - DAG(s) 'postgres_to_parquet_export' retrieved from /opt/airflow/dags/dag3_postgres_to_parquet.py
[2026-01-08T19:49:01.028+0000] {logging_mixin.py:188} INFO - [2026-01-08T19:49:01.028+0000] {dag.py:3036} INFO - Sync 1 DAGs
[2026-01-08T19:49:01.063+0000] {logging_mixin.py:188} INFO - [2026-01-08T19:49:01.062+0000] {dag.py:3823} INFO - Setting next_dagrun for postgres_to_parquet_export to 2026-01-04 00:00:00+00:00, run_after=2026-01-11 00:00:00+00:00
[2026-01-08T19:49:01.086+0000] {processor.py:183} INFO - Processing /opt/airflow/dags/dag3_postgres_to_parquet.py took 0.485 seconds
[2026-01-08T19:49:31.227+0000] {processor.py:161} INFO - Started process (PID=371) to work on /opt/airflow/dags/dag3_postgres_to_parquet.py
[2026-01-08T19:49:31.229+0000] {processor.py:830} INFO - Processing file /opt/airflow/dags/dag3_postgres_to_parquet.py for tasks to queue
[2026-01-08T19:49:31.230+0000] {logging_mixin.py:188} INFO - [2026-01-08T19:49:31.230+0000] {dagbag.py:538} INFO - Filling up the DagBag from /opt/airflow/dags/dag3_postgres_to_parquet.py
[2026-01-08T19:49:31.633+0000] {processor.py:840} INFO - DAG(s) 'postgres_to_parquet_export' retrieved from /opt/airflow/dags/dag3_postgres_to_parquet.py
[2026-01-08T19:49:31.667+0000] {logging_mixin.py:188} INFO - [2026-01-08T19:49:31.666+0000] {dag.py:3036} INFO - Sync 1 DAGs
[2026-01-08T19:49:31.698+0000] {logging_mixin.py:188} INFO - [2026-01-08T19:49:31.698+0000] {dag.py:3823} INFO - Setting next_dagrun for postgres_to_parquet_export to 2026-01-04 00:00:00+00:00, run_after=2026-01-11 00:00:00+00:00
[2026-01-08T19:49:31.726+0000] {processor.py:183} INFO - Processing /opt/airflow/dags/dag3_postgres_to_parquet.py took 0.505 seconds
[2026-01-08T19:50:02.320+0000] {processor.py:161} INFO - Started process (PID=399) to work on /opt/airflow/dags/dag3_postgres_to_parquet.py
[2026-01-08T19:50:02.326+0000] {processor.py:830} INFO - Processing file /opt/airflow/dags/dag3_postgres_to_parquet.py for tasks to queue
[2026-01-08T19:50:02.328+0000] {logging_mixin.py:188} INFO - [2026-01-08T19:50:02.328+0000] {dagbag.py:538} INFO - Filling up the DagBag from /opt/airflow/dags/dag3_postgres_to_parquet.py
[2026-01-08T19:50:02.729+0000] {processor.py:840} INFO - DAG(s) 'postgres_to_parquet_export' retrieved from /opt/airflow/dags/dag3_postgres_to_parquet.py
[2026-01-08T19:50:02.777+0000] {logging_mixin.py:188} INFO - [2026-01-08T19:50:02.776+0000] {dag.py:3036} INFO - Sync 1 DAGs
[2026-01-08T19:50:02.812+0000] {logging_mixin.py:188} INFO - [2026-01-08T19:50:02.812+0000] {dag.py:3823} INFO - Setting next_dagrun for postgres_to_parquet_export to 2026-01-04 00:00:00+00:00, run_after=2026-01-11 00:00:00+00:00
[2026-01-08T19:50:02.846+0000] {processor.py:183} INFO - Processing /opt/airflow/dags/dag3_postgres_to_parquet.py took 0.531 seconds
[2026-01-08T19:50:33.292+0000] {processor.py:161} INFO - Started process (PID=427) to work on /opt/airflow/dags/dag3_postgres_to_parquet.py
[2026-01-08T19:50:33.293+0000] {processor.py:830} INFO - Processing file /opt/airflow/dags/dag3_postgres_to_parquet.py for tasks to queue
[2026-01-08T19:50:33.294+0000] {logging_mixin.py:188} INFO - [2026-01-08T19:50:33.294+0000] {dagbag.py:538} INFO - Filling up the DagBag from /opt/airflow/dags/dag3_postgres_to_parquet.py
[2026-01-08T19:50:33.612+0000] {processor.py:840} INFO - DAG(s) 'postgres_to_parquet_export' retrieved from /opt/airflow/dags/dag3_postgres_to_parquet.py
[2026-01-08T19:50:33.654+0000] {logging_mixin.py:188} INFO - [2026-01-08T19:50:33.654+0000] {dag.py:3036} INFO - Sync 1 DAGs
[2026-01-08T19:50:33.680+0000] {logging_mixin.py:188} INFO - [2026-01-08T19:50:33.680+0000] {dag.py:3823} INFO - Setting next_dagrun for postgres_to_parquet_export to 2026-01-04 00:00:00+00:00, run_after=2026-01-11 00:00:00+00:00
[2026-01-08T19:50:33.708+0000] {processor.py:183} INFO - Processing /opt/airflow/dags/dag3_postgres_to_parquet.py took 0.420 seconds
[2026-01-08T19:51:03.977+0000] {processor.py:161} INFO - Started process (PID=455) to work on /opt/airflow/dags/dag3_postgres_to_parquet.py
[2026-01-08T19:51:03.979+0000] {processor.py:830} INFO - Processing file /opt/airflow/dags/dag3_postgres_to_parquet.py for tasks to queue
[2026-01-08T19:51:03.981+0000] {logging_mixin.py:188} INFO - [2026-01-08T19:51:03.980+0000] {dagbag.py:538} INFO - Filling up the DagBag from /opt/airflow/dags/dag3_postgres_to_parquet.py
[2026-01-08T19:51:04.368+0000] {processor.py:840} INFO - DAG(s) 'postgres_to_parquet_export' retrieved from /opt/airflow/dags/dag3_postgres_to_parquet.py
[2026-01-08T19:51:04.401+0000] {logging_mixin.py:188} INFO - [2026-01-08T19:51:04.400+0000] {dag.py:3036} INFO - Sync 1 DAGs
[2026-01-08T19:51:04.433+0000] {logging_mixin.py:188} INFO - [2026-01-08T19:51:04.433+0000] {dag.py:3823} INFO - Setting next_dagrun for postgres_to_parquet_export to 2026-01-04 00:00:00+00:00, run_after=2026-01-11 00:00:00+00:00
[2026-01-08T19:51:04.460+0000] {processor.py:183} INFO - Processing /opt/airflow/dags/dag3_postgres_to_parquet.py took 0.488 seconds
[2026-01-08T19:51:34.636+0000] {processor.py:161} INFO - Started process (PID=483) to work on /opt/airflow/dags/dag3_postgres_to_parquet.py
[2026-01-08T19:51:34.637+0000] {processor.py:830} INFO - Processing file /opt/airflow/dags/dag3_postgres_to_parquet.py for tasks to queue
[2026-01-08T19:51:34.639+0000] {logging_mixin.py:188} INFO - [2026-01-08T19:51:34.639+0000] {dagbag.py:538} INFO - Filling up the DagBag from /opt/airflow/dags/dag3_postgres_to_parquet.py
[2026-01-08T19:51:35.133+0000] {processor.py:840} INFO - DAG(s) 'postgres_to_parquet_export' retrieved from /opt/airflow/dags/dag3_postgres_to_parquet.py
[2026-01-08T19:51:35.167+0000] {logging_mixin.py:188} INFO - [2026-01-08T19:51:35.167+0000] {dag.py:3036} INFO - Sync 1 DAGs
[2026-01-08T19:51:35.201+0000] {logging_mixin.py:188} INFO - [2026-01-08T19:51:35.200+0000] {dag.py:3823} INFO - Setting next_dagrun for postgres_to_parquet_export to 2026-01-04 00:00:00+00:00, run_after=2026-01-11 00:00:00+00:00
[2026-01-08T19:51:35.227+0000] {processor.py:183} INFO - Processing /opt/airflow/dags/dag3_postgres_to_parquet.py took 0.595 seconds
[2026-01-08T19:52:05.540+0000] {processor.py:161} INFO - Started process (PID=511) to work on /opt/airflow/dags/dag3_postgres_to_parquet.py
[2026-01-08T19:52:05.542+0000] {processor.py:830} INFO - Processing file /opt/airflow/dags/dag3_postgres_to_parquet.py for tasks to queue
[2026-01-08T19:52:05.544+0000] {logging_mixin.py:188} INFO - [2026-01-08T19:52:05.543+0000] {dagbag.py:538} INFO - Filling up the DagBag from /opt/airflow/dags/dag3_postgres_to_parquet.py
[2026-01-08T19:52:05.860+0000] {processor.py:840} INFO - DAG(s) 'postgres_to_parquet_export' retrieved from /opt/airflow/dags/dag3_postgres_to_parquet.py
[2026-01-08T19:52:05.915+0000] {logging_mixin.py:188} INFO - [2026-01-08T19:52:05.913+0000] {dag.py:3036} INFO - Sync 1 DAGs
[2026-01-08T19:52:05.944+0000] {logging_mixin.py:188} INFO - [2026-01-08T19:52:05.943+0000] {dag.py:3823} INFO - Setting next_dagrun for postgres_to_parquet_export to 2026-01-04 00:00:00+00:00, run_after=2026-01-11 00:00:00+00:00
[2026-01-08T19:52:05.968+0000] {processor.py:183} INFO - Processing /opt/airflow/dags/dag3_postgres_to_parquet.py took 0.432 seconds
[2026-01-08T19:52:36.129+0000] {processor.py:161} INFO - Started process (PID=539) to work on /opt/airflow/dags/dag3_postgres_to_parquet.py
[2026-01-08T19:52:36.130+0000] {processor.py:830} INFO - Processing file /opt/airflow/dags/dag3_postgres_to_parquet.py for tasks to queue
[2026-01-08T19:52:36.131+0000] {logging_mixin.py:188} INFO - [2026-01-08T19:52:36.131+0000] {dagbag.py:538} INFO - Filling up the DagBag from /opt/airflow/dags/dag3_postgres_to_parquet.py
[2026-01-08T19:52:36.446+0000] {processor.py:840} INFO - DAG(s) 'postgres_to_parquet_export' retrieved from /opt/airflow/dags/dag3_postgres_to_parquet.py
[2026-01-08T19:52:36.475+0000] {logging_mixin.py:188} INFO - [2026-01-08T19:52:36.474+0000] {dag.py:3036} INFO - Sync 1 DAGs
[2026-01-08T19:52:36.501+0000] {logging_mixin.py:188} INFO - [2026-01-08T19:52:36.501+0000] {dag.py:3823} INFO - Setting next_dagrun for postgres_to_parquet_export to 2026-01-04 00:00:00+00:00, run_after=2026-01-11 00:00:00+00:00
[2026-01-08T19:52:36.524+0000] {processor.py:183} INFO - Processing /opt/airflow/dags/dag3_postgres_to_parquet.py took 0.399 seconds
[2026-01-08T19:53:07.315+0000] {processor.py:161} INFO - Started process (PID=567) to work on /opt/airflow/dags/dag3_postgres_to_parquet.py
[2026-01-08T19:53:07.317+0000] {processor.py:830} INFO - Processing file /opt/airflow/dags/dag3_postgres_to_parquet.py for tasks to queue
[2026-01-08T19:53:07.319+0000] {logging_mixin.py:188} INFO - [2026-01-08T19:53:07.319+0000] {dagbag.py:538} INFO - Filling up the DagBag from /opt/airflow/dags/dag3_postgres_to_parquet.py
[2026-01-08T19:53:07.648+0000] {processor.py:840} INFO - DAG(s) 'postgres_to_parquet_export' retrieved from /opt/airflow/dags/dag3_postgres_to_parquet.py
[2026-01-08T19:53:07.684+0000] {logging_mixin.py:188} INFO - [2026-01-08T19:53:07.683+0000] {dag.py:3036} INFO - Sync 1 DAGs
[2026-01-08T19:53:07.711+0000] {logging_mixin.py:188} INFO - [2026-01-08T19:53:07.711+0000] {dag.py:3823} INFO - Setting next_dagrun for postgres_to_parquet_export to 2026-01-04 00:00:00+00:00, run_after=2026-01-11 00:00:00+00:00
[2026-01-08T19:53:07.738+0000] {processor.py:183} INFO - Processing /opt/airflow/dags/dag3_postgres_to_parquet.py took 0.429 seconds
[2026-01-08T19:53:37.839+0000] {processor.py:161} INFO - Started process (PID=595) to work on /opt/airflow/dags/dag3_postgres_to_parquet.py
[2026-01-08T19:53:37.840+0000] {processor.py:830} INFO - Processing file /opt/airflow/dags/dag3_postgres_to_parquet.py for tasks to queue
[2026-01-08T19:53:37.842+0000] {logging_mixin.py:188} INFO - [2026-01-08T19:53:37.841+0000] {dagbag.py:538} INFO - Filling up the DagBag from /opt/airflow/dags/dag3_postgres_to_parquet.py
[2026-01-08T19:53:38.190+0000] {processor.py:840} INFO - DAG(s) 'postgres_to_parquet_export' retrieved from /opt/airflow/dags/dag3_postgres_to_parquet.py
[2026-01-08T19:53:38.222+0000] {logging_mixin.py:188} INFO - [2026-01-08T19:53:38.222+0000] {dag.py:3036} INFO - Sync 1 DAGs
[2026-01-08T19:53:38.248+0000] {logging_mixin.py:188} INFO - [2026-01-08T19:53:38.247+0000] {dag.py:3823} INFO - Setting next_dagrun for postgres_to_parquet_export to 2026-01-04 00:00:00+00:00, run_after=2026-01-11 00:00:00+00:00
[2026-01-08T19:53:38.330+0000] {processor.py:183} INFO - Processing /opt/airflow/dags/dag3_postgres_to_parquet.py took 0.495 seconds
[2026-01-08T19:54:08.472+0000] {processor.py:161} INFO - Started process (PID=623) to work on /opt/airflow/dags/dag3_postgres_to_parquet.py
[2026-01-08T19:54:08.474+0000] {processor.py:830} INFO - Processing file /opt/airflow/dags/dag3_postgres_to_parquet.py for tasks to queue
[2026-01-08T19:54:08.475+0000] {logging_mixin.py:188} INFO - [2026-01-08T19:54:08.475+0000] {dagbag.py:538} INFO - Filling up the DagBag from /opt/airflow/dags/dag3_postgres_to_parquet.py
[2026-01-08T19:54:08.898+0000] {processor.py:840} INFO - DAG(s) 'postgres_to_parquet_export' retrieved from /opt/airflow/dags/dag3_postgres_to_parquet.py
[2026-01-08T19:54:08.929+0000] {logging_mixin.py:188} INFO - [2026-01-08T19:54:08.928+0000] {dag.py:3036} INFO - Sync 1 DAGs
[2026-01-08T19:54:08.959+0000] {logging_mixin.py:188} INFO - [2026-01-08T19:54:08.959+0000] {dag.py:3823} INFO - Setting next_dagrun for postgres_to_parquet_export to 2026-01-04 00:00:00+00:00, run_after=2026-01-11 00:00:00+00:00
[2026-01-08T19:54:08.996+0000] {processor.py:183} INFO - Processing /opt/airflow/dags/dag3_postgres_to_parquet.py took 0.529 seconds
[2026-01-08T19:54:39.136+0000] {processor.py:161} INFO - Started process (PID=651) to work on /opt/airflow/dags/dag3_postgres_to_parquet.py
[2026-01-08T19:54:39.138+0000] {processor.py:830} INFO - Processing file /opt/airflow/dags/dag3_postgres_to_parquet.py for tasks to queue
[2026-01-08T19:54:39.139+0000] {logging_mixin.py:188} INFO - [2026-01-08T19:54:39.139+0000] {dagbag.py:538} INFO - Filling up the DagBag from /opt/airflow/dags/dag3_postgres_to_parquet.py
[2026-01-08T19:54:39.469+0000] {processor.py:840} INFO - DAG(s) 'postgres_to_parquet_export' retrieved from /opt/airflow/dags/dag3_postgres_to_parquet.py
[2026-01-08T19:54:39.501+0000] {logging_mixin.py:188} INFO - [2026-01-08T19:54:39.500+0000] {dag.py:3036} INFO - Sync 1 DAGs
[2026-01-08T19:54:39.529+0000] {logging_mixin.py:188} INFO - [2026-01-08T19:54:39.529+0000] {dag.py:3823} INFO - Setting next_dagrun for postgres_to_parquet_export to 2026-01-04 00:00:00+00:00, run_after=2026-01-11 00:00:00+00:00
[2026-01-08T19:54:39.553+0000] {processor.py:183} INFO - Processing /opt/airflow/dags/dag3_postgres_to_parquet.py took 0.423 seconds
[2026-01-08T19:55:09.778+0000] {processor.py:161} INFO - Started process (PID=679) to work on /opt/airflow/dags/dag3_postgres_to_parquet.py
[2026-01-08T19:55:09.779+0000] {processor.py:830} INFO - Processing file /opt/airflow/dags/dag3_postgres_to_parquet.py for tasks to queue
[2026-01-08T19:55:09.781+0000] {logging_mixin.py:188} INFO - [2026-01-08T19:55:09.780+0000] {dagbag.py:538} INFO - Filling up the DagBag from /opt/airflow/dags/dag3_postgres_to_parquet.py
[2026-01-08T19:55:10.114+0000] {processor.py:840} INFO - DAG(s) 'postgres_to_parquet_export' retrieved from /opt/airflow/dags/dag3_postgres_to_parquet.py
[2026-01-08T19:55:10.166+0000] {logging_mixin.py:188} INFO - [2026-01-08T19:55:10.164+0000] {dag.py:3036} INFO - Sync 1 DAGs
[2026-01-08T19:55:10.194+0000] {logging_mixin.py:188} INFO - [2026-01-08T19:55:10.194+0000] {dag.py:3823} INFO - Setting next_dagrun for postgres_to_parquet_export to 2026-01-04 00:00:00+00:00, run_after=2026-01-11 00:00:00+00:00
[2026-01-08T19:55:10.223+0000] {processor.py:183} INFO - Processing /opt/airflow/dags/dag3_postgres_to_parquet.py took 0.450 seconds
[2026-01-08T19:55:40.372+0000] {processor.py:161} INFO - Started process (PID=707) to work on /opt/airflow/dags/dag3_postgres_to_parquet.py
[2026-01-08T19:55:40.374+0000] {processor.py:830} INFO - Processing file /opt/airflow/dags/dag3_postgres_to_parquet.py for tasks to queue
[2026-01-08T19:55:40.388+0000] {logging_mixin.py:188} INFO - [2026-01-08T19:55:40.387+0000] {dagbag.py:538} INFO - Filling up the DagBag from /opt/airflow/dags/dag3_postgres_to_parquet.py
[2026-01-08T19:55:40.824+0000] {processor.py:840} INFO - DAG(s) 'postgres_to_parquet_export' retrieved from /opt/airflow/dags/dag3_postgres_to_parquet.py
[2026-01-08T19:55:40.867+0000] {logging_mixin.py:188} INFO - [2026-01-08T19:55:40.866+0000] {dag.py:3036} INFO - Sync 1 DAGs
[2026-01-08T19:55:40.911+0000] {logging_mixin.py:188} INFO - [2026-01-08T19:55:40.910+0000] {dag.py:3823} INFO - Setting next_dagrun for postgres_to_parquet_export to 2026-01-04 00:00:00+00:00, run_after=2026-01-11 00:00:00+00:00
[2026-01-08T19:55:40.945+0000] {processor.py:183} INFO - Processing /opt/airflow/dags/dag3_postgres_to_parquet.py took 0.580 seconds
[2026-01-08T19:56:11.100+0000] {processor.py:161} INFO - Started process (PID=735) to work on /opt/airflow/dags/dag3_postgres_to_parquet.py
[2026-01-08T19:56:11.102+0000] {processor.py:830} INFO - Processing file /opt/airflow/dags/dag3_postgres_to_parquet.py for tasks to queue
[2026-01-08T19:56:11.103+0000] {logging_mixin.py:188} INFO - [2026-01-08T19:56:11.103+0000] {dagbag.py:538} INFO - Filling up the DagBag from /opt/airflow/dags/dag3_postgres_to_parquet.py
[2026-01-08T19:56:11.420+0000] {processor.py:840} INFO - DAG(s) 'postgres_to_parquet_export' retrieved from /opt/airflow/dags/dag3_postgres_to_parquet.py
[2026-01-08T19:56:11.447+0000] {logging_mixin.py:188} INFO - [2026-01-08T19:56:11.447+0000] {dag.py:3036} INFO - Sync 1 DAGs
[2026-01-08T19:56:11.473+0000] {logging_mixin.py:188} INFO - [2026-01-08T19:56:11.473+0000] {dag.py:3823} INFO - Setting next_dagrun for postgres_to_parquet_export to 2026-01-04 00:00:00+00:00, run_after=2026-01-11 00:00:00+00:00
[2026-01-08T19:56:11.553+0000] {processor.py:183} INFO - Processing /opt/airflow/dags/dag3_postgres_to_parquet.py took 0.458 seconds
[2026-01-08T19:56:42.254+0000] {processor.py:161} INFO - Started process (PID=763) to work on /opt/airflow/dags/dag3_postgres_to_parquet.py
[2026-01-08T19:56:42.255+0000] {processor.py:830} INFO - Processing file /opt/airflow/dags/dag3_postgres_to_parquet.py for tasks to queue
[2026-01-08T19:56:42.257+0000] {logging_mixin.py:188} INFO - [2026-01-08T19:56:42.257+0000] {dagbag.py:538} INFO - Filling up the DagBag from /opt/airflow/dags/dag3_postgres_to_parquet.py
[2026-01-08T19:56:42.655+0000] {processor.py:840} INFO - DAG(s) 'postgres_to_parquet_export' retrieved from /opt/airflow/dags/dag3_postgres_to_parquet.py
[2026-01-08T19:56:42.712+0000] {logging_mixin.py:188} INFO - [2026-01-08T19:56:42.712+0000] {dag.py:3036} INFO - Sync 1 DAGs
[2026-01-08T19:56:42.746+0000] {logging_mixin.py:188} INFO - [2026-01-08T19:56:42.745+0000] {dag.py:3823} INFO - Setting next_dagrun for postgres_to_parquet_export to 2026-01-04 00:00:00+00:00, run_after=2026-01-11 00:00:00+00:00
[2026-01-08T19:56:42.769+0000] {processor.py:183} INFO - Processing /opt/airflow/dags/dag3_postgres_to_parquet.py took 0.520 seconds
[2026-01-08T19:57:13.094+0000] {processor.py:161} INFO - Started process (PID=791) to work on /opt/airflow/dags/dag3_postgres_to_parquet.py
[2026-01-08T19:57:13.096+0000] {processor.py:830} INFO - Processing file /opt/airflow/dags/dag3_postgres_to_parquet.py for tasks to queue
[2026-01-08T19:57:13.098+0000] {logging_mixin.py:188} INFO - [2026-01-08T19:57:13.097+0000] {dagbag.py:538} INFO - Filling up the DagBag from /opt/airflow/dags/dag3_postgres_to_parquet.py
[2026-01-08T19:57:13.486+0000] {processor.py:840} INFO - DAG(s) 'postgres_to_parquet_export' retrieved from /opt/airflow/dags/dag3_postgres_to_parquet.py
[2026-01-08T19:57:13.520+0000] {logging_mixin.py:188} INFO - [2026-01-08T19:57:13.520+0000] {dag.py:3036} INFO - Sync 1 DAGs
[2026-01-08T19:57:13.548+0000] {logging_mixin.py:188} INFO - [2026-01-08T19:57:13.548+0000] {dag.py:3823} INFO - Setting next_dagrun for postgres_to_parquet_export to 2026-01-04 00:00:00+00:00, run_after=2026-01-11 00:00:00+00:00
[2026-01-08T19:57:13.630+0000] {processor.py:183} INFO - Processing /opt/airflow/dags/dag3_postgres_to_parquet.py took 0.542 seconds
[2026-01-08T19:57:44.537+0000] {processor.py:161} INFO - Started process (PID=819) to work on /opt/airflow/dags/dag3_postgres_to_parquet.py
[2026-01-08T19:57:44.538+0000] {processor.py:830} INFO - Processing file /opt/airflow/dags/dag3_postgres_to_parquet.py for tasks to queue
[2026-01-08T19:57:44.540+0000] {logging_mixin.py:188} INFO - [2026-01-08T19:57:44.540+0000] {dagbag.py:538} INFO - Filling up the DagBag from /opt/airflow/dags/dag3_postgres_to_parquet.py
[2026-01-08T19:57:44.901+0000] {processor.py:840} INFO - DAG(s) 'postgres_to_parquet_export' retrieved from /opt/airflow/dags/dag3_postgres_to_parquet.py
[2026-01-08T19:57:44.954+0000] {logging_mixin.py:188} INFO - [2026-01-08T19:57:44.953+0000] {dag.py:3036} INFO - Sync 1 DAGs
[2026-01-08T19:57:44.986+0000] {logging_mixin.py:188} INFO - [2026-01-08T19:57:44.986+0000] {dag.py:3823} INFO - Setting next_dagrun for postgres_to_parquet_export to 2026-01-04 00:00:00+00:00, run_after=2026-01-11 00:00:00+00:00
[2026-01-08T19:57:45.024+0000] {processor.py:183} INFO - Processing /opt/airflow/dags/dag3_postgres_to_parquet.py took 0.494 seconds
[2026-01-08T19:58:15.128+0000] {processor.py:161} INFO - Started process (PID=847) to work on /opt/airflow/dags/dag3_postgres_to_parquet.py
[2026-01-08T19:58:15.130+0000] {processor.py:830} INFO - Processing file /opt/airflow/dags/dag3_postgres_to_parquet.py for tasks to queue
[2026-01-08T19:58:15.132+0000] {logging_mixin.py:188} INFO - [2026-01-08T19:58:15.132+0000] {dagbag.py:538} INFO - Filling up the DagBag from /opt/airflow/dags/dag3_postgres_to_parquet.py
[2026-01-08T19:58:15.644+0000] {processor.py:840} INFO - DAG(s) 'postgres_to_parquet_export' retrieved from /opt/airflow/dags/dag3_postgres_to_parquet.py
[2026-01-08T19:58:15.700+0000] {logging_mixin.py:188} INFO - [2026-01-08T19:58:15.700+0000] {dag.py:3036} INFO - Sync 1 DAGs
[2026-01-08T19:58:15.746+0000] {logging_mixin.py:188} INFO - [2026-01-08T19:58:15.744+0000] {dag.py:3823} INFO - Setting next_dagrun for postgres_to_parquet_export to 2026-01-04 00:00:00+00:00, run_after=2026-01-11 00:00:00+00:00
[2026-01-08T19:58:15.786+0000] {processor.py:183} INFO - Processing /opt/airflow/dags/dag3_postgres_to_parquet.py took 0.665 seconds
[2026-01-08T19:58:46.490+0000] {processor.py:161} INFO - Started process (PID=875) to work on /opt/airflow/dags/dag3_postgres_to_parquet.py
[2026-01-08T19:58:46.492+0000] {processor.py:830} INFO - Processing file /opt/airflow/dags/dag3_postgres_to_parquet.py for tasks to queue
[2026-01-08T19:58:46.494+0000] {logging_mixin.py:188} INFO - [2026-01-08T19:58:46.494+0000] {dagbag.py:538} INFO - Filling up the DagBag from /opt/airflow/dags/dag3_postgres_to_parquet.py
[2026-01-08T19:58:46.957+0000] {processor.py:840} INFO - DAG(s) 'postgres_to_parquet_export' retrieved from /opt/airflow/dags/dag3_postgres_to_parquet.py
[2026-01-08T19:58:46.993+0000] {logging_mixin.py:188} INFO - [2026-01-08T19:58:46.992+0000] {dag.py:3036} INFO - Sync 1 DAGs
[2026-01-08T19:58:47.024+0000] {logging_mixin.py:188} INFO - [2026-01-08T19:58:47.023+0000] {dag.py:3823} INFO - Setting next_dagrun for postgres_to_parquet_export to 2026-01-04 00:00:00+00:00, run_after=2026-01-11 00:00:00+00:00
[2026-01-08T19:58:47.053+0000] {processor.py:183} INFO - Processing /opt/airflow/dags/dag3_postgres_to_parquet.py took 0.569 seconds
[2026-01-08T19:59:17.307+0000] {processor.py:161} INFO - Started process (PID=903) to work on /opt/airflow/dags/dag3_postgres_to_parquet.py
[2026-01-08T19:59:17.309+0000] {processor.py:830} INFO - Processing file /opt/airflow/dags/dag3_postgres_to_parquet.py for tasks to queue
[2026-01-08T19:59:17.311+0000] {logging_mixin.py:188} INFO - [2026-01-08T19:59:17.311+0000] {dagbag.py:538} INFO - Filling up the DagBag from /opt/airflow/dags/dag3_postgres_to_parquet.py
[2026-01-08T19:59:17.708+0000] {processor.py:840} INFO - DAG(s) 'postgres_to_parquet_export' retrieved from /opt/airflow/dags/dag3_postgres_to_parquet.py
[2026-01-08T19:59:17.739+0000] {logging_mixin.py:188} INFO - [2026-01-08T19:59:17.739+0000] {dag.py:3036} INFO - Sync 1 DAGs
[2026-01-08T19:59:17.767+0000] {logging_mixin.py:188} INFO - [2026-01-08T19:59:17.766+0000] {dag.py:3823} INFO - Setting next_dagrun for postgres_to_parquet_export to 2026-01-04 00:00:00+00:00, run_after=2026-01-11 00:00:00+00:00
[2026-01-08T19:59:17.791+0000] {processor.py:183} INFO - Processing /opt/airflow/dags/dag3_postgres_to_parquet.py took 0.494 seconds
[2026-01-08T19:59:48.552+0000] {processor.py:161} INFO - Started process (PID=931) to work on /opt/airflow/dags/dag3_postgres_to_parquet.py
[2026-01-08T19:59:48.553+0000] {processor.py:830} INFO - Processing file /opt/airflow/dags/dag3_postgres_to_parquet.py for tasks to queue
[2026-01-08T19:59:48.554+0000] {logging_mixin.py:188} INFO - [2026-01-08T19:59:48.554+0000] {dagbag.py:538} INFO - Filling up the DagBag from /opt/airflow/dags/dag3_postgres_to_parquet.py
[2026-01-08T19:59:48.971+0000] {processor.py:840} INFO - DAG(s) 'postgres_to_parquet_export' retrieved from /opt/airflow/dags/dag3_postgres_to_parquet.py
[2026-01-08T19:59:49.017+0000] {logging_mixin.py:188} INFO - [2026-01-08T19:59:49.015+0000] {dag.py:3036} INFO - Sync 1 DAGs
[2026-01-08T19:59:49.062+0000] {logging_mixin.py:188} INFO - [2026-01-08T19:59:49.061+0000] {dag.py:3823} INFO - Setting next_dagrun for postgres_to_parquet_export to 2026-01-04 00:00:00+00:00, run_after=2026-01-11 00:00:00+00:00
[2026-01-08T19:59:49.146+0000] {processor.py:183} INFO - Processing /opt/airflow/dags/dag3_postgres_to_parquet.py took 0.600 seconds
[2026-01-08T20:00:19.298+0000] {processor.py:161} INFO - Started process (PID=959) to work on /opt/airflow/dags/dag3_postgres_to_parquet.py
[2026-01-08T20:00:19.299+0000] {processor.py:830} INFO - Processing file /opt/airflow/dags/dag3_postgres_to_parquet.py for tasks to queue
[2026-01-08T20:00:19.300+0000] {logging_mixin.py:188} INFO - [2026-01-08T20:00:19.300+0000] {dagbag.py:538} INFO - Filling up the DagBag from /opt/airflow/dags/dag3_postgres_to_parquet.py
[2026-01-08T20:00:19.782+0000] {processor.py:840} INFO - DAG(s) 'postgres_to_parquet_export' retrieved from /opt/airflow/dags/dag3_postgres_to_parquet.py
[2026-01-08T20:00:19.818+0000] {logging_mixin.py:188} INFO - [2026-01-08T20:00:19.817+0000] {dag.py:3036} INFO - Sync 1 DAGs
[2026-01-08T20:00:19.847+0000] {logging_mixin.py:188} INFO - [2026-01-08T20:00:19.846+0000] {dag.py:3823} INFO - Setting next_dagrun for postgres_to_parquet_export to 2026-01-04 00:00:00+00:00, run_after=2026-01-11 00:00:00+00:00
[2026-01-08T20:00:19.874+0000] {processor.py:183} INFO - Processing /opt/airflow/dags/dag3_postgres_to_parquet.py took 0.581 seconds
[2026-01-08T20:00:50.539+0000] {processor.py:161} INFO - Started process (PID=987) to work on /opt/airflow/dags/dag3_postgres_to_parquet.py
[2026-01-08T20:00:50.541+0000] {processor.py:830} INFO - Processing file /opt/airflow/dags/dag3_postgres_to_parquet.py for tasks to queue
[2026-01-08T20:00:50.543+0000] {logging_mixin.py:188} INFO - [2026-01-08T20:00:50.543+0000] {dagbag.py:538} INFO - Filling up the DagBag from /opt/airflow/dags/dag3_postgres_to_parquet.py
[2026-01-08T20:00:50.977+0000] {processor.py:840} INFO - DAG(s) 'postgres_to_parquet_export' retrieved from /opt/airflow/dags/dag3_postgres_to_parquet.py
[2026-01-08T20:00:51.009+0000] {logging_mixin.py:188} INFO - [2026-01-08T20:00:51.009+0000] {dag.py:3036} INFO - Sync 1 DAGs
[2026-01-08T20:00:51.044+0000] {logging_mixin.py:188} INFO - [2026-01-08T20:00:51.043+0000] {dag.py:3823} INFO - Setting next_dagrun for postgres_to_parquet_export to 2026-01-04 00:00:00+00:00, run_after=2026-01-11 00:00:00+00:00
[2026-01-08T20:00:51.073+0000] {processor.py:183} INFO - Processing /opt/airflow/dags/dag3_postgres_to_parquet.py took 0.539 seconds
[2026-01-08T20:01:21.291+0000] {processor.py:161} INFO - Started process (PID=1015) to work on /opt/airflow/dags/dag3_postgres_to_parquet.py
[2026-01-08T20:01:21.292+0000] {processor.py:830} INFO - Processing file /opt/airflow/dags/dag3_postgres_to_parquet.py for tasks to queue
[2026-01-08T20:01:21.293+0000] {logging_mixin.py:188} INFO - [2026-01-08T20:01:21.293+0000] {dagbag.py:538} INFO - Filling up the DagBag from /opt/airflow/dags/dag3_postgres_to_parquet.py
[2026-01-08T20:01:21.646+0000] {processor.py:840} INFO - DAG(s) 'postgres_to_parquet_export' retrieved from /opt/airflow/dags/dag3_postgres_to_parquet.py
[2026-01-08T20:01:21.689+0000] {logging_mixin.py:188} INFO - [2026-01-08T20:01:21.688+0000] {dag.py:3036} INFO - Sync 1 DAGs
[2026-01-08T20:01:21.728+0000] {logging_mixin.py:188} INFO - [2026-01-08T20:01:21.728+0000] {dag.py:3823} INFO - Setting next_dagrun for postgres_to_parquet_export to 2026-01-04 00:00:00+00:00, run_after=2026-01-11 00:00:00+00:00
[2026-01-08T20:01:21.764+0000] {processor.py:183} INFO - Processing /opt/airflow/dags/dag3_postgres_to_parquet.py took 0.477 seconds
[2026-01-08T20:01:51.900+0000] {processor.py:161} INFO - Started process (PID=1043) to work on /opt/airflow/dags/dag3_postgres_to_parquet.py
[2026-01-08T20:01:51.901+0000] {processor.py:830} INFO - Processing file /opt/airflow/dags/dag3_postgres_to_parquet.py for tasks to queue
[2026-01-08T20:01:51.903+0000] {logging_mixin.py:188} INFO - [2026-01-08T20:01:51.903+0000] {dagbag.py:538} INFO - Filling up the DagBag from /opt/airflow/dags/dag3_postgres_to_parquet.py
[2026-01-08T20:01:52.254+0000] {processor.py:840} INFO - DAG(s) 'postgres_to_parquet_export' retrieved from /opt/airflow/dags/dag3_postgres_to_parquet.py
[2026-01-08T20:01:52.287+0000] {logging_mixin.py:188} INFO - [2026-01-08T20:01:52.285+0000] {dag.py:3036} INFO - Sync 1 DAGs
[2026-01-08T20:01:52.318+0000] {logging_mixin.py:188} INFO - [2026-01-08T20:01:52.318+0000] {dag.py:3823} INFO - Setting next_dagrun for postgres_to_parquet_export to 2026-01-04 00:00:00+00:00, run_after=2026-01-11 00:00:00+00:00
[2026-01-08T20:01:52.342+0000] {processor.py:183} INFO - Processing /opt/airflow/dags/dag3_postgres_to_parquet.py took 0.448 seconds
[2026-01-08T20:02:22.929+0000] {processor.py:161} INFO - Started process (PID=1071) to work on /opt/airflow/dags/dag3_postgres_to_parquet.py
[2026-01-08T20:02:22.931+0000] {processor.py:830} INFO - Processing file /opt/airflow/dags/dag3_postgres_to_parquet.py for tasks to queue
[2026-01-08T20:02:22.932+0000] {logging_mixin.py:188} INFO - [2026-01-08T20:02:22.932+0000] {dagbag.py:538} INFO - Filling up the DagBag from /opt/airflow/dags/dag3_postgres_to_parquet.py
[2026-01-08T20:02:23.262+0000] {processor.py:840} INFO - DAG(s) 'postgres_to_parquet_export' retrieved from /opt/airflow/dags/dag3_postgres_to_parquet.py
[2026-01-08T20:02:23.296+0000] {logging_mixin.py:188} INFO - [2026-01-08T20:02:23.295+0000] {dag.py:3036} INFO - Sync 1 DAGs
[2026-01-08T20:02:23.324+0000] {logging_mixin.py:188} INFO - [2026-01-08T20:02:23.323+0000] {dag.py:3823} INFO - Setting next_dagrun for postgres_to_parquet_export to 2026-01-04 00:00:00+00:00, run_after=2026-01-11 00:00:00+00:00
[2026-01-08T20:02:23.412+0000] {processor.py:183} INFO - Processing /opt/airflow/dags/dag3_postgres_to_parquet.py took 0.489 seconds
[2026-01-08T20:02:53.622+0000] {processor.py:161} INFO - Started process (PID=1099) to work on /opt/airflow/dags/dag3_postgres_to_parquet.py
[2026-01-08T20:02:53.624+0000] {processor.py:830} INFO - Processing file /opt/airflow/dags/dag3_postgres_to_parquet.py for tasks to queue
[2026-01-08T20:02:53.625+0000] {logging_mixin.py:188} INFO - [2026-01-08T20:02:53.625+0000] {dagbag.py:538} INFO - Filling up the DagBag from /opt/airflow/dags/dag3_postgres_to_parquet.py
[2026-01-08T20:02:54.000+0000] {processor.py:840} INFO - DAG(s) 'postgres_to_parquet_export' retrieved from /opt/airflow/dags/dag3_postgres_to_parquet.py
[2026-01-08T20:02:54.033+0000] {logging_mixin.py:188} INFO - [2026-01-08T20:02:54.033+0000] {dag.py:3036} INFO - Sync 1 DAGs
[2026-01-08T20:02:54.059+0000] {logging_mixin.py:188} INFO - [2026-01-08T20:02:54.059+0000] {dag.py:3823} INFO - Setting next_dagrun for postgres_to_parquet_export to 2026-01-04 00:00:00+00:00, run_after=2026-01-11 00:00:00+00:00
[2026-01-08T20:02:54.084+0000] {processor.py:183} INFO - Processing /opt/airflow/dags/dag3_postgres_to_parquet.py took 0.466 seconds
[2026-01-08T20:03:24.344+0000] {processor.py:161} INFO - Started process (PID=1127) to work on /opt/airflow/dags/dag3_postgres_to_parquet.py
[2026-01-08T20:03:24.346+0000] {processor.py:830} INFO - Processing file /opt/airflow/dags/dag3_postgres_to_parquet.py for tasks to queue
[2026-01-08T20:03:24.348+0000] {logging_mixin.py:188} INFO - [2026-01-08T20:03:24.347+0000] {dagbag.py:538} INFO - Filling up the DagBag from /opt/airflow/dags/dag3_postgres_to_parquet.py
[2026-01-08T20:03:24.733+0000] {processor.py:840} INFO - DAG(s) 'postgres_to_parquet_export' retrieved from /opt/airflow/dags/dag3_postgres_to_parquet.py
[2026-01-08T20:03:24.780+0000] {logging_mixin.py:188} INFO - [2026-01-08T20:03:24.779+0000] {dag.py:3036} INFO - Sync 1 DAGs
[2026-01-08T20:03:24.812+0000] {logging_mixin.py:188} INFO - [2026-01-08T20:03:24.812+0000] {dag.py:3823} INFO - Setting next_dagrun for postgres_to_parquet_export to 2026-01-04 00:00:00+00:00, run_after=2026-01-11 00:00:00+00:00
[2026-01-08T20:03:24.897+0000] {processor.py:183} INFO - Processing /opt/airflow/dags/dag3_postgres_to_parquet.py took 0.558 seconds
[2026-01-08T20:03:55.056+0000] {processor.py:161} INFO - Started process (PID=1155) to work on /opt/airflow/dags/dag3_postgres_to_parquet.py
[2026-01-08T20:03:55.058+0000] {processor.py:830} INFO - Processing file /opt/airflow/dags/dag3_postgres_to_parquet.py for tasks to queue
[2026-01-08T20:03:55.060+0000] {logging_mixin.py:188} INFO - [2026-01-08T20:03:55.060+0000] {dagbag.py:538} INFO - Filling up the DagBag from /opt/airflow/dags/dag3_postgres_to_parquet.py
[2026-01-08T20:03:55.503+0000] {processor.py:840} INFO - DAG(s) 'postgres_to_parquet_export' retrieved from /opt/airflow/dags/dag3_postgres_to_parquet.py
[2026-01-08T20:03:55.557+0000] {logging_mixin.py:188} INFO - [2026-01-08T20:03:55.555+0000] {dag.py:3036} INFO - Sync 1 DAGs
[2026-01-08T20:03:55.599+0000] {logging_mixin.py:188} INFO - [2026-01-08T20:03:55.599+0000] {dag.py:3823} INFO - Setting next_dagrun for postgres_to_parquet_export to 2026-01-04 00:00:00+00:00, run_after=2026-01-11 00:00:00+00:00
[2026-01-08T20:03:55.624+0000] {processor.py:183} INFO - Processing /opt/airflow/dags/dag3_postgres_to_parquet.py took 0.575 seconds
[2026-01-08T20:04:25.833+0000] {processor.py:161} INFO - Started process (PID=1183) to work on /opt/airflow/dags/dag3_postgres_to_parquet.py
[2026-01-08T20:04:25.835+0000] {processor.py:830} INFO - Processing file /opt/airflow/dags/dag3_postgres_to_parquet.py for tasks to queue
[2026-01-08T20:04:25.840+0000] {logging_mixin.py:188} INFO - [2026-01-08T20:04:25.839+0000] {dagbag.py:538} INFO - Filling up the DagBag from /opt/airflow/dags/dag3_postgres_to_parquet.py
[2026-01-08T20:04:26.416+0000] {processor.py:840} INFO - DAG(s) 'postgres_to_parquet_export' retrieved from /opt/airflow/dags/dag3_postgres_to_parquet.py
[2026-01-08T20:04:26.457+0000] {logging_mixin.py:188} INFO - [2026-01-08T20:04:26.456+0000] {dag.py:3036} INFO - Sync 1 DAGs
[2026-01-08T20:04:26.486+0000] {logging_mixin.py:188} INFO - [2026-01-08T20:04:26.485+0000] {dag.py:3823} INFO - Setting next_dagrun for postgres_to_parquet_export to 2026-01-04 00:00:00+00:00, run_after=2026-01-11 00:00:00+00:00
[2026-01-08T20:04:26.507+0000] {processor.py:183} INFO - Processing /opt/airflow/dags/dag3_postgres_to_parquet.py took 0.680 seconds
[2026-01-08T20:04:56.623+0000] {processor.py:161} INFO - Started process (PID=1211) to work on /opt/airflow/dags/dag3_postgres_to_parquet.py
[2026-01-08T20:04:56.625+0000] {processor.py:830} INFO - Processing file /opt/airflow/dags/dag3_postgres_to_parquet.py for tasks to queue
[2026-01-08T20:04:56.626+0000] {logging_mixin.py:188} INFO - [2026-01-08T20:04:56.626+0000] {dagbag.py:538} INFO - Filling up the DagBag from /opt/airflow/dags/dag3_postgres_to_parquet.py
[2026-01-08T20:04:56.942+0000] {processor.py:840} INFO - DAG(s) 'postgres_to_parquet_export' retrieved from /opt/airflow/dags/dag3_postgres_to_parquet.py
[2026-01-08T20:04:56.974+0000] {logging_mixin.py:188} INFO - [2026-01-08T20:04:56.973+0000] {dag.py:3036} INFO - Sync 1 DAGs
[2026-01-08T20:04:57.000+0000] {logging_mixin.py:188} INFO - [2026-01-08T20:04:56.999+0000] {dag.py:3823} INFO - Setting next_dagrun for postgres_to_parquet_export to 2026-01-04 00:00:00+00:00, run_after=2026-01-11 00:00:00+00:00
[2026-01-08T20:04:57.024+0000] {processor.py:183} INFO - Processing /opt/airflow/dags/dag3_postgres_to_parquet.py took 0.406 seconds
[2026-01-08T20:05:27.838+0000] {processor.py:161} INFO - Started process (PID=1239) to work on /opt/airflow/dags/dag3_postgres_to_parquet.py
[2026-01-08T20:05:27.841+0000] {processor.py:830} INFO - Processing file /opt/airflow/dags/dag3_postgres_to_parquet.py for tasks to queue
[2026-01-08T20:05:27.843+0000] {logging_mixin.py:188} INFO - [2026-01-08T20:05:27.843+0000] {dagbag.py:538} INFO - Filling up the DagBag from /opt/airflow/dags/dag3_postgres_to_parquet.py
[2026-01-08T20:05:28.220+0000] {processor.py:840} INFO - DAG(s) 'postgres_to_parquet_export' retrieved from /opt/airflow/dags/dag3_postgres_to_parquet.py
[2026-01-08T20:05:28.269+0000] {logging_mixin.py:188} INFO - [2026-01-08T20:05:28.268+0000] {dag.py:3036} INFO - Sync 1 DAGs
[2026-01-08T20:05:28.296+0000] {logging_mixin.py:188} INFO - [2026-01-08T20:05:28.296+0000] {dag.py:3823} INFO - Setting next_dagrun for postgres_to_parquet_export to 2026-01-04 00:00:00+00:00, run_after=2026-01-11 00:00:00+00:00
[2026-01-08T20:05:28.320+0000] {processor.py:183} INFO - Processing /opt/airflow/dags/dag3_postgres_to_parquet.py took 0.488 seconds
[2026-01-08T20:07:17.769+0000] {processor.py:161} INFO - Started process (PID=196) to work on /opt/airflow/dags/dag3_postgres_to_parquet.py
[2026-01-08T20:07:17.771+0000] {processor.py:830} INFO - Processing file /opt/airflow/dags/dag3_postgres_to_parquet.py for tasks to queue
[2026-01-08T20:07:17.773+0000] {logging_mixin.py:188} INFO - [2026-01-08T20:07:17.773+0000] {dagbag.py:538} INFO - Filling up the DagBag from /opt/airflow/dags/dag3_postgres_to_parquet.py
[2026-01-08T20:07:19.690+0000] {processor.py:840} INFO - DAG(s) 'postgres_to_parquet_export' retrieved from /opt/airflow/dags/dag3_postgres_to_parquet.py
[2026-01-08T20:07:19.852+0000] {logging_mixin.py:188} INFO - [2026-01-08T20:07:19.852+0000] {dag.py:3036} INFO - Sync 1 DAGs
[2026-01-08T20:07:19.882+0000] {logging_mixin.py:188} INFO - [2026-01-08T20:07:19.882+0000] {dag.py:3823} INFO - Setting next_dagrun for postgres_to_parquet_export to 2026-01-04 00:00:00+00:00, run_after=2026-01-11 00:00:00+00:00
[2026-01-08T20:07:19.909+0000] {processor.py:183} INFO - Processing /opt/airflow/dags/dag3_postgres_to_parquet.py took 2.146 seconds
[2026-01-08T20:07:50.423+0000] {processor.py:161} INFO - Started process (PID=224) to work on /opt/airflow/dags/dag3_postgres_to_parquet.py
[2026-01-08T20:07:50.424+0000] {processor.py:830} INFO - Processing file /opt/airflow/dags/dag3_postgres_to_parquet.py for tasks to queue
[2026-01-08T20:07:50.426+0000] {logging_mixin.py:188} INFO - [2026-01-08T20:07:50.425+0000] {dagbag.py:538} INFO - Filling up the DagBag from /opt/airflow/dags/dag3_postgres_to_parquet.py
[2026-01-08T20:07:51.010+0000] {processor.py:840} INFO - DAG(s) 'postgres_to_parquet_export' retrieved from /opt/airflow/dags/dag3_postgres_to_parquet.py
[2026-01-08T20:07:51.037+0000] {logging_mixin.py:188} INFO - [2026-01-08T20:07:51.036+0000] {dag.py:3036} INFO - Sync 1 DAGs
[2026-01-08T20:07:51.063+0000] {logging_mixin.py:188} INFO - [2026-01-08T20:07:51.063+0000] {dag.py:3823} INFO - Setting next_dagrun for postgres_to_parquet_export to 2026-01-04 00:00:00+00:00, run_after=2026-01-11 00:00:00+00:00
[2026-01-08T20:07:51.084+0000] {processor.py:183} INFO - Processing /opt/airflow/dags/dag3_postgres_to_parquet.py took 0.666 seconds
[2026-01-08T20:08:21.265+0000] {processor.py:161} INFO - Started process (PID=252) to work on /opt/airflow/dags/dag3_postgres_to_parquet.py
[2026-01-08T20:08:21.267+0000] {processor.py:830} INFO - Processing file /opt/airflow/dags/dag3_postgres_to_parquet.py for tasks to queue
[2026-01-08T20:08:21.268+0000] {logging_mixin.py:188} INFO - [2026-01-08T20:08:21.268+0000] {dagbag.py:538} INFO - Filling up the DagBag from /opt/airflow/dags/dag3_postgres_to_parquet.py
[2026-01-08T20:08:21.797+0000] {processor.py:840} INFO - DAG(s) 'postgres_to_parquet_export' retrieved from /opt/airflow/dags/dag3_postgres_to_parquet.py
[2026-01-08T20:08:21.826+0000] {logging_mixin.py:188} INFO - [2026-01-08T20:08:21.825+0000] {dag.py:3036} INFO - Sync 1 DAGs
[2026-01-08T20:08:21.849+0000] {logging_mixin.py:188} INFO - [2026-01-08T20:08:21.849+0000] {dag.py:3823} INFO - Setting next_dagrun for postgres_to_parquet_export to 2026-01-04 00:00:00+00:00, run_after=2026-01-11 00:00:00+00:00
[2026-01-08T20:08:21.927+0000] {processor.py:183} INFO - Processing /opt/airflow/dags/dag3_postgres_to_parquet.py took 0.668 seconds
[2026-01-08T20:08:52.217+0000] {processor.py:161} INFO - Started process (PID=280) to work on /opt/airflow/dags/dag3_postgres_to_parquet.py
[2026-01-08T20:08:52.219+0000] {processor.py:830} INFO - Processing file /opt/airflow/dags/dag3_postgres_to_parquet.py for tasks to queue
[2026-01-08T20:08:52.220+0000] {logging_mixin.py:188} INFO - [2026-01-08T20:08:52.220+0000] {dagbag.py:538} INFO - Filling up the DagBag from /opt/airflow/dags/dag3_postgres_to_parquet.py
[2026-01-08T20:08:52.742+0000] {processor.py:840} INFO - DAG(s) 'postgres_to_parquet_export' retrieved from /opt/airflow/dags/dag3_postgres_to_parquet.py
[2026-01-08T20:08:52.768+0000] {logging_mixin.py:188} INFO - [2026-01-08T20:08:52.767+0000] {dag.py:3036} INFO - Sync 1 DAGs
[2026-01-08T20:08:52.791+0000] {logging_mixin.py:188} INFO - [2026-01-08T20:08:52.791+0000] {dag.py:3823} INFO - Setting next_dagrun for postgres_to_parquet_export to 2026-01-04 00:00:00+00:00, run_after=2026-01-11 00:00:00+00:00
[2026-01-08T20:08:52.815+0000] {processor.py:183} INFO - Processing /opt/airflow/dags/dag3_postgres_to_parquet.py took 0.603 seconds
[2026-01-08T20:09:23.676+0000] {processor.py:161} INFO - Started process (PID=308) to work on /opt/airflow/dags/dag3_postgres_to_parquet.py
[2026-01-08T20:09:23.678+0000] {processor.py:830} INFO - Processing file /opt/airflow/dags/dag3_postgres_to_parquet.py for tasks to queue
[2026-01-08T20:09:23.680+0000] {logging_mixin.py:188} INFO - [2026-01-08T20:09:23.679+0000] {dagbag.py:538} INFO - Filling up the DagBag from /opt/airflow/dags/dag3_postgres_to_parquet.py
[2026-01-08T20:09:24.218+0000] {processor.py:840} INFO - DAG(s) 'postgres_to_parquet_export' retrieved from /opt/airflow/dags/dag3_postgres_to_parquet.py
[2026-01-08T20:09:24.245+0000] {logging_mixin.py:188} INFO - [2026-01-08T20:09:24.245+0000] {dag.py:3036} INFO - Sync 1 DAGs
[2026-01-08T20:09:24.268+0000] {logging_mixin.py:188} INFO - [2026-01-08T20:09:24.268+0000] {dag.py:3823} INFO - Setting next_dagrun for postgres_to_parquet_export to 2026-01-04 00:00:00+00:00, run_after=2026-01-11 00:00:00+00:00
[2026-01-08T20:09:24.292+0000] {processor.py:183} INFO - Processing /opt/airflow/dags/dag3_postgres_to_parquet.py took 0.620 seconds
[2026-01-08T20:09:55.202+0000] {processor.py:161} INFO - Started process (PID=336) to work on /opt/airflow/dags/dag3_postgres_to_parquet.py
[2026-01-08T20:09:55.203+0000] {processor.py:830} INFO - Processing file /opt/airflow/dags/dag3_postgres_to_parquet.py for tasks to queue
[2026-01-08T20:09:55.205+0000] {logging_mixin.py:188} INFO - [2026-01-08T20:09:55.204+0000] {dagbag.py:538} INFO - Filling up the DagBag from /opt/airflow/dags/dag3_postgres_to_parquet.py
[2026-01-08T20:09:55.731+0000] {processor.py:840} INFO - DAG(s) 'postgres_to_parquet_export' retrieved from /opt/airflow/dags/dag3_postgres_to_parquet.py
[2026-01-08T20:09:55.757+0000] {logging_mixin.py:188} INFO - [2026-01-08T20:09:55.756+0000] {dag.py:3036} INFO - Sync 1 DAGs
[2026-01-08T20:09:55.780+0000] {logging_mixin.py:188} INFO - [2026-01-08T20:09:55.780+0000] {dag.py:3823} INFO - Setting next_dagrun for postgres_to_parquet_export to 2026-01-04 00:00:00+00:00, run_after=2026-01-11 00:00:00+00:00
[2026-01-08T20:09:55.856+0000] {processor.py:183} INFO - Processing /opt/airflow/dags/dag3_postgres_to_parquet.py took 0.659 seconds
[2026-01-08T20:10:26.004+0000] {processor.py:161} INFO - Started process (PID=364) to work on /opt/airflow/dags/dag3_postgres_to_parquet.py
[2026-01-08T20:10:26.006+0000] {processor.py:830} INFO - Processing file /opt/airflow/dags/dag3_postgres_to_parquet.py for tasks to queue
[2026-01-08T20:10:26.008+0000] {logging_mixin.py:188} INFO - [2026-01-08T20:10:26.007+0000] {dagbag.py:538} INFO - Filling up the DagBag from /opt/airflow/dags/dag3_postgres_to_parquet.py
[2026-01-08T20:10:26.602+0000] {processor.py:840} INFO - DAG(s) 'postgres_to_parquet_export' retrieved from /opt/airflow/dags/dag3_postgres_to_parquet.py
[2026-01-08T20:10:26.627+0000] {logging_mixin.py:188} INFO - [2026-01-08T20:10:26.626+0000] {dag.py:3036} INFO - Sync 1 DAGs
[2026-01-08T20:10:26.652+0000] {logging_mixin.py:188} INFO - [2026-01-08T20:10:26.652+0000] {dag.py:3823} INFO - Setting next_dagrun for postgres_to_parquet_export to 2026-01-04 00:00:00+00:00, run_after=2026-01-11 00:00:00+00:00
[2026-01-08T20:10:26.741+0000] {processor.py:183} INFO - Processing /opt/airflow/dags/dag3_postgres_to_parquet.py took 0.742 seconds
[2026-01-08T20:10:56.877+0000] {processor.py:161} INFO - Started process (PID=392) to work on /opt/airflow/dags/dag3_postgres_to_parquet.py
[2026-01-08T20:10:56.879+0000] {processor.py:830} INFO - Processing file /opt/airflow/dags/dag3_postgres_to_parquet.py for tasks to queue
[2026-01-08T20:10:56.884+0000] {logging_mixin.py:188} INFO - [2026-01-08T20:10:56.882+0000] {dagbag.py:538} INFO - Filling up the DagBag from /opt/airflow/dags/dag3_postgres_to_parquet.py
[2026-01-08T20:10:57.615+0000] {processor.py:840} INFO - DAG(s) 'postgres_to_parquet_export' retrieved from /opt/airflow/dags/dag3_postgres_to_parquet.py
[2026-01-08T20:10:57.646+0000] {logging_mixin.py:188} INFO - [2026-01-08T20:10:57.645+0000] {dag.py:3036} INFO - Sync 1 DAGs
[2026-01-08T20:10:57.675+0000] {logging_mixin.py:188} INFO - [2026-01-08T20:10:57.675+0000] {dag.py:3823} INFO - Setting next_dagrun for postgres_to_parquet_export to 2026-01-04 00:00:00+00:00, run_after=2026-01-11 00:00:00+00:00
[2026-01-08T20:10:57.699+0000] {processor.py:183} INFO - Processing /opt/airflow/dags/dag3_postgres_to_parquet.py took 0.829 seconds
[2026-01-08T20:11:27.884+0000] {processor.py:161} INFO - Started process (PID=420) to work on /opt/airflow/dags/dag3_postgres_to_parquet.py
[2026-01-08T20:11:27.885+0000] {processor.py:830} INFO - Processing file /opt/airflow/dags/dag3_postgres_to_parquet.py for tasks to queue
[2026-01-08T20:11:27.887+0000] {logging_mixin.py:188} INFO - [2026-01-08T20:11:27.886+0000] {dagbag.py:538} INFO - Filling up the DagBag from /opt/airflow/dags/dag3_postgres_to_parquet.py
[2026-01-08T20:11:28.570+0000] {processor.py:840} INFO - DAG(s) 'postgres_to_parquet_export' retrieved from /opt/airflow/dags/dag3_postgres_to_parquet.py
[2026-01-08T20:11:28.612+0000] {logging_mixin.py:188} INFO - [2026-01-08T20:11:28.611+0000] {dag.py:3036} INFO - Sync 1 DAGs
[2026-01-08T20:11:28.647+0000] {logging_mixin.py:188} INFO - [2026-01-08T20:11:28.646+0000] {dag.py:3823} INFO - Setting next_dagrun for postgres_to_parquet_export to 2026-01-04 00:00:00+00:00, run_after=2026-01-11 00:00:00+00:00
[2026-01-08T20:11:28.735+0000] {processor.py:183} INFO - Processing /opt/airflow/dags/dag3_postgres_to_parquet.py took 0.856 seconds
[2026-01-08T20:11:58.913+0000] {processor.py:161} INFO - Started process (PID=448) to work on /opt/airflow/dags/dag3_postgres_to_parquet.py
[2026-01-08T20:11:58.915+0000] {processor.py:830} INFO - Processing file /opt/airflow/dags/dag3_postgres_to_parquet.py for tasks to queue
[2026-01-08T20:11:58.917+0000] {logging_mixin.py:188} INFO - [2026-01-08T20:11:58.916+0000] {dagbag.py:538} INFO - Filling up the DagBag from /opt/airflow/dags/dag3_postgres_to_parquet.py
[2026-01-08T20:11:59.564+0000] {processor.py:840} INFO - DAG(s) 'postgres_to_parquet_export' retrieved from /opt/airflow/dags/dag3_postgres_to_parquet.py
[2026-01-08T20:11:59.590+0000] {logging_mixin.py:188} INFO - [2026-01-08T20:11:59.589+0000] {dag.py:3036} INFO - Sync 1 DAGs
[2026-01-08T20:11:59.616+0000] {logging_mixin.py:188} INFO - [2026-01-08T20:11:59.616+0000] {dag.py:3823} INFO - Setting next_dagrun for postgres_to_parquet_export to 2026-01-04 00:00:00+00:00, run_after=2026-01-11 00:00:00+00:00
[2026-01-08T20:11:59.638+0000] {processor.py:183} INFO - Processing /opt/airflow/dags/dag3_postgres_to_parquet.py took 0.731 seconds
[2026-01-08T20:12:29.996+0000] {processor.py:161} INFO - Started process (PID=476) to work on /opt/airflow/dags/dag3_postgres_to_parquet.py
[2026-01-08T20:12:29.998+0000] {processor.py:830} INFO - Processing file /opt/airflow/dags/dag3_postgres_to_parquet.py for tasks to queue
[2026-01-08T20:12:29.999+0000] {logging_mixin.py:188} INFO - [2026-01-08T20:12:29.999+0000] {dagbag.py:538} INFO - Filling up the DagBag from /opt/airflow/dags/dag3_postgres_to_parquet.py
[2026-01-08T20:12:30.587+0000] {processor.py:840} INFO - DAG(s) 'postgres_to_parquet_export' retrieved from /opt/airflow/dags/dag3_postgres_to_parquet.py
[2026-01-08T20:12:30.615+0000] {logging_mixin.py:188} INFO - [2026-01-08T20:12:30.614+0000] {dag.py:3036} INFO - Sync 1 DAGs
[2026-01-08T20:12:30.641+0000] {logging_mixin.py:188} INFO - [2026-01-08T20:12:30.640+0000] {dag.py:3823} INFO - Setting next_dagrun for postgres_to_parquet_export to 2026-01-04 00:00:00+00:00, run_after=2026-01-11 00:00:00+00:00
[2026-01-08T20:12:30.662+0000] {processor.py:183} INFO - Processing /opt/airflow/dags/dag3_postgres_to_parquet.py took 0.673 seconds
[2026-01-08T20:13:00.850+0000] {processor.py:161} INFO - Started process (PID=504) to work on /opt/airflow/dags/dag3_postgres_to_parquet.py
[2026-01-08T20:13:00.852+0000] {processor.py:830} INFO - Processing file /opt/airflow/dags/dag3_postgres_to_parquet.py for tasks to queue
[2026-01-08T20:13:00.854+0000] {logging_mixin.py:188} INFO - [2026-01-08T20:13:00.854+0000] {dagbag.py:538} INFO - Filling up the DagBag from /opt/airflow/dags/dag3_postgres_to_parquet.py
[2026-01-08T20:13:01.432+0000] {processor.py:840} INFO - DAG(s) 'postgres_to_parquet_export' retrieved from /opt/airflow/dags/dag3_postgres_to_parquet.py
[2026-01-08T20:13:01.464+0000] {logging_mixin.py:188} INFO - [2026-01-08T20:13:01.463+0000] {dag.py:3036} INFO - Sync 1 DAGs
[2026-01-08T20:13:01.489+0000] {logging_mixin.py:188} INFO - [2026-01-08T20:13:01.489+0000] {dag.py:3823} INFO - Setting next_dagrun for postgres_to_parquet_export to 2026-01-04 00:00:00+00:00, run_after=2026-01-11 00:00:00+00:00
[2026-01-08T20:13:01.511+0000] {processor.py:183} INFO - Processing /opt/airflow/dags/dag3_postgres_to_parquet.py took 0.666 seconds
[2026-01-08T20:13:31.659+0000] {processor.py:161} INFO - Started process (PID=532) to work on /opt/airflow/dags/dag3_postgres_to_parquet.py
[2026-01-08T20:13:31.661+0000] {processor.py:830} INFO - Processing file /opt/airflow/dags/dag3_postgres_to_parquet.py for tasks to queue
[2026-01-08T20:13:31.663+0000] {logging_mixin.py:188} INFO - [2026-01-08T20:13:31.662+0000] {dagbag.py:538} INFO - Filling up the DagBag from /opt/airflow/dags/dag3_postgres_to_parquet.py
[2026-01-08T20:13:32.199+0000] {processor.py:840} INFO - DAG(s) 'postgres_to_parquet_export' retrieved from /opt/airflow/dags/dag3_postgres_to_parquet.py
[2026-01-08T20:13:32.224+0000] {logging_mixin.py:188} INFO - [2026-01-08T20:13:32.223+0000] {dag.py:3036} INFO - Sync 1 DAGs
[2026-01-08T20:13:32.271+0000] {logging_mixin.py:188} INFO - [2026-01-08T20:13:32.270+0000] {dag.py:3823} INFO - Setting next_dagrun for postgres_to_parquet_export to 2026-01-04 00:00:00+00:00, run_after=2026-01-11 00:00:00+00:00
[2026-01-08T20:13:32.302+0000] {processor.py:183} INFO - Processing /opt/airflow/dags/dag3_postgres_to_parquet.py took 0.648 seconds
[2026-01-08T20:14:02.590+0000] {processor.py:161} INFO - Started process (PID=560) to work on /opt/airflow/dags/dag3_postgres_to_parquet.py
[2026-01-08T20:14:02.592+0000] {processor.py:830} INFO - Processing file /opt/airflow/dags/dag3_postgres_to_parquet.py for tasks to queue
[2026-01-08T20:14:02.593+0000] {logging_mixin.py:188} INFO - [2026-01-08T20:14:02.592+0000] {dagbag.py:538} INFO - Filling up the DagBag from /opt/airflow/dags/dag3_postgres_to_parquet.py
[2026-01-08T20:14:03.106+0000] {processor.py:840} INFO - DAG(s) 'postgres_to_parquet_export' retrieved from /opt/airflow/dags/dag3_postgres_to_parquet.py
[2026-01-08T20:14:03.132+0000] {logging_mixin.py:188} INFO - [2026-01-08T20:14:03.132+0000] {dag.py:3036} INFO - Sync 1 DAGs
[2026-01-08T20:14:03.157+0000] {logging_mixin.py:188} INFO - [2026-01-08T20:14:03.157+0000] {dag.py:3823} INFO - Setting next_dagrun for postgres_to_parquet_export to 2026-01-04 00:00:00+00:00, run_after=2026-01-11 00:00:00+00:00
[2026-01-08T20:14:03.238+0000] {processor.py:183} INFO - Processing /opt/airflow/dags/dag3_postgres_to_parquet.py took 0.652 seconds
[2026-01-08T20:14:34.072+0000] {processor.py:161} INFO - Started process (PID=588) to work on /opt/airflow/dags/dag3_postgres_to_parquet.py
[2026-01-08T20:14:34.073+0000] {processor.py:830} INFO - Processing file /opt/airflow/dags/dag3_postgres_to_parquet.py for tasks to queue
[2026-01-08T20:14:34.075+0000] {logging_mixin.py:188} INFO - [2026-01-08T20:14:34.074+0000] {dagbag.py:538} INFO - Filling up the DagBag from /opt/airflow/dags/dag3_postgres_to_parquet.py
[2026-01-08T20:14:34.656+0000] {processor.py:840} INFO - DAG(s) 'postgres_to_parquet_export' retrieved from /opt/airflow/dags/dag3_postgres_to_parquet.py
[2026-01-08T20:14:34.683+0000] {logging_mixin.py:188} INFO - [2026-01-08T20:14:34.682+0000] {dag.py:3036} INFO - Sync 1 DAGs
[2026-01-08T20:14:34.708+0000] {logging_mixin.py:188} INFO - [2026-01-08T20:14:34.707+0000] {dag.py:3823} INFO - Setting next_dagrun for postgres_to_parquet_export to 2026-01-04 00:00:00+00:00, run_after=2026-01-11 00:00:00+00:00
[2026-01-08T20:14:34.731+0000] {processor.py:183} INFO - Processing /opt/airflow/dags/dag3_postgres_to_parquet.py took 0.665 seconds
[2026-01-08T20:15:04.829+0000] {processor.py:161} INFO - Started process (PID=616) to work on /opt/airflow/dags/dag3_postgres_to_parquet.py
[2026-01-08T20:15:04.830+0000] {processor.py:830} INFO - Processing file /opt/airflow/dags/dag3_postgres_to_parquet.py for tasks to queue
[2026-01-08T20:15:04.832+0000] {logging_mixin.py:188} INFO - [2026-01-08T20:15:04.831+0000] {dagbag.py:538} INFO - Filling up the DagBag from /opt/airflow/dags/dag3_postgres_to_parquet.py
[2026-01-08T20:15:05.388+0000] {processor.py:840} INFO - DAG(s) 'postgres_to_parquet_export' retrieved from /opt/airflow/dags/dag3_postgres_to_parquet.py
[2026-01-08T20:15:05.428+0000] {logging_mixin.py:188} INFO - [2026-01-08T20:15:05.427+0000] {dag.py:3036} INFO - Sync 1 DAGs
[2026-01-08T20:15:05.459+0000] {logging_mixin.py:188} INFO - [2026-01-08T20:15:05.459+0000] {dag.py:3823} INFO - Setting next_dagrun for postgres_to_parquet_export to 2026-01-04 00:00:00+00:00, run_after=2026-01-11 00:00:00+00:00
[2026-01-08T20:15:05.489+0000] {processor.py:183} INFO - Processing /opt/airflow/dags/dag3_postgres_to_parquet.py took 0.667 seconds
[2026-01-08T20:16:46.405+0000] {processor.py:161} INFO - Started process (PID=196) to work on /opt/airflow/dags/dag3_postgres_to_parquet.py
[2026-01-08T20:16:46.407+0000] {processor.py:830} INFO - Processing file /opt/airflow/dags/dag3_postgres_to_parquet.py for tasks to queue
[2026-01-08T20:16:46.408+0000] {logging_mixin.py:188} INFO - [2026-01-08T20:16:46.408+0000] {dagbag.py:538} INFO - Filling up the DagBag from /opt/airflow/dags/dag3_postgres_to_parquet.py
[2026-01-08T20:16:48.348+0000] {processor.py:840} INFO - DAG(s) 'postgres_to_parquet_export' retrieved from /opt/airflow/dags/dag3_postgres_to_parquet.py
[2026-01-08T20:16:48.477+0000] {logging_mixin.py:188} INFO - [2026-01-08T20:16:48.477+0000] {dag.py:3036} INFO - Sync 1 DAGs
[2026-01-08T20:16:48.505+0000] {logging_mixin.py:188} INFO - [2026-01-08T20:16:48.505+0000] {dag.py:3823} INFO - Setting next_dagrun for postgres_to_parquet_export to 2026-01-04 00:00:00+00:00, run_after=2026-01-11 00:00:00+00:00
[2026-01-08T20:16:48.532+0000] {processor.py:183} INFO - Processing /opt/airflow/dags/dag3_postgres_to_parquet.py took 2.131 seconds
[2026-01-08T20:17:19.064+0000] {processor.py:161} INFO - Started process (PID=224) to work on /opt/airflow/dags/dag3_postgres_to_parquet.py
[2026-01-08T20:17:19.066+0000] {processor.py:830} INFO - Processing file /opt/airflow/dags/dag3_postgres_to_parquet.py for tasks to queue
[2026-01-08T20:17:19.067+0000] {logging_mixin.py:188} INFO - [2026-01-08T20:17:19.067+0000] {dagbag.py:538} INFO - Filling up the DagBag from /opt/airflow/dags/dag3_postgres_to_parquet.py
[2026-01-08T20:17:19.702+0000] {processor.py:840} INFO - DAG(s) 'postgres_to_parquet_export' retrieved from /opt/airflow/dags/dag3_postgres_to_parquet.py
[2026-01-08T20:17:19.727+0000] {logging_mixin.py:188} INFO - [2026-01-08T20:17:19.726+0000] {dag.py:3036} INFO - Sync 1 DAGs
[2026-01-08T20:17:19.750+0000] {logging_mixin.py:188} INFO - [2026-01-08T20:17:19.750+0000] {dag.py:3823} INFO - Setting next_dagrun for postgres_to_parquet_export to 2026-01-04 00:00:00+00:00, run_after=2026-01-11 00:00:00+00:00
[2026-01-08T20:17:19.832+0000] {processor.py:183} INFO - Processing /opt/airflow/dags/dag3_postgres_to_parquet.py took 0.772 seconds
[2026-01-08T20:17:50.139+0000] {processor.py:161} INFO - Started process (PID=252) to work on /opt/airflow/dags/dag3_postgres_to_parquet.py
[2026-01-08T20:17:50.142+0000] {processor.py:830} INFO - Processing file /opt/airflow/dags/dag3_postgres_to_parquet.py for tasks to queue
[2026-01-08T20:17:50.144+0000] {logging_mixin.py:188} INFO - [2026-01-08T20:17:50.144+0000] {dagbag.py:538} INFO - Filling up the DagBag from /opt/airflow/dags/dag3_postgres_to_parquet.py
[2026-01-08T20:17:50.708+0000] {processor.py:840} INFO - DAG(s) 'postgres_to_parquet_export' retrieved from /opt/airflow/dags/dag3_postgres_to_parquet.py
[2026-01-08T20:17:50.736+0000] {logging_mixin.py:188} INFO - [2026-01-08T20:17:50.736+0000] {dag.py:3036} INFO - Sync 1 DAGs
[2026-01-08T20:17:50.757+0000] {logging_mixin.py:188} INFO - [2026-01-08T20:17:50.757+0000] {dag.py:3823} INFO - Setting next_dagrun for postgres_to_parquet_export to 2026-01-04 00:00:00+00:00, run_after=2026-01-11 00:00:00+00:00
[2026-01-08T20:17:50.837+0000] {processor.py:183} INFO - Processing /opt/airflow/dags/dag3_postgres_to_parquet.py took 0.702 seconds
[2026-01-08T20:18:20.998+0000] {processor.py:161} INFO - Started process (PID=280) to work on /opt/airflow/dags/dag3_postgres_to_parquet.py
[2026-01-08T20:18:21.000+0000] {processor.py:830} INFO - Processing file /opt/airflow/dags/dag3_postgres_to_parquet.py for tasks to queue
[2026-01-08T20:18:21.001+0000] {logging_mixin.py:188} INFO - [2026-01-08T20:18:21.001+0000] {dagbag.py:538} INFO - Filling up the DagBag from /opt/airflow/dags/dag3_postgres_to_parquet.py
[2026-01-08T20:18:21.548+0000] {processor.py:840} INFO - DAG(s) 'postgres_to_parquet_export' retrieved from /opt/airflow/dags/dag3_postgres_to_parquet.py
[2026-01-08T20:18:21.572+0000] {logging_mixin.py:188} INFO - [2026-01-08T20:18:21.572+0000] {dag.py:3036} INFO - Sync 1 DAGs
[2026-01-08T20:18:21.596+0000] {logging_mixin.py:188} INFO - [2026-01-08T20:18:21.596+0000] {dag.py:3823} INFO - Setting next_dagrun for postgres_to_parquet_export to 2026-01-04 00:00:00+00:00, run_after=2026-01-11 00:00:00+00:00
[2026-01-08T20:18:21.673+0000] {processor.py:183} INFO - Processing /opt/airflow/dags/dag3_postgres_to_parquet.py took 0.680 seconds
[2026-01-08T20:18:52.094+0000] {processor.py:161} INFO - Started process (PID=308) to work on /opt/airflow/dags/dag3_postgres_to_parquet.py
[2026-01-08T20:18:52.095+0000] {processor.py:830} INFO - Processing file /opt/airflow/dags/dag3_postgres_to_parquet.py for tasks to queue
[2026-01-08T20:18:52.097+0000] {logging_mixin.py:188} INFO - [2026-01-08T20:18:52.096+0000] {dagbag.py:538} INFO - Filling up the DagBag from /opt/airflow/dags/dag3_postgres_to_parquet.py
[2026-01-08T20:18:52.601+0000] {processor.py:840} INFO - DAG(s) 'postgres_to_parquet_export' retrieved from /opt/airflow/dags/dag3_postgres_to_parquet.py
[2026-01-08T20:18:52.626+0000] {logging_mixin.py:188} INFO - [2026-01-08T20:18:52.625+0000] {dag.py:3036} INFO - Sync 1 DAGs
[2026-01-08T20:18:52.647+0000] {logging_mixin.py:188} INFO - [2026-01-08T20:18:52.647+0000] {dag.py:3823} INFO - Setting next_dagrun for postgres_to_parquet_export to 2026-01-04 00:00:00+00:00, run_after=2026-01-11 00:00:00+00:00
[2026-01-08T20:18:52.669+0000] {processor.py:183} INFO - Processing /opt/airflow/dags/dag3_postgres_to_parquet.py took 0.580 seconds
[2026-01-08T20:19:22.982+0000] {processor.py:161} INFO - Started process (PID=336) to work on /opt/airflow/dags/dag3_postgres_to_parquet.py
[2026-01-08T20:19:22.984+0000] {processor.py:830} INFO - Processing file /opt/airflow/dags/dag3_postgres_to_parquet.py for tasks to queue
[2026-01-08T20:19:22.985+0000] {logging_mixin.py:188} INFO - [2026-01-08T20:19:22.985+0000] {dagbag.py:538} INFO - Filling up the DagBag from /opt/airflow/dags/dag3_postgres_to_parquet.py
[2026-01-08T20:19:23.552+0000] {processor.py:840} INFO - DAG(s) 'postgres_to_parquet_export' retrieved from /opt/airflow/dags/dag3_postgres_to_parquet.py
[2026-01-08T20:19:23.580+0000] {logging_mixin.py:188} INFO - [2026-01-08T20:19:23.579+0000] {dag.py:3036} INFO - Sync 1 DAGs
[2026-01-08T20:19:23.605+0000] {logging_mixin.py:188} INFO - [2026-01-08T20:19:23.605+0000] {dag.py:3823} INFO - Setting next_dagrun for postgres_to_parquet_export to 2026-01-04 00:00:00+00:00, run_after=2026-01-11 00:00:00+00:00
[2026-01-08T20:19:23.631+0000] {processor.py:183} INFO - Processing /opt/airflow/dags/dag3_postgres_to_parquet.py took 0.654 seconds
[2026-01-08T20:19:53.835+0000] {processor.py:161} INFO - Started process (PID=364) to work on /opt/airflow/dags/dag3_postgres_to_parquet.py
[2026-01-08T20:19:53.836+0000] {processor.py:830} INFO - Processing file /opt/airflow/dags/dag3_postgres_to_parquet.py for tasks to queue
[2026-01-08T20:19:53.837+0000] {logging_mixin.py:188} INFO - [2026-01-08T20:19:53.837+0000] {dagbag.py:538} INFO - Filling up the DagBag from /opt/airflow/dags/dag3_postgres_to_parquet.py
[2026-01-08T20:19:54.389+0000] {processor.py:840} INFO - DAG(s) 'postgres_to_parquet_export' retrieved from /opt/airflow/dags/dag3_postgres_to_parquet.py
[2026-01-08T20:19:54.415+0000] {logging_mixin.py:188} INFO - [2026-01-08T20:19:54.415+0000] {dag.py:3036} INFO - Sync 1 DAGs
[2026-01-08T20:19:54.442+0000] {logging_mixin.py:188} INFO - [2026-01-08T20:19:54.441+0000] {dag.py:3823} INFO - Setting next_dagrun for postgres_to_parquet_export to 2026-01-04 00:00:00+00:00, run_after=2026-01-11 00:00:00+00:00
[2026-01-08T20:19:54.464+0000] {processor.py:183} INFO - Processing /opt/airflow/dags/dag3_postgres_to_parquet.py took 0.633 seconds
[2026-01-08T20:20:24.617+0000] {processor.py:161} INFO - Started process (PID=392) to work on /opt/airflow/dags/dag3_postgres_to_parquet.py
[2026-01-08T20:20:24.619+0000] {processor.py:830} INFO - Processing file /opt/airflow/dags/dag3_postgres_to_parquet.py for tasks to queue
[2026-01-08T20:20:24.621+0000] {logging_mixin.py:188} INFO - [2026-01-08T20:20:24.620+0000] {dagbag.py:538} INFO - Filling up the DagBag from /opt/airflow/dags/dag3_postgres_to_parquet.py
[2026-01-08T20:20:25.345+0000] {processor.py:840} INFO - DAG(s) 'postgres_to_parquet_export' retrieved from /opt/airflow/dags/dag3_postgres_to_parquet.py
[2026-01-08T20:20:25.375+0000] {logging_mixin.py:188} INFO - [2026-01-08T20:20:25.375+0000] {dag.py:3036} INFO - Sync 1 DAGs
[2026-01-08T20:20:25.405+0000] {logging_mixin.py:188} INFO - [2026-01-08T20:20:25.405+0000] {dag.py:3823} INFO - Setting next_dagrun for postgres_to_parquet_export to 2026-01-04 00:00:00+00:00, run_after=2026-01-11 00:00:00+00:00
[2026-01-08T20:20:25.529+0000] {processor.py:183} INFO - Processing /opt/airflow/dags/dag3_postgres_to_parquet.py took 0.917 seconds
[2026-01-08T20:20:55.777+0000] {processor.py:161} INFO - Started process (PID=420) to work on /opt/airflow/dags/dag3_postgres_to_parquet.py
[2026-01-08T20:20:55.779+0000] {processor.py:830} INFO - Processing file /opt/airflow/dags/dag3_postgres_to_parquet.py for tasks to queue
[2026-01-08T20:20:55.781+0000] {logging_mixin.py:188} INFO - [2026-01-08T20:20:55.780+0000] {dagbag.py:538} INFO - Filling up the DagBag from /opt/airflow/dags/dag3_postgres_to_parquet.py
[2026-01-08T20:20:56.427+0000] {processor.py:840} INFO - DAG(s) 'postgres_to_parquet_export' retrieved from /opt/airflow/dags/dag3_postgres_to_parquet.py
[2026-01-08T20:20:56.455+0000] {logging_mixin.py:188} INFO - [2026-01-08T20:20:56.454+0000] {dag.py:3036} INFO - Sync 1 DAGs
[2026-01-08T20:20:56.481+0000] {logging_mixin.py:188} INFO - [2026-01-08T20:20:56.481+0000] {dag.py:3823} INFO - Setting next_dagrun for postgres_to_parquet_export to 2026-01-04 00:00:00+00:00, run_after=2026-01-11 00:00:00+00:00
[2026-01-08T20:20:56.596+0000] {processor.py:183} INFO - Processing /opt/airflow/dags/dag3_postgres_to_parquet.py took 0.826 seconds
[2026-01-08T20:21:27.373+0000] {processor.py:161} INFO - Started process (PID=448) to work on /opt/airflow/dags/dag3_postgres_to_parquet.py
[2026-01-08T20:21:27.375+0000] {processor.py:830} INFO - Processing file /opt/airflow/dags/dag3_postgres_to_parquet.py for tasks to queue
[2026-01-08T20:21:27.378+0000] {logging_mixin.py:188} INFO - [2026-01-08T20:21:27.377+0000] {dagbag.py:538} INFO - Filling up the DagBag from /opt/airflow/dags/dag3_postgres_to_parquet.py
[2026-01-08T20:21:28.080+0000] {processor.py:840} INFO - DAG(s) 'postgres_to_parquet_export' retrieved from /opt/airflow/dags/dag3_postgres_to_parquet.py
[2026-01-08T20:21:28.115+0000] {logging_mixin.py:188} INFO - [2026-01-08T20:21:28.115+0000] {dag.py:3036} INFO - Sync 1 DAGs
[2026-01-08T20:21:28.151+0000] {logging_mixin.py:188} INFO - [2026-01-08T20:21:28.151+0000] {dag.py:3823} INFO - Setting next_dagrun for postgres_to_parquet_export to 2026-01-04 00:00:00+00:00, run_after=2026-01-11 00:00:00+00:00
[2026-01-08T20:21:28.236+0000] {processor.py:183} INFO - Processing /opt/airflow/dags/dag3_postgres_to_parquet.py took 0.868 seconds
[2026-01-08T20:21:58.585+0000] {processor.py:161} INFO - Started process (PID=476) to work on /opt/airflow/dags/dag3_postgres_to_parquet.py
[2026-01-08T20:21:58.587+0000] {processor.py:830} INFO - Processing file /opt/airflow/dags/dag3_postgres_to_parquet.py for tasks to queue
[2026-01-08T20:21:58.590+0000] {logging_mixin.py:188} INFO - [2026-01-08T20:21:58.589+0000] {dagbag.py:538} INFO - Filling up the DagBag from /opt/airflow/dags/dag3_postgres_to_parquet.py
[2026-01-08T20:21:59.730+0000] {processor.py:840} INFO - DAG(s) 'postgres_to_parquet_export' retrieved from /opt/airflow/dags/dag3_postgres_to_parquet.py
[2026-01-08T20:21:59.809+0000] {logging_mixin.py:188} INFO - [2026-01-08T20:21:59.808+0000] {dag.py:3036} INFO - Sync 1 DAGs
[2026-01-08T20:21:59.911+0000] {logging_mixin.py:188} INFO - [2026-01-08T20:21:59.911+0000] {dag.py:3823} INFO - Setting next_dagrun for postgres_to_parquet_export to 2026-01-04 00:00:00+00:00, run_after=2026-01-11 00:00:00+00:00
[2026-01-08T20:21:59.973+0000] {processor.py:183} INFO - Processing /opt/airflow/dags/dag3_postgres_to_parquet.py took 1.397 seconds
[2026-01-08T20:22:30.376+0000] {processor.py:161} INFO - Started process (PID=504) to work on /opt/airflow/dags/dag3_postgres_to_parquet.py
[2026-01-08T20:22:30.380+0000] {processor.py:830} INFO - Processing file /opt/airflow/dags/dag3_postgres_to_parquet.py for tasks to queue
[2026-01-08T20:22:30.382+0000] {logging_mixin.py:188} INFO - [2026-01-08T20:22:30.382+0000] {dagbag.py:538} INFO - Filling up the DagBag from /opt/airflow/dags/dag3_postgres_to_parquet.py
[2026-01-08T20:22:31.006+0000] {processor.py:840} INFO - DAG(s) 'postgres_to_parquet_export' retrieved from /opt/airflow/dags/dag3_postgres_to_parquet.py
[2026-01-08T20:22:31.040+0000] {logging_mixin.py:188} INFO - [2026-01-08T20:22:31.037+0000] {dag.py:3036} INFO - Sync 1 DAGs
[2026-01-08T20:22:31.090+0000] {logging_mixin.py:188} INFO - [2026-01-08T20:22:31.089+0000] {dag.py:3823} INFO - Setting next_dagrun for postgres_to_parquet_export to 2026-01-04 00:00:00+00:00, run_after=2026-01-11 00:00:00+00:00
[2026-01-08T20:22:31.146+0000] {processor.py:183} INFO - Processing /opt/airflow/dags/dag3_postgres_to_parquet.py took 0.798 seconds
[2026-01-08T20:23:02.073+0000] {processor.py:161} INFO - Started process (PID=532) to work on /opt/airflow/dags/dag3_postgres_to_parquet.py
[2026-01-08T20:23:02.075+0000] {processor.py:830} INFO - Processing file /opt/airflow/dags/dag3_postgres_to_parquet.py for tasks to queue
[2026-01-08T20:23:02.078+0000] {logging_mixin.py:188} INFO - [2026-01-08T20:23:02.077+0000] {dagbag.py:538} INFO - Filling up the DagBag from /opt/airflow/dags/dag3_postgres_to_parquet.py
[2026-01-08T20:23:02.700+0000] {processor.py:840} INFO - DAG(s) 'postgres_to_parquet_export' retrieved from /opt/airflow/dags/dag3_postgres_to_parquet.py
[2026-01-08T20:23:02.726+0000] {logging_mixin.py:188} INFO - [2026-01-08T20:23:02.725+0000] {dag.py:3036} INFO - Sync 1 DAGs
[2026-01-08T20:23:02.750+0000] {logging_mixin.py:188} INFO - [2026-01-08T20:23:02.749+0000] {dag.py:3823} INFO - Setting next_dagrun for postgres_to_parquet_export to 2026-01-04 00:00:00+00:00, run_after=2026-01-11 00:00:00+00:00
[2026-01-08T20:23:02.774+0000] {processor.py:183} INFO - Processing /opt/airflow/dags/dag3_postgres_to_parquet.py took 0.708 seconds
[2026-01-08T20:23:32.956+0000] {processor.py:161} INFO - Started process (PID=560) to work on /opt/airflow/dags/dag3_postgres_to_parquet.py
[2026-01-08T20:23:32.958+0000] {processor.py:830} INFO - Processing file /opt/airflow/dags/dag3_postgres_to_parquet.py for tasks to queue
[2026-01-08T20:23:32.959+0000] {logging_mixin.py:188} INFO - [2026-01-08T20:23:32.959+0000] {dagbag.py:538} INFO - Filling up the DagBag from /opt/airflow/dags/dag3_postgres_to_parquet.py
[2026-01-08T20:23:33.595+0000] {processor.py:840} INFO - DAG(s) 'postgres_to_parquet_export' retrieved from /opt/airflow/dags/dag3_postgres_to_parquet.py
[2026-01-08T20:23:33.624+0000] {logging_mixin.py:188} INFO - [2026-01-08T20:23:33.623+0000] {dag.py:3036} INFO - Sync 1 DAGs
[2026-01-08T20:23:33.650+0000] {logging_mixin.py:188} INFO - [2026-01-08T20:23:33.650+0000] {dag.py:3823} INFO - Setting next_dagrun for postgres_to_parquet_export to 2026-01-04 00:00:00+00:00, run_after=2026-01-11 00:00:00+00:00
[2026-01-08T20:23:33.683+0000] {processor.py:183} INFO - Processing /opt/airflow/dags/dag3_postgres_to_parquet.py took 0.735 seconds
[2026-01-08T20:24:03.857+0000] {processor.py:161} INFO - Started process (PID=588) to work on /opt/airflow/dags/dag3_postgres_to_parquet.py
[2026-01-08T20:24:03.860+0000] {processor.py:830} INFO - Processing file /opt/airflow/dags/dag3_postgres_to_parquet.py for tasks to queue
[2026-01-08T20:24:03.861+0000] {logging_mixin.py:188} INFO - [2026-01-08T20:24:03.861+0000] {dagbag.py:538} INFO - Filling up the DagBag from /opt/airflow/dags/dag3_postgres_to_parquet.py
[2026-01-08T20:24:04.512+0000] {processor.py:840} INFO - DAG(s) 'postgres_to_parquet_export' retrieved from /opt/airflow/dags/dag3_postgres_to_parquet.py
[2026-01-08T20:24:04.546+0000] {logging_mixin.py:188} INFO - [2026-01-08T20:24:04.545+0000] {dag.py:3036} INFO - Sync 1 DAGs
[2026-01-08T20:24:04.578+0000] {logging_mixin.py:188} INFO - [2026-01-08T20:24:04.578+0000] {dag.py:3823} INFO - Setting next_dagrun for postgres_to_parquet_export to 2026-01-04 00:00:00+00:00, run_after=2026-01-11 00:00:00+00:00
[2026-01-08T20:24:04.604+0000] {processor.py:183} INFO - Processing /opt/airflow/dags/dag3_postgres_to_parquet.py took 0.758 seconds
[2026-01-08T20:24:34.690+0000] {processor.py:161} INFO - Started process (PID=616) to work on /opt/airflow/dags/dag3_postgres_to_parquet.py
[2026-01-08T20:24:34.692+0000] {processor.py:830} INFO - Processing file /opt/airflow/dags/dag3_postgres_to_parquet.py for tasks to queue
[2026-01-08T20:24:34.693+0000] {logging_mixin.py:188} INFO - [2026-01-08T20:24:34.693+0000] {dagbag.py:538} INFO - Filling up the DagBag from /opt/airflow/dags/dag3_postgres_to_parquet.py
[2026-01-08T20:24:35.268+0000] {processor.py:840} INFO - DAG(s) 'postgres_to_parquet_export' retrieved from /opt/airflow/dags/dag3_postgres_to_parquet.py
[2026-01-08T20:24:35.301+0000] {logging_mixin.py:188} INFO - [2026-01-08T20:24:35.298+0000] {dag.py:3036} INFO - Sync 1 DAGs
[2026-01-08T20:24:35.324+0000] {logging_mixin.py:188} INFO - [2026-01-08T20:24:35.324+0000] {dag.py:3823} INFO - Setting next_dagrun for postgres_to_parquet_export to 2026-01-04 00:00:00+00:00, run_after=2026-01-11 00:00:00+00:00
[2026-01-08T20:24:35.349+0000] {processor.py:183} INFO - Processing /opt/airflow/dags/dag3_postgres_to_parquet.py took 0.663 seconds
[2026-01-08T20:25:06.255+0000] {processor.py:161} INFO - Started process (PID=644) to work on /opt/airflow/dags/dag3_postgres_to_parquet.py
[2026-01-08T20:25:06.263+0000] {processor.py:830} INFO - Processing file /opt/airflow/dags/dag3_postgres_to_parquet.py for tasks to queue
[2026-01-08T20:25:06.268+0000] {logging_mixin.py:188} INFO - [2026-01-08T20:25:06.267+0000] {dagbag.py:538} INFO - Filling up the DagBag from /opt/airflow/dags/dag3_postgres_to_parquet.py
[2026-01-08T20:25:07.157+0000] {processor.py:840} INFO - DAG(s) 'postgres_to_parquet_export' retrieved from /opt/airflow/dags/dag3_postgres_to_parquet.py
[2026-01-08T20:25:07.196+0000] {logging_mixin.py:188} INFO - [2026-01-08T20:25:07.196+0000] {dag.py:3036} INFO - Sync 1 DAGs
[2026-01-08T20:25:07.229+0000] {logging_mixin.py:188} INFO - [2026-01-08T20:25:07.229+0000] {dag.py:3823} INFO - Setting next_dagrun for postgres_to_parquet_export to 2026-01-04 00:00:00+00:00, run_after=2026-01-11 00:00:00+00:00
[2026-01-08T20:25:07.252+0000] {processor.py:183} INFO - Processing /opt/airflow/dags/dag3_postgres_to_parquet.py took 1.012 seconds
[2026-01-08T20:25:38.123+0000] {processor.py:161} INFO - Started process (PID=672) to work on /opt/airflow/dags/dag3_postgres_to_parquet.py
[2026-01-08T20:25:38.130+0000] {processor.py:830} INFO - Processing file /opt/airflow/dags/dag3_postgres_to_parquet.py for tasks to queue
[2026-01-08T20:25:38.136+0000] {logging_mixin.py:188} INFO - [2026-01-08T20:25:38.135+0000] {dagbag.py:538} INFO - Filling up the DagBag from /opt/airflow/dags/dag3_postgres_to_parquet.py
[2026-01-08T20:25:38.741+0000] {processor.py:840} INFO - DAG(s) 'postgres_to_parquet_export' retrieved from /opt/airflow/dags/dag3_postgres_to_parquet.py
[2026-01-08T20:25:38.770+0000] {logging_mixin.py:188} INFO - [2026-01-08T20:25:38.769+0000] {dag.py:3036} INFO - Sync 1 DAGs
[2026-01-08T20:25:38.794+0000] {logging_mixin.py:188} INFO - [2026-01-08T20:25:38.794+0000] {dag.py:3823} INFO - Setting next_dagrun for postgres_to_parquet_export to 2026-01-04 00:00:00+00:00, run_after=2026-01-11 00:00:00+00:00
[2026-01-08T20:25:38.819+0000] {processor.py:183} INFO - Processing /opt/airflow/dags/dag3_postgres_to_parquet.py took 0.703 seconds
[2026-01-08T20:26:09.918+0000] {processor.py:161} INFO - Started process (PID=700) to work on /opt/airflow/dags/dag3_postgres_to_parquet.py
[2026-01-08T20:26:09.919+0000] {processor.py:830} INFO - Processing file /opt/airflow/dags/dag3_postgres_to_parquet.py for tasks to queue
[2026-01-08T20:26:09.920+0000] {logging_mixin.py:188} INFO - [2026-01-08T20:26:09.920+0000] {dagbag.py:538} INFO - Filling up the DagBag from /opt/airflow/dags/dag3_postgres_to_parquet.py
[2026-01-08T20:26:10.605+0000] {processor.py:840} INFO - DAG(s) 'postgres_to_parquet_export' retrieved from /opt/airflow/dags/dag3_postgres_to_parquet.py
[2026-01-08T20:26:10.642+0000] {logging_mixin.py:188} INFO - [2026-01-08T20:26:10.641+0000] {dag.py:3036} INFO - Sync 1 DAGs
[2026-01-08T20:26:10.685+0000] {logging_mixin.py:188} INFO - [2026-01-08T20:26:10.684+0000] {dag.py:3823} INFO - Setting next_dagrun for postgres_to_parquet_export to 2026-01-04 00:00:00+00:00, run_after=2026-01-11 00:00:00+00:00
[2026-01-08T20:26:10.718+0000] {processor.py:183} INFO - Processing /opt/airflow/dags/dag3_postgres_to_parquet.py took 0.807 seconds
[2026-01-08T20:26:41.052+0000] {processor.py:161} INFO - Started process (PID=728) to work on /opt/airflow/dags/dag3_postgres_to_parquet.py
[2026-01-08T20:26:41.054+0000] {processor.py:830} INFO - Processing file /opt/airflow/dags/dag3_postgres_to_parquet.py for tasks to queue
[2026-01-08T20:26:41.056+0000] {logging_mixin.py:188} INFO - [2026-01-08T20:26:41.055+0000] {dagbag.py:538} INFO - Filling up the DagBag from /opt/airflow/dags/dag3_postgres_to_parquet.py
[2026-01-08T20:26:41.828+0000] {processor.py:840} INFO - DAG(s) 'postgres_to_parquet_export' retrieved from /opt/airflow/dags/dag3_postgres_to_parquet.py
[2026-01-08T20:26:41.877+0000] {logging_mixin.py:188} INFO - [2026-01-08T20:26:41.876+0000] {dag.py:3036} INFO - Sync 1 DAGs
[2026-01-08T20:26:41.915+0000] {logging_mixin.py:188} INFO - [2026-01-08T20:26:41.915+0000] {dag.py:3823} INFO - Setting next_dagrun for postgres_to_parquet_export to 2026-01-04 00:00:00+00:00, run_after=2026-01-11 00:00:00+00:00
[2026-01-08T20:26:41.937+0000] {processor.py:183} INFO - Processing /opt/airflow/dags/dag3_postgres_to_parquet.py took 0.890 seconds
[2026-01-08T20:27:12.424+0000] {processor.py:161} INFO - Started process (PID=756) to work on /opt/airflow/dags/dag3_postgres_to_parquet.py
[2026-01-08T20:27:12.425+0000] {processor.py:830} INFO - Processing file /opt/airflow/dags/dag3_postgres_to_parquet.py for tasks to queue
[2026-01-08T20:27:12.427+0000] {logging_mixin.py:188} INFO - [2026-01-08T20:27:12.426+0000] {dagbag.py:538} INFO - Filling up the DagBag from /opt/airflow/dags/dag3_postgres_to_parquet.py
[2026-01-08T20:27:12.971+0000] {processor.py:840} INFO - DAG(s) 'postgres_to_parquet_export' retrieved from /opt/airflow/dags/dag3_postgres_to_parquet.py
[2026-01-08T20:27:12.998+0000] {logging_mixin.py:188} INFO - [2026-01-08T20:27:12.997+0000] {dag.py:3036} INFO - Sync 1 DAGs
[2026-01-08T20:27:13.024+0000] {logging_mixin.py:188} INFO - [2026-01-08T20:27:13.024+0000] {dag.py:3823} INFO - Setting next_dagrun for postgres_to_parquet_export to 2026-01-04 00:00:00+00:00, run_after=2026-01-11 00:00:00+00:00
[2026-01-08T20:27:13.107+0000] {processor.py:183} INFO - Processing /opt/airflow/dags/dag3_postgres_to_parquet.py took 0.688 seconds
[2026-01-08T20:27:43.265+0000] {processor.py:161} INFO - Started process (PID=784) to work on /opt/airflow/dags/dag3_postgres_to_parquet.py
[2026-01-08T20:27:43.268+0000] {processor.py:830} INFO - Processing file /opt/airflow/dags/dag3_postgres_to_parquet.py for tasks to queue
[2026-01-08T20:27:43.271+0000] {logging_mixin.py:188} INFO - [2026-01-08T20:27:43.271+0000] {dagbag.py:538} INFO - Filling up the DagBag from /opt/airflow/dags/dag3_postgres_to_parquet.py
[2026-01-08T20:27:44.124+0000] {processor.py:840} INFO - DAG(s) 'postgres_to_parquet_export' retrieved from /opt/airflow/dags/dag3_postgres_to_parquet.py
[2026-01-08T20:27:44.157+0000] {logging_mixin.py:188} INFO - [2026-01-08T20:27:44.156+0000] {dag.py:3036} INFO - Sync 1 DAGs
[2026-01-08T20:27:44.184+0000] {logging_mixin.py:188} INFO - [2026-01-08T20:27:44.183+0000] {dag.py:3823} INFO - Setting next_dagrun for postgres_to_parquet_export to 2026-01-04 00:00:00+00:00, run_after=2026-01-11 00:00:00+00:00
[2026-01-08T20:27:44.203+0000] {processor.py:183} INFO - Processing /opt/airflow/dags/dag3_postgres_to_parquet.py took 0.947 seconds
[2026-01-08T20:28:14.962+0000] {processor.py:161} INFO - Started process (PID=812) to work on /opt/airflow/dags/dag3_postgres_to_parquet.py
[2026-01-08T20:28:14.964+0000] {processor.py:830} INFO - Processing file /opt/airflow/dags/dag3_postgres_to_parquet.py for tasks to queue
[2026-01-08T20:28:14.965+0000] {logging_mixin.py:188} INFO - [2026-01-08T20:28:14.965+0000] {dagbag.py:538} INFO - Filling up the DagBag from /opt/airflow/dags/dag3_postgres_to_parquet.py
[2026-01-08T20:28:15.537+0000] {processor.py:840} INFO - DAG(s) 'postgres_to_parquet_export' retrieved from /opt/airflow/dags/dag3_postgres_to_parquet.py
[2026-01-08T20:28:15.564+0000] {logging_mixin.py:188} INFO - [2026-01-08T20:28:15.563+0000] {dag.py:3036} INFO - Sync 1 DAGs
[2026-01-08T20:28:15.590+0000] {logging_mixin.py:188} INFO - [2026-01-08T20:28:15.590+0000] {dag.py:3823} INFO - Setting next_dagrun for postgres_to_parquet_export to 2026-01-04 00:00:00+00:00, run_after=2026-01-11 00:00:00+00:00
[2026-01-08T20:28:15.618+0000] {processor.py:183} INFO - Processing /opt/airflow/dags/dag3_postgres_to_parquet.py took 0.662 seconds
[2026-01-08T20:28:46.488+0000] {processor.py:161} INFO - Started process (PID=840) to work on /opt/airflow/dags/dag3_postgres_to_parquet.py
[2026-01-08T20:28:46.490+0000] {processor.py:830} INFO - Processing file /opt/airflow/dags/dag3_postgres_to_parquet.py for tasks to queue
[2026-01-08T20:28:46.491+0000] {logging_mixin.py:188} INFO - [2026-01-08T20:28:46.491+0000] {dagbag.py:538} INFO - Filling up the DagBag from /opt/airflow/dags/dag3_postgres_to_parquet.py
[2026-01-08T20:28:47.155+0000] {processor.py:840} INFO - DAG(s) 'postgres_to_parquet_export' retrieved from /opt/airflow/dags/dag3_postgres_to_parquet.py
[2026-01-08T20:28:47.183+0000] {logging_mixin.py:188} INFO - [2026-01-08T20:28:47.183+0000] {dag.py:3036} INFO - Sync 1 DAGs
[2026-01-08T20:28:47.216+0000] {logging_mixin.py:188} INFO - [2026-01-08T20:28:47.216+0000] {dag.py:3823} INFO - Setting next_dagrun for postgres_to_parquet_export to 2026-01-04 00:00:00+00:00, run_after=2026-01-11 00:00:00+00:00
[2026-01-08T20:28:47.244+0000] {processor.py:183} INFO - Processing /opt/airflow/dags/dag3_postgres_to_parquet.py took 0.760 seconds
[2026-01-08T20:29:17.446+0000] {processor.py:161} INFO - Started process (PID=868) to work on /opt/airflow/dags/dag3_postgres_to_parquet.py
[2026-01-08T20:29:17.447+0000] {processor.py:830} INFO - Processing file /opt/airflow/dags/dag3_postgres_to_parquet.py for tasks to queue
[2026-01-08T20:29:17.449+0000] {logging_mixin.py:188} INFO - [2026-01-08T20:29:17.448+0000] {dagbag.py:538} INFO - Filling up the DagBag from /opt/airflow/dags/dag3_postgres_to_parquet.py
[2026-01-08T20:29:18.065+0000] {processor.py:840} INFO - DAG(s) 'postgres_to_parquet_export' retrieved from /opt/airflow/dags/dag3_postgres_to_parquet.py
[2026-01-08T20:29:18.095+0000] {logging_mixin.py:188} INFO - [2026-01-08T20:29:18.094+0000] {dag.py:3036} INFO - Sync 1 DAGs
[2026-01-08T20:29:18.124+0000] {logging_mixin.py:188} INFO - [2026-01-08T20:29:18.124+0000] {dag.py:3823} INFO - Setting next_dagrun for postgres_to_parquet_export to 2026-01-04 00:00:00+00:00, run_after=2026-01-11 00:00:00+00:00
[2026-01-08T20:29:18.149+0000] {processor.py:183} INFO - Processing /opt/airflow/dags/dag3_postgres_to_parquet.py took 0.709 seconds
[2026-01-08T20:29:48.315+0000] {processor.py:161} INFO - Started process (PID=896) to work on /opt/airflow/dags/dag3_postgres_to_parquet.py
[2026-01-08T20:29:48.318+0000] {processor.py:830} INFO - Processing file /opt/airflow/dags/dag3_postgres_to_parquet.py for tasks to queue
[2026-01-08T20:29:48.322+0000] {logging_mixin.py:188} INFO - [2026-01-08T20:29:48.321+0000] {dagbag.py:538} INFO - Filling up the DagBag from /opt/airflow/dags/dag3_postgres_to_parquet.py
[2026-01-08T20:29:48.916+0000] {processor.py:840} INFO - DAG(s) 'postgres_to_parquet_export' retrieved from /opt/airflow/dags/dag3_postgres_to_parquet.py
[2026-01-08T20:29:48.944+0000] {logging_mixin.py:188} INFO - [2026-01-08T20:29:48.944+0000] {dag.py:3036} INFO - Sync 1 DAGs
[2026-01-08T20:29:48.969+0000] {logging_mixin.py:188} INFO - [2026-01-08T20:29:48.968+0000] {dag.py:3823} INFO - Setting next_dagrun for postgres_to_parquet_export to 2026-01-04 00:00:00+00:00, run_after=2026-01-11 00:00:00+00:00
[2026-01-08T20:29:49.056+0000] {processor.py:183} INFO - Processing /opt/airflow/dags/dag3_postgres_to_parquet.py took 0.748 seconds
[2026-01-08T20:30:19.191+0000] {processor.py:161} INFO - Started process (PID=924) to work on /opt/airflow/dags/dag3_postgres_to_parquet.py
[2026-01-08T20:30:19.193+0000] {processor.py:830} INFO - Processing file /opt/airflow/dags/dag3_postgres_to_parquet.py for tasks to queue
[2026-01-08T20:30:19.195+0000] {logging_mixin.py:188} INFO - [2026-01-08T20:30:19.194+0000] {dagbag.py:538} INFO - Filling up the DagBag from /opt/airflow/dags/dag3_postgres_to_parquet.py
[2026-01-08T20:30:19.748+0000] {processor.py:840} INFO - DAG(s) 'postgres_to_parquet_export' retrieved from /opt/airflow/dags/dag3_postgres_to_parquet.py
[2026-01-08T20:30:19.777+0000] {logging_mixin.py:188} INFO - [2026-01-08T20:30:19.777+0000] {dag.py:3036} INFO - Sync 1 DAGs
[2026-01-08T20:30:19.804+0000] {logging_mixin.py:188} INFO - [2026-01-08T20:30:19.803+0000] {dag.py:3823} INFO - Setting next_dagrun for postgres_to_parquet_export to 2026-01-04 00:00:00+00:00, run_after=2026-01-11 00:00:00+00:00
[2026-01-08T20:30:19.877+0000] {processor.py:183} INFO - Processing /opt/airflow/dags/dag3_postgres_to_parquet.py took 0.693 seconds
[2026-01-08T20:30:49.975+0000] {processor.py:161} INFO - Started process (PID=952) to work on /opt/airflow/dags/dag3_postgres_to_parquet.py
[2026-01-08T20:30:49.976+0000] {processor.py:830} INFO - Processing file /opt/airflow/dags/dag3_postgres_to_parquet.py for tasks to queue
[2026-01-08T20:30:49.978+0000] {logging_mixin.py:188} INFO - [2026-01-08T20:30:49.977+0000] {dagbag.py:538} INFO - Filling up the DagBag from /opt/airflow/dags/dag3_postgres_to_parquet.py
[2026-01-08T20:30:50.725+0000] {processor.py:840} INFO - DAG(s) 'postgres_to_parquet_export' retrieved from /opt/airflow/dags/dag3_postgres_to_parquet.py
[2026-01-08T20:30:50.760+0000] {logging_mixin.py:188} INFO - [2026-01-08T20:30:50.759+0000] {dag.py:3036} INFO - Sync 1 DAGs
[2026-01-08T20:30:50.794+0000] {logging_mixin.py:188} INFO - [2026-01-08T20:30:50.794+0000] {dag.py:3823} INFO - Setting next_dagrun for postgres_to_parquet_export to 2026-01-04 00:00:00+00:00, run_after=2026-01-11 00:00:00+00:00
[2026-01-08T20:30:50.824+0000] {processor.py:183} INFO - Processing /opt/airflow/dags/dag3_postgres_to_parquet.py took 0.853 seconds
[2026-01-08T20:31:21.562+0000] {processor.py:161} INFO - Started process (PID=980) to work on /opt/airflow/dags/dag3_postgres_to_parquet.py
[2026-01-08T20:31:21.564+0000] {processor.py:830} INFO - Processing file /opt/airflow/dags/dag3_postgres_to_parquet.py for tasks to queue
[2026-01-08T20:31:21.566+0000] {logging_mixin.py:188} INFO - [2026-01-08T20:31:21.566+0000] {dagbag.py:538} INFO - Filling up the DagBag from /opt/airflow/dags/dag3_postgres_to_parquet.py
[2026-01-08T20:31:22.136+0000] {processor.py:840} INFO - DAG(s) 'postgres_to_parquet_export' retrieved from /opt/airflow/dags/dag3_postgres_to_parquet.py
[2026-01-08T20:31:22.163+0000] {logging_mixin.py:188} INFO - [2026-01-08T20:31:22.163+0000] {dag.py:3036} INFO - Sync 1 DAGs
[2026-01-08T20:31:22.190+0000] {logging_mixin.py:188} INFO - [2026-01-08T20:31:22.189+0000] {dag.py:3823} INFO - Setting next_dagrun for postgres_to_parquet_export to 2026-01-04 00:00:00+00:00, run_after=2026-01-11 00:00:00+00:00
[2026-01-08T20:31:22.216+0000] {processor.py:183} INFO - Processing /opt/airflow/dags/dag3_postgres_to_parquet.py took 0.660 seconds
[2026-01-08T20:31:52.426+0000] {processor.py:161} INFO - Started process (PID=1008) to work on /opt/airflow/dags/dag3_postgres_to_parquet.py
[2026-01-08T20:31:52.428+0000] {processor.py:830} INFO - Processing file /opt/airflow/dags/dag3_postgres_to_parquet.py for tasks to queue
[2026-01-08T20:31:52.429+0000] {logging_mixin.py:188} INFO - [2026-01-08T20:31:52.429+0000] {dagbag.py:538} INFO - Filling up the DagBag from /opt/airflow/dags/dag3_postgres_to_parquet.py
[2026-01-08T20:31:52.962+0000] {processor.py:840} INFO - DAG(s) 'postgres_to_parquet_export' retrieved from /opt/airflow/dags/dag3_postgres_to_parquet.py
[2026-01-08T20:31:52.990+0000] {logging_mixin.py:188} INFO - [2026-01-08T20:31:52.988+0000] {dag.py:3036} INFO - Sync 1 DAGs
[2026-01-08T20:31:53.017+0000] {logging_mixin.py:188} INFO - [2026-01-08T20:31:53.016+0000] {dag.py:3823} INFO - Setting next_dagrun for postgres_to_parquet_export to 2026-01-04 00:00:00+00:00, run_after=2026-01-11 00:00:00+00:00
[2026-01-08T20:31:53.046+0000] {processor.py:183} INFO - Processing /opt/airflow/dags/dag3_postgres_to_parquet.py took 0.624 seconds
[2026-01-08T20:32:23.860+0000] {processor.py:161} INFO - Started process (PID=1042) to work on /opt/airflow/dags/dag3_postgres_to_parquet.py
[2026-01-08T20:32:23.863+0000] {processor.py:830} INFO - Processing file /opt/airflow/dags/dag3_postgres_to_parquet.py for tasks to queue
[2026-01-08T20:32:23.865+0000] {logging_mixin.py:188} INFO - [2026-01-08T20:32:23.864+0000] {dagbag.py:538} INFO - Filling up the DagBag from /opt/airflow/dags/dag3_postgres_to_parquet.py
[2026-01-08T20:32:24.573+0000] {processor.py:840} INFO - DAG(s) 'postgres_to_parquet_export' retrieved from /opt/airflow/dags/dag3_postgres_to_parquet.py
[2026-01-08T20:32:24.605+0000] {logging_mixin.py:188} INFO - [2026-01-08T20:32:24.604+0000] {dag.py:3036} INFO - Sync 1 DAGs
[2026-01-08T20:32:24.636+0000] {logging_mixin.py:188} INFO - [2026-01-08T20:32:24.635+0000] {dag.py:3823} INFO - Setting next_dagrun for postgres_to_parquet_export to 2026-01-04 00:00:00+00:00, run_after=2026-01-11 00:00:00+00:00
[2026-01-08T20:32:24.663+0000] {processor.py:183} INFO - Processing /opt/airflow/dags/dag3_postgres_to_parquet.py took 0.809 seconds
[2026-01-08T20:32:54.928+0000] {processor.py:161} INFO - Started process (PID=1070) to work on /opt/airflow/dags/dag3_postgres_to_parquet.py
[2026-01-08T20:32:54.930+0000] {processor.py:830} INFO - Processing file /opt/airflow/dags/dag3_postgres_to_parquet.py for tasks to queue
[2026-01-08T20:32:54.932+0000] {logging_mixin.py:188} INFO - [2026-01-08T20:32:54.931+0000] {dagbag.py:538} INFO - Filling up the DagBag from /opt/airflow/dags/dag3_postgres_to_parquet.py
[2026-01-08T20:32:55.523+0000] {processor.py:840} INFO - DAG(s) 'postgres_to_parquet_export' retrieved from /opt/airflow/dags/dag3_postgres_to_parquet.py
[2026-01-08T20:32:55.560+0000] {logging_mixin.py:188} INFO - [2026-01-08T20:32:55.559+0000] {dag.py:3036} INFO - Sync 1 DAGs
[2026-01-08T20:32:55.589+0000] {logging_mixin.py:188} INFO - [2026-01-08T20:32:55.589+0000] {dag.py:3823} INFO - Setting next_dagrun for postgres_to_parquet_export to 2026-01-04 00:00:00+00:00, run_after=2026-01-11 00:00:00+00:00
[2026-01-08T20:32:55.609+0000] {processor.py:183} INFO - Processing /opt/airflow/dags/dag3_postgres_to_parquet.py took 0.685 seconds
[2026-01-08T20:33:25.805+0000] {processor.py:161} INFO - Started process (PID=1098) to work on /opt/airflow/dags/dag3_postgres_to_parquet.py
[2026-01-08T20:33:25.807+0000] {processor.py:830} INFO - Processing file /opt/airflow/dags/dag3_postgres_to_parquet.py for tasks to queue
[2026-01-08T20:33:25.808+0000] {logging_mixin.py:188} INFO - [2026-01-08T20:33:25.808+0000] {dagbag.py:538} INFO - Filling up the DagBag from /opt/airflow/dags/dag3_postgres_to_parquet.py
[2026-01-08T20:33:26.722+0000] {processor.py:840} INFO - DAG(s) 'postgres_to_parquet_export' retrieved from /opt/airflow/dags/dag3_postgres_to_parquet.py
[2026-01-08T20:33:26.786+0000] {logging_mixin.py:188} INFO - [2026-01-08T20:33:26.784+0000] {dag.py:3036} INFO - Sync 1 DAGs
[2026-01-08T20:33:26.856+0000] {logging_mixin.py:188} INFO - [2026-01-08T20:33:26.856+0000] {dag.py:3823} INFO - Setting next_dagrun for postgres_to_parquet_export to 2026-01-04 00:00:00+00:00, run_after=2026-01-11 00:00:00+00:00
[2026-01-08T20:33:26.888+0000] {processor.py:183} INFO - Processing /opt/airflow/dags/dag3_postgres_to_parquet.py took 1.087 seconds
[2026-01-08T20:33:57.544+0000] {processor.py:161} INFO - Started process (PID=1126) to work on /opt/airflow/dags/dag3_postgres_to_parquet.py
[2026-01-08T20:33:57.546+0000] {processor.py:830} INFO - Processing file /opt/airflow/dags/dag3_postgres_to_parquet.py for tasks to queue
[2026-01-08T20:33:57.549+0000] {logging_mixin.py:188} INFO - [2026-01-08T20:33:57.548+0000] {dagbag.py:538} INFO - Filling up the DagBag from /opt/airflow/dags/dag3_postgres_to_parquet.py
[2026-01-08T20:33:58.069+0000] {processor.py:840} INFO - DAG(s) 'postgres_to_parquet_export' retrieved from /opt/airflow/dags/dag3_postgres_to_parquet.py
[2026-01-08T20:33:58.091+0000] {logging_mixin.py:188} INFO - [2026-01-08T20:33:58.091+0000] {dag.py:3036} INFO - Sync 1 DAGs
[2026-01-08T20:33:58.116+0000] {logging_mixin.py:188} INFO - [2026-01-08T20:33:58.116+0000] {dag.py:3823} INFO - Setting next_dagrun for postgres_to_parquet_export to 2026-01-04 00:00:00+00:00, run_after=2026-01-11 00:00:00+00:00
[2026-01-08T20:33:58.136+0000] {processor.py:183} INFO - Processing /opt/airflow/dags/dag3_postgres_to_parquet.py took 0.597 seconds
[2026-01-08T20:34:28.325+0000] {processor.py:161} INFO - Started process (PID=1148) to work on /opt/airflow/dags/dag3_postgres_to_parquet.py
[2026-01-08T20:34:28.327+0000] {processor.py:830} INFO - Processing file /opt/airflow/dags/dag3_postgres_to_parquet.py for tasks to queue
[2026-01-08T20:34:28.329+0000] {logging_mixin.py:188} INFO - [2026-01-08T20:34:28.329+0000] {dagbag.py:538} INFO - Filling up the DagBag from /opt/airflow/dags/dag3_postgres_to_parquet.py
[2026-01-08T20:34:29.117+0000] {processor.py:840} INFO - DAG(s) 'postgres_to_parquet_export' retrieved from /opt/airflow/dags/dag3_postgres_to_parquet.py
[2026-01-08T20:34:29.152+0000] {logging_mixin.py:188} INFO - [2026-01-08T20:34:29.150+0000] {dag.py:3036} INFO - Sync 1 DAGs
[2026-01-08T20:34:29.178+0000] {logging_mixin.py:188} INFO - [2026-01-08T20:34:29.177+0000] {dag.py:3823} INFO - Setting next_dagrun for postgres_to_parquet_export to 2026-01-04 00:00:00+00:00, run_after=2026-01-11 00:00:00+00:00
[2026-01-08T20:34:29.205+0000] {processor.py:183} INFO - Processing /opt/airflow/dags/dag3_postgres_to_parquet.py took 0.887 seconds
[2026-01-08T20:34:59.653+0000] {processor.py:161} INFO - Started process (PID=1176) to work on /opt/airflow/dags/dag3_postgres_to_parquet.py
[2026-01-08T20:34:59.654+0000] {processor.py:830} INFO - Processing file /opt/airflow/dags/dag3_postgres_to_parquet.py for tasks to queue
[2026-01-08T20:34:59.656+0000] {logging_mixin.py:188} INFO - [2026-01-08T20:34:59.655+0000] {dagbag.py:538} INFO - Filling up the DagBag from /opt/airflow/dags/dag3_postgres_to_parquet.py
[2026-01-08T20:35:00.219+0000] {processor.py:840} INFO - DAG(s) 'postgres_to_parquet_export' retrieved from /opt/airflow/dags/dag3_postgres_to_parquet.py
[2026-01-08T20:35:00.264+0000] {logging_mixin.py:188} INFO - [2026-01-08T20:35:00.263+0000] {dag.py:3036} INFO - Sync 1 DAGs
[2026-01-08T20:35:00.295+0000] {logging_mixin.py:188} INFO - [2026-01-08T20:35:00.295+0000] {dag.py:3823} INFO - Setting next_dagrun for postgres_to_parquet_export to 2026-01-04 00:00:00+00:00, run_after=2026-01-11 00:00:00+00:00
[2026-01-08T20:35:00.314+0000] {processor.py:183} INFO - Processing /opt/airflow/dags/dag3_postgres_to_parquet.py took 0.666 seconds
[2026-01-08T20:35:30.522+0000] {processor.py:161} INFO - Started process (PID=1204) to work on /opt/airflow/dags/dag3_postgres_to_parquet.py
[2026-01-08T20:35:30.524+0000] {processor.py:830} INFO - Processing file /opt/airflow/dags/dag3_postgres_to_parquet.py for tasks to queue
[2026-01-08T20:35:30.526+0000] {logging_mixin.py:188} INFO - [2026-01-08T20:35:30.525+0000] {dagbag.py:538} INFO - Filling up the DagBag from /opt/airflow/dags/dag3_postgres_to_parquet.py
[2026-01-08T20:35:31.110+0000] {processor.py:840} INFO - DAG(s) 'postgres_to_parquet_export' retrieved from /opt/airflow/dags/dag3_postgres_to_parquet.py
[2026-01-08T20:35:31.155+0000] {logging_mixin.py:188} INFO - [2026-01-08T20:35:31.153+0000] {dag.py:3036} INFO - Sync 1 DAGs
[2026-01-08T20:35:31.212+0000] {logging_mixin.py:188} INFO - [2026-01-08T20:35:31.212+0000] {dag.py:3823} INFO - Setting next_dagrun for postgres_to_parquet_export to 2026-01-04 00:00:00+00:00, run_after=2026-01-11 00:00:00+00:00
[2026-01-08T20:35:31.246+0000] {processor.py:183} INFO - Processing /opt/airflow/dags/dag3_postgres_to_parquet.py took 0.731 seconds
[2026-01-08T20:36:01.706+0000] {processor.py:161} INFO - Started process (PID=1232) to work on /opt/airflow/dags/dag3_postgres_to_parquet.py
[2026-01-08T20:36:01.708+0000] {processor.py:830} INFO - Processing file /opt/airflow/dags/dag3_postgres_to_parquet.py for tasks to queue
[2026-01-08T20:36:01.709+0000] {logging_mixin.py:188} INFO - [2026-01-08T20:36:01.709+0000] {dagbag.py:538} INFO - Filling up the DagBag from /opt/airflow/dags/dag3_postgres_to_parquet.py
[2026-01-08T20:36:02.283+0000] {processor.py:840} INFO - DAG(s) 'postgres_to_parquet_export' retrieved from /opt/airflow/dags/dag3_postgres_to_parquet.py
[2026-01-08T20:36:02.316+0000] {logging_mixin.py:188} INFO - [2026-01-08T20:36:02.315+0000] {dag.py:3036} INFO - Sync 1 DAGs
[2026-01-08T20:36:02.342+0000] {logging_mixin.py:188} INFO - [2026-01-08T20:36:02.342+0000] {dag.py:3823} INFO - Setting next_dagrun for postgres_to_parquet_export to 2026-01-04 00:00:00+00:00, run_after=2026-01-11 00:00:00+00:00
[2026-01-08T20:36:02.363+0000] {processor.py:183} INFO - Processing /opt/airflow/dags/dag3_postgres_to_parquet.py took 0.662 seconds
[2026-01-08T20:36:33.002+0000] {processor.py:161} INFO - Started process (PID=1260) to work on /opt/airflow/dags/dag3_postgres_to_parquet.py
[2026-01-08T20:36:33.005+0000] {processor.py:830} INFO - Processing file /opt/airflow/dags/dag3_postgres_to_parquet.py for tasks to queue
[2026-01-08T20:36:33.006+0000] {logging_mixin.py:188} INFO - [2026-01-08T20:36:33.006+0000] {dagbag.py:538} INFO - Filling up the DagBag from /opt/airflow/dags/dag3_postgres_to_parquet.py
[2026-01-08T20:36:33.646+0000] {processor.py:840} INFO - DAG(s) 'postgres_to_parquet_export' retrieved from /opt/airflow/dags/dag3_postgres_to_parquet.py
[2026-01-08T20:36:33.677+0000] {logging_mixin.py:188} INFO - [2026-01-08T20:36:33.676+0000] {dag.py:3036} INFO - Sync 1 DAGs
[2026-01-08T20:36:33.701+0000] {logging_mixin.py:188} INFO - [2026-01-08T20:36:33.701+0000] {dag.py:3823} INFO - Setting next_dagrun for postgres_to_parquet_export to 2026-01-04 00:00:00+00:00, run_after=2026-01-11 00:00:00+00:00
[2026-01-08T20:36:33.779+0000] {processor.py:183} INFO - Processing /opt/airflow/dags/dag3_postgres_to_parquet.py took 0.783 seconds
[2026-01-08T20:37:04.003+0000] {processor.py:161} INFO - Started process (PID=1288) to work on /opt/airflow/dags/dag3_postgres_to_parquet.py
[2026-01-08T20:37:04.005+0000] {processor.py:830} INFO - Processing file /opt/airflow/dags/dag3_postgres_to_parquet.py for tasks to queue
[2026-01-08T20:37:04.007+0000] {logging_mixin.py:188} INFO - [2026-01-08T20:37:04.007+0000] {dagbag.py:538} INFO - Filling up the DagBag from /opt/airflow/dags/dag3_postgres_to_parquet.py
[2026-01-08T20:37:04.683+0000] {processor.py:840} INFO - DAG(s) 'postgres_to_parquet_export' retrieved from /opt/airflow/dags/dag3_postgres_to_parquet.py
[2026-01-08T20:37:04.707+0000] {logging_mixin.py:188} INFO - [2026-01-08T20:37:04.707+0000] {dag.py:3036} INFO - Sync 1 DAGs
[2026-01-08T20:37:04.732+0000] {logging_mixin.py:188} INFO - [2026-01-08T20:37:04.732+0000] {dag.py:3823} INFO - Setting next_dagrun for postgres_to_parquet_export to 2026-01-04 00:00:00+00:00, run_after=2026-01-11 00:00:00+00:00
[2026-01-08T20:37:04.802+0000] {processor.py:183} INFO - Processing /opt/airflow/dags/dag3_postgres_to_parquet.py took 0.804 seconds
[2026-01-08T20:37:35.422+0000] {processor.py:161} INFO - Started process (PID=1316) to work on /opt/airflow/dags/dag3_postgres_to_parquet.py
[2026-01-08T20:37:35.423+0000] {processor.py:830} INFO - Processing file /opt/airflow/dags/dag3_postgres_to_parquet.py for tasks to queue
[2026-01-08T20:37:35.425+0000] {logging_mixin.py:188} INFO - [2026-01-08T20:37:35.425+0000] {dagbag.py:538} INFO - Filling up the DagBag from /opt/airflow/dags/dag3_postgres_to_parquet.py
[2026-01-08T20:37:36.023+0000] {processor.py:840} INFO - DAG(s) 'postgres_to_parquet_export' retrieved from /opt/airflow/dags/dag3_postgres_to_parquet.py
[2026-01-08T20:37:36.051+0000] {logging_mixin.py:188} INFO - [2026-01-08T20:37:36.050+0000] {dag.py:3036} INFO - Sync 1 DAGs
[2026-01-08T20:37:36.074+0000] {logging_mixin.py:188} INFO - [2026-01-08T20:37:36.074+0000] {dag.py:3823} INFO - Setting next_dagrun for postgres_to_parquet_export to 2026-01-04 00:00:00+00:00, run_after=2026-01-11 00:00:00+00:00
[2026-01-08T20:37:36.103+0000] {processor.py:183} INFO - Processing /opt/airflow/dags/dag3_postgres_to_parquet.py took 0.687 seconds
[2026-01-08T20:38:06.223+0000] {processor.py:161} INFO - Started process (PID=1344) to work on /opt/airflow/dags/dag3_postgres_to_parquet.py
[2026-01-08T20:38:06.225+0000] {processor.py:830} INFO - Processing file /opt/airflow/dags/dag3_postgres_to_parquet.py for tasks to queue
[2026-01-08T20:38:06.227+0000] {logging_mixin.py:188} INFO - [2026-01-08T20:38:06.227+0000] {dagbag.py:538} INFO - Filling up the DagBag from /opt/airflow/dags/dag3_postgres_to_parquet.py
[2026-01-08T20:38:06.915+0000] {processor.py:840} INFO - DAG(s) 'postgres_to_parquet_export' retrieved from /opt/airflow/dags/dag3_postgres_to_parquet.py
[2026-01-08T20:38:06.942+0000] {logging_mixin.py:188} INFO - [2026-01-08T20:38:06.941+0000] {dag.py:3036} INFO - Sync 1 DAGs
[2026-01-08T20:38:06.966+0000] {logging_mixin.py:188} INFO - [2026-01-08T20:38:06.966+0000] {dag.py:3823} INFO - Setting next_dagrun for postgres_to_parquet_export to 2026-01-04 00:00:00+00:00, run_after=2026-01-11 00:00:00+00:00
[2026-01-08T20:38:06.994+0000] {processor.py:183} INFO - Processing /opt/airflow/dags/dag3_postgres_to_parquet.py took 0.778 seconds
[2026-01-08T20:38:37.529+0000] {processor.py:161} INFO - Started process (PID=1372) to work on /opt/airflow/dags/dag3_postgres_to_parquet.py
[2026-01-08T20:38:37.531+0000] {processor.py:830} INFO - Processing file /opt/airflow/dags/dag3_postgres_to_parquet.py for tasks to queue
[2026-01-08T20:38:37.533+0000] {logging_mixin.py:188} INFO - [2026-01-08T20:38:37.532+0000] {dagbag.py:538} INFO - Filling up the DagBag from /opt/airflow/dags/dag3_postgres_to_parquet.py
[2026-01-08T20:38:38.190+0000] {processor.py:840} INFO - DAG(s) 'postgres_to_parquet_export' retrieved from /opt/airflow/dags/dag3_postgres_to_parquet.py
[2026-01-08T20:38:38.220+0000] {logging_mixin.py:188} INFO - [2026-01-08T20:38:38.218+0000] {dag.py:3036} INFO - Sync 1 DAGs
[2026-01-08T20:38:38.245+0000] {logging_mixin.py:188} INFO - [2026-01-08T20:38:38.244+0000] {dag.py:3823} INFO - Setting next_dagrun for postgres_to_parquet_export to 2026-01-04 00:00:00+00:00, run_after=2026-01-11 00:00:00+00:00
[2026-01-08T20:38:38.273+0000] {processor.py:183} INFO - Processing /opt/airflow/dags/dag3_postgres_to_parquet.py took 0.752 seconds
[2026-01-08T20:39:08.370+0000] {processor.py:161} INFO - Started process (PID=1400) to work on /opt/airflow/dags/dag3_postgres_to_parquet.py
[2026-01-08T20:39:08.372+0000] {processor.py:830} INFO - Processing file /opt/airflow/dags/dag3_postgres_to_parquet.py for tasks to queue
[2026-01-08T20:39:08.374+0000] {logging_mixin.py:188} INFO - [2026-01-08T20:39:08.373+0000] {dagbag.py:538} INFO - Filling up the DagBag from /opt/airflow/dags/dag3_postgres_to_parquet.py
[2026-01-08T20:39:08.985+0000] {processor.py:840} INFO - DAG(s) 'postgres_to_parquet_export' retrieved from /opt/airflow/dags/dag3_postgres_to_parquet.py
[2026-01-08T20:39:09.013+0000] {logging_mixin.py:188} INFO - [2026-01-08T20:39:09.012+0000] {dag.py:3036} INFO - Sync 1 DAGs
[2026-01-08T20:39:09.039+0000] {logging_mixin.py:188} INFO - [2026-01-08T20:39:09.039+0000] {dag.py:3823} INFO - Setting next_dagrun for postgres_to_parquet_export to 2026-01-04 00:00:00+00:00, run_after=2026-01-11 00:00:00+00:00
[2026-01-08T20:39:09.091+0000] {processor.py:183} INFO - Processing /opt/airflow/dags/dag3_postgres_to_parquet.py took 0.726 seconds
[2026-01-08T20:39:39.872+0000] {processor.py:161} INFO - Started process (PID=1428) to work on /opt/airflow/dags/dag3_postgres_to_parquet.py
[2026-01-08T20:39:39.873+0000] {processor.py:830} INFO - Processing file /opt/airflow/dags/dag3_postgres_to_parquet.py for tasks to queue
[2026-01-08T20:39:39.874+0000] {logging_mixin.py:188} INFO - [2026-01-08T20:39:39.874+0000] {dagbag.py:538} INFO - Filling up the DagBag from /opt/airflow/dags/dag3_postgres_to_parquet.py
[2026-01-08T20:39:40.436+0000] {processor.py:840} INFO - DAG(s) 'postgres_to_parquet_export' retrieved from /opt/airflow/dags/dag3_postgres_to_parquet.py
[2026-01-08T20:39:40.465+0000] {logging_mixin.py:188} INFO - [2026-01-08T20:39:40.464+0000] {dag.py:3036} INFO - Sync 1 DAGs
[2026-01-08T20:39:40.489+0000] {logging_mixin.py:188} INFO - [2026-01-08T20:39:40.489+0000] {dag.py:3823} INFO - Setting next_dagrun for postgres_to_parquet_export to 2026-01-04 00:00:00+00:00, run_after=2026-01-11 00:00:00+00:00
[2026-01-08T20:39:40.574+0000] {processor.py:183} INFO - Processing /opt/airflow/dags/dag3_postgres_to_parquet.py took 0.707 seconds
[2026-01-08T20:40:10.677+0000] {processor.py:161} INFO - Started process (PID=1456) to work on /opt/airflow/dags/dag3_postgres_to_parquet.py
[2026-01-08T20:40:10.679+0000] {processor.py:830} INFO - Processing file /opt/airflow/dags/dag3_postgres_to_parquet.py for tasks to queue
[2026-01-08T20:40:10.681+0000] {logging_mixin.py:188} INFO - [2026-01-08T20:40:10.680+0000] {dagbag.py:538} INFO - Filling up the DagBag from /opt/airflow/dags/dag3_postgres_to_parquet.py
[2026-01-08T20:40:11.353+0000] {processor.py:840} INFO - DAG(s) 'postgres_to_parquet_export' retrieved from /opt/airflow/dags/dag3_postgres_to_parquet.py
[2026-01-08T20:40:11.389+0000] {logging_mixin.py:188} INFO - [2026-01-08T20:40:11.388+0000] {dag.py:3036} INFO - Sync 1 DAGs
[2026-01-08T20:40:11.412+0000] {logging_mixin.py:188} INFO - [2026-01-08T20:40:11.412+0000] {dag.py:3823} INFO - Setting next_dagrun for postgres_to_parquet_export to 2026-01-04 00:00:00+00:00, run_after=2026-01-11 00:00:00+00:00
[2026-01-08T20:40:11.508+0000] {processor.py:183} INFO - Processing /opt/airflow/dags/dag3_postgres_to_parquet.py took 0.838 seconds
[2026-01-08T20:40:41.773+0000] {processor.py:161} INFO - Started process (PID=1484) to work on /opt/airflow/dags/dag3_postgres_to_parquet.py
[2026-01-08T20:40:41.775+0000] {processor.py:830} INFO - Processing file /opt/airflow/dags/dag3_postgres_to_parquet.py for tasks to queue
[2026-01-08T20:40:41.776+0000] {logging_mixin.py:188} INFO - [2026-01-08T20:40:41.776+0000] {dagbag.py:538} INFO - Filling up the DagBag from /opt/airflow/dags/dag3_postgres_to_parquet.py
[2026-01-08T20:40:42.327+0000] {processor.py:840} INFO - DAG(s) 'postgres_to_parquet_export' retrieved from /opt/airflow/dags/dag3_postgres_to_parquet.py
[2026-01-08T20:40:42.355+0000] {logging_mixin.py:188} INFO - [2026-01-08T20:40:42.354+0000] {dag.py:3036} INFO - Sync 1 DAGs
[2026-01-08T20:40:42.378+0000] {logging_mixin.py:188} INFO - [2026-01-08T20:40:42.378+0000] {dag.py:3823} INFO - Setting next_dagrun for postgres_to_parquet_export to 2026-01-04 00:00:00+00:00, run_after=2026-01-11 00:00:00+00:00
[2026-01-08T20:40:42.400+0000] {processor.py:183} INFO - Processing /opt/airflow/dags/dag3_postgres_to_parquet.py took 0.632 seconds
[2026-01-08T20:41:12.730+0000] {processor.py:161} INFO - Started process (PID=1512) to work on /opt/airflow/dags/dag3_postgres_to_parquet.py
[2026-01-08T20:41:12.732+0000] {processor.py:830} INFO - Processing file /opt/airflow/dags/dag3_postgres_to_parquet.py for tasks to queue
[2026-01-08T20:41:12.734+0000] {logging_mixin.py:188} INFO - [2026-01-08T20:41:12.733+0000] {dagbag.py:538} INFO - Filling up the DagBag from /opt/airflow/dags/dag3_postgres_to_parquet.py
[2026-01-08T20:41:13.297+0000] {processor.py:840} INFO - DAG(s) 'postgres_to_parquet_export' retrieved from /opt/airflow/dags/dag3_postgres_to_parquet.py
[2026-01-08T20:41:13.325+0000] {logging_mixin.py:188} INFO - [2026-01-08T20:41:13.324+0000] {dag.py:3036} INFO - Sync 1 DAGs
[2026-01-08T20:41:13.370+0000] {logging_mixin.py:188} INFO - [2026-01-08T20:41:13.370+0000] {dag.py:3823} INFO - Setting next_dagrun for postgres_to_parquet_export to 2026-01-04 00:00:00+00:00, run_after=2026-01-11 00:00:00+00:00
[2026-01-08T20:41:13.394+0000] {processor.py:183} INFO - Processing /opt/airflow/dags/dag3_postgres_to_parquet.py took 0.669 seconds
[2026-01-08T20:41:43.507+0000] {processor.py:161} INFO - Started process (PID=1540) to work on /opt/airflow/dags/dag3_postgres_to_parquet.py
[2026-01-08T20:41:43.508+0000] {processor.py:830} INFO - Processing file /opt/airflow/dags/dag3_postgres_to_parquet.py for tasks to queue
[2026-01-08T20:41:43.509+0000] {logging_mixin.py:188} INFO - [2026-01-08T20:41:43.509+0000] {dagbag.py:538} INFO - Filling up the DagBag from /opt/airflow/dags/dag3_postgres_to_parquet.py
[2026-01-08T20:41:44.143+0000] {processor.py:840} INFO - DAG(s) 'postgres_to_parquet_export' retrieved from /opt/airflow/dags/dag3_postgres_to_parquet.py
[2026-01-08T20:41:44.186+0000] {logging_mixin.py:188} INFO - [2026-01-08T20:41:44.185+0000] {dag.py:3036} INFO - Sync 1 DAGs
[2026-01-08T20:41:44.215+0000] {logging_mixin.py:188} INFO - [2026-01-08T20:41:44.215+0000] {dag.py:3823} INFO - Setting next_dagrun for postgres_to_parquet_export to 2026-01-04 00:00:00+00:00, run_after=2026-01-11 00:00:00+00:00
[2026-01-08T20:41:44.239+0000] {processor.py:183} INFO - Processing /opt/airflow/dags/dag3_postgres_to_parquet.py took 0.737 seconds
[2026-01-08T20:42:14.953+0000] {processor.py:161} INFO - Started process (PID=1568) to work on /opt/airflow/dags/dag3_postgres_to_parquet.py
[2026-01-08T20:42:14.956+0000] {processor.py:830} INFO - Processing file /opt/airflow/dags/dag3_postgres_to_parquet.py for tasks to queue
[2026-01-08T20:42:14.958+0000] {logging_mixin.py:188} INFO - [2026-01-08T20:42:14.957+0000] {dagbag.py:538} INFO - Filling up the DagBag from /opt/airflow/dags/dag3_postgres_to_parquet.py
[2026-01-08T20:42:15.595+0000] {processor.py:840} INFO - DAG(s) 'postgres_to_parquet_export' retrieved from /opt/airflow/dags/dag3_postgres_to_parquet.py
[2026-01-08T20:42:15.624+0000] {logging_mixin.py:188} INFO - [2026-01-08T20:42:15.623+0000] {dag.py:3036} INFO - Sync 1 DAGs
[2026-01-08T20:42:15.650+0000] {logging_mixin.py:188} INFO - [2026-01-08T20:42:15.649+0000] {dag.py:3823} INFO - Setting next_dagrun for postgres_to_parquet_export to 2026-01-04 00:00:00+00:00, run_after=2026-01-11 00:00:00+00:00
[2026-01-08T20:42:15.678+0000] {processor.py:183} INFO - Processing /opt/airflow/dags/dag3_postgres_to_parquet.py took 0.736 seconds
[2026-01-08T20:42:45.866+0000] {processor.py:161} INFO - Started process (PID=1596) to work on /opt/airflow/dags/dag3_postgres_to_parquet.py
[2026-01-08T20:42:45.868+0000] {processor.py:830} INFO - Processing file /opt/airflow/dags/dag3_postgres_to_parquet.py for tasks to queue
[2026-01-08T20:42:45.870+0000] {logging_mixin.py:188} INFO - [2026-01-08T20:42:45.869+0000] {dagbag.py:538} INFO - Filling up the DagBag from /opt/airflow/dags/dag3_postgres_to_parquet.py
[2026-01-08T20:42:46.475+0000] {processor.py:840} INFO - DAG(s) 'postgres_to_parquet_export' retrieved from /opt/airflow/dags/dag3_postgres_to_parquet.py
[2026-01-08T20:42:46.504+0000] {logging_mixin.py:188} INFO - [2026-01-08T20:42:46.503+0000] {dag.py:3036} INFO - Sync 1 DAGs
[2026-01-08T20:42:46.528+0000] {logging_mixin.py:188} INFO - [2026-01-08T20:42:46.527+0000] {dag.py:3823} INFO - Setting next_dagrun for postgres_to_parquet_export to 2026-01-04 00:00:00+00:00, run_after=2026-01-11 00:00:00+00:00
[2026-01-08T20:42:46.549+0000] {processor.py:183} INFO - Processing /opt/airflow/dags/dag3_postgres_to_parquet.py took 0.690 seconds
[2026-01-08T20:43:16.678+0000] {processor.py:161} INFO - Started process (PID=1624) to work on /opt/airflow/dags/dag3_postgres_to_parquet.py
[2026-01-08T20:43:16.680+0000] {processor.py:830} INFO - Processing file /opt/airflow/dags/dag3_postgres_to_parquet.py for tasks to queue
[2026-01-08T20:43:16.682+0000] {logging_mixin.py:188} INFO - [2026-01-08T20:43:16.681+0000] {dagbag.py:538} INFO - Filling up the DagBag from /opt/airflow/dags/dag3_postgres_to_parquet.py
[2026-01-08T20:43:17.372+0000] {processor.py:840} INFO - DAG(s) 'postgres_to_parquet_export' retrieved from /opt/airflow/dags/dag3_postgres_to_parquet.py
[2026-01-08T20:43:17.402+0000] {logging_mixin.py:188} INFO - [2026-01-08T20:43:17.401+0000] {dag.py:3036} INFO - Sync 1 DAGs
[2026-01-08T20:43:17.431+0000] {logging_mixin.py:188} INFO - [2026-01-08T20:43:17.431+0000] {dag.py:3823} INFO - Setting next_dagrun for postgres_to_parquet_export to 2026-01-04 00:00:00+00:00, run_after=2026-01-11 00:00:00+00:00
[2026-01-08T20:43:17.521+0000] {processor.py:183} INFO - Processing /opt/airflow/dags/dag3_postgres_to_parquet.py took 0.849 seconds
[2026-01-08T20:43:48.159+0000] {processor.py:161} INFO - Started process (PID=1652) to work on /opt/airflow/dags/dag3_postgres_to_parquet.py
[2026-01-08T20:43:48.161+0000] {processor.py:830} INFO - Processing file /opt/airflow/dags/dag3_postgres_to_parquet.py for tasks to queue
[2026-01-08T20:43:48.162+0000] {logging_mixin.py:188} INFO - [2026-01-08T20:43:48.162+0000] {dagbag.py:538} INFO - Filling up the DagBag from /opt/airflow/dags/dag3_postgres_to_parquet.py
[2026-01-08T20:43:48.751+0000] {processor.py:840} INFO - DAG(s) 'postgres_to_parquet_export' retrieved from /opt/airflow/dags/dag3_postgres_to_parquet.py
[2026-01-08T20:43:48.778+0000] {logging_mixin.py:188} INFO - [2026-01-08T20:43:48.777+0000] {dag.py:3036} INFO - Sync 1 DAGs
[2026-01-08T20:43:48.803+0000] {logging_mixin.py:188} INFO - [2026-01-08T20:43:48.803+0000] {dag.py:3823} INFO - Setting next_dagrun for postgres_to_parquet_export to 2026-01-04 00:00:00+00:00, run_after=2026-01-11 00:00:00+00:00
[2026-01-08T20:43:48.826+0000] {processor.py:183} INFO - Processing /opt/airflow/dags/dag3_postgres_to_parquet.py took 0.673 seconds
[2026-01-08T20:44:19.149+0000] {processor.py:161} INFO - Started process (PID=1680) to work on /opt/airflow/dags/dag3_postgres_to_parquet.py
[2026-01-08T20:44:19.151+0000] {processor.py:830} INFO - Processing file /opt/airflow/dags/dag3_postgres_to_parquet.py for tasks to queue
[2026-01-08T20:44:19.154+0000] {logging_mixin.py:188} INFO - [2026-01-08T20:44:19.153+0000] {dagbag.py:538} INFO - Filling up the DagBag from /opt/airflow/dags/dag3_postgres_to_parquet.py
[2026-01-08T20:44:19.694+0000] {processor.py:840} INFO - DAG(s) 'postgres_to_parquet_export' retrieved from /opt/airflow/dags/dag3_postgres_to_parquet.py
[2026-01-08T20:44:19.722+0000] {logging_mixin.py:188} INFO - [2026-01-08T20:44:19.721+0000] {dag.py:3036} INFO - Sync 1 DAGs
[2026-01-08T20:44:19.749+0000] {logging_mixin.py:188} INFO - [2026-01-08T20:44:19.749+0000] {dag.py:3823} INFO - Setting next_dagrun for postgres_to_parquet_export to 2026-01-04 00:00:00+00:00, run_after=2026-01-11 00:00:00+00:00
[2026-01-08T20:44:19.774+0000] {processor.py:183} INFO - Processing /opt/airflow/dags/dag3_postgres_to_parquet.py took 0.632 seconds
[2026-01-08T20:44:50.043+0000] {processor.py:161} INFO - Started process (PID=1708) to work on /opt/airflow/dags/dag3_postgres_to_parquet.py
[2026-01-08T20:44:50.045+0000] {processor.py:830} INFO - Processing file /opt/airflow/dags/dag3_postgres_to_parquet.py for tasks to queue
[2026-01-08T20:44:50.047+0000] {logging_mixin.py:188} INFO - [2026-01-08T20:44:50.046+0000] {dagbag.py:538} INFO - Filling up the DagBag from /opt/airflow/dags/dag3_postgres_to_parquet.py
[2026-01-08T20:44:50.675+0000] {processor.py:840} INFO - DAG(s) 'postgres_to_parquet_export' retrieved from /opt/airflow/dags/dag3_postgres_to_parquet.py
[2026-01-08T20:44:50.701+0000] {logging_mixin.py:188} INFO - [2026-01-08T20:44:50.700+0000] {dag.py:3036} INFO - Sync 1 DAGs
[2026-01-08T20:44:50.728+0000] {logging_mixin.py:188} INFO - [2026-01-08T20:44:50.728+0000] {dag.py:3823} INFO - Setting next_dagrun for postgres_to_parquet_export to 2026-01-04 00:00:00+00:00, run_after=2026-01-11 00:00:00+00:00
[2026-01-08T20:44:50.750+0000] {processor.py:183} INFO - Processing /opt/airflow/dags/dag3_postgres_to_parquet.py took 0.712 seconds
[2026-01-08T20:45:21.595+0000] {processor.py:161} INFO - Started process (PID=1736) to work on /opt/airflow/dags/dag3_postgres_to_parquet.py
[2026-01-08T20:45:21.597+0000] {processor.py:830} INFO - Processing file /opt/airflow/dags/dag3_postgres_to_parquet.py for tasks to queue
[2026-01-08T20:45:21.598+0000] {logging_mixin.py:188} INFO - [2026-01-08T20:45:21.598+0000] {dagbag.py:538} INFO - Filling up the DagBag from /opt/airflow/dags/dag3_postgres_to_parquet.py
[2026-01-08T20:45:22.168+0000] {processor.py:840} INFO - DAG(s) 'postgres_to_parquet_export' retrieved from /opt/airflow/dags/dag3_postgres_to_parquet.py
[2026-01-08T20:45:22.196+0000] {logging_mixin.py:188} INFO - [2026-01-08T20:45:22.194+0000] {dag.py:3036} INFO - Sync 1 DAGs
[2026-01-08T20:45:22.219+0000] {logging_mixin.py:188} INFO - [2026-01-08T20:45:22.219+0000] {dag.py:3823} INFO - Setting next_dagrun for postgres_to_parquet_export to 2026-01-04 00:00:00+00:00, run_after=2026-01-11 00:00:00+00:00
[2026-01-08T20:45:22.244+0000] {processor.py:183} INFO - Processing /opt/airflow/dags/dag3_postgres_to_parquet.py took 0.654 seconds
[2026-01-08T20:45:52.386+0000] {processor.py:161} INFO - Started process (PID=1764) to work on /opt/airflow/dags/dag3_postgres_to_parquet.py
[2026-01-08T20:45:52.388+0000] {processor.py:830} INFO - Processing file /opt/airflow/dags/dag3_postgres_to_parquet.py for tasks to queue
[2026-01-08T20:45:52.390+0000] {logging_mixin.py:188} INFO - [2026-01-08T20:45:52.390+0000] {dagbag.py:538} INFO - Filling up the DagBag from /opt/airflow/dags/dag3_postgres_to_parquet.py
[2026-01-08T20:45:53.057+0000] {processor.py:840} INFO - DAG(s) 'postgres_to_parquet_export' retrieved from /opt/airflow/dags/dag3_postgres_to_parquet.py
[2026-01-08T20:45:53.117+0000] {logging_mixin.py:188} INFO - [2026-01-08T20:45:53.116+0000] {dag.py:3036} INFO - Sync 1 DAGs
[2026-01-08T20:45:53.172+0000] {logging_mixin.py:188} INFO - [2026-01-08T20:45:53.172+0000] {dag.py:3823} INFO - Setting next_dagrun for postgres_to_parquet_export to 2026-01-04 00:00:00+00:00, run_after=2026-01-11 00:00:00+00:00
[2026-01-08T20:45:53.208+0000] {processor.py:183} INFO - Processing /opt/airflow/dags/dag3_postgres_to_parquet.py took 0.832 seconds
[2026-01-08T20:46:23.978+0000] {processor.py:161} INFO - Started process (PID=1802) to work on /opt/airflow/dags/dag3_postgres_to_parquet.py
[2026-01-08T20:46:23.980+0000] {processor.py:830} INFO - Processing file /opt/airflow/dags/dag3_postgres_to_parquet.py for tasks to queue
[2026-01-08T20:46:23.981+0000] {logging_mixin.py:188} INFO - [2026-01-08T20:46:23.981+0000] {dagbag.py:538} INFO - Filling up the DagBag from /opt/airflow/dags/dag3_postgres_to_parquet.py
[2026-01-08T20:46:24.480+0000] {processor.py:840} INFO - DAG(s) 'postgres_to_parquet_export' retrieved from /opt/airflow/dags/dag3_postgres_to_parquet.py
[2026-01-08T20:46:24.515+0000] {logging_mixin.py:188} INFO - [2026-01-08T20:46:24.514+0000] {dag.py:3036} INFO - Sync 1 DAGs
[2026-01-08T20:46:24.542+0000] {logging_mixin.py:188} INFO - [2026-01-08T20:46:24.542+0000] {dag.py:3823} INFO - Setting next_dagrun for postgres_to_parquet_export to 2026-01-04 00:00:00+00:00, run_after=2026-01-11 00:00:00+00:00
[2026-01-08T20:46:24.568+0000] {processor.py:183} INFO - Processing /opt/airflow/dags/dag3_postgres_to_parquet.py took 0.594 seconds
[2026-01-08T20:46:55.386+0000] {processor.py:161} INFO - Started process (PID=1830) to work on /opt/airflow/dags/dag3_postgres_to_parquet.py
[2026-01-08T20:46:55.387+0000] {processor.py:830} INFO - Processing file /opt/airflow/dags/dag3_postgres_to_parquet.py for tasks to queue
[2026-01-08T20:46:55.389+0000] {logging_mixin.py:188} INFO - [2026-01-08T20:46:55.388+0000] {dagbag.py:538} INFO - Filling up the DagBag from /opt/airflow/dags/dag3_postgres_to_parquet.py
[2026-01-08T20:46:55.956+0000] {processor.py:840} INFO - DAG(s) 'postgres_to_parquet_export' retrieved from /opt/airflow/dags/dag3_postgres_to_parquet.py
[2026-01-08T20:46:55.988+0000] {logging_mixin.py:188} INFO - [2026-01-08T20:46:55.987+0000] {dag.py:3036} INFO - Sync 1 DAGs
[2026-01-08T20:46:56.019+0000] {logging_mixin.py:188} INFO - [2026-01-08T20:46:56.018+0000] {dag.py:3823} INFO - Setting next_dagrun for postgres_to_parquet_export to 2026-01-04 00:00:00+00:00, run_after=2026-01-11 00:00:00+00:00
[2026-01-08T20:46:56.039+0000] {processor.py:183} INFO - Processing /opt/airflow/dags/dag3_postgres_to_parquet.py took 0.658 seconds
[2026-01-08T20:47:26.345+0000] {processor.py:161} INFO - Started process (PID=1858) to work on /opt/airflow/dags/dag3_postgres_to_parquet.py
[2026-01-08T20:47:26.347+0000] {processor.py:830} INFO - Processing file /opt/airflow/dags/dag3_postgres_to_parquet.py for tasks to queue
[2026-01-08T20:47:26.349+0000] {logging_mixin.py:188} INFO - [2026-01-08T20:47:26.348+0000] {dagbag.py:538} INFO - Filling up the DagBag from /opt/airflow/dags/dag3_postgres_to_parquet.py
[2026-01-08T20:47:27.060+0000] {processor.py:840} INFO - DAG(s) 'postgres_to_parquet_export' retrieved from /opt/airflow/dags/dag3_postgres_to_parquet.py
[2026-01-08T20:47:27.165+0000] {logging_mixin.py:188} INFO - [2026-01-08T20:47:27.164+0000] {dag.py:3036} INFO - Sync 1 DAGs
[2026-01-08T20:47:27.222+0000] {logging_mixin.py:188} INFO - [2026-01-08T20:47:27.222+0000] {dag.py:3823} INFO - Setting next_dagrun for postgres_to_parquet_export to 2026-01-04 00:00:00+00:00, run_after=2026-01-11 00:00:00+00:00
[2026-01-08T20:47:27.267+0000] {processor.py:183} INFO - Processing /opt/airflow/dags/dag3_postgres_to_parquet.py took 0.926 seconds
[2026-01-08T20:47:57.550+0000] {processor.py:161} INFO - Started process (PID=1886) to work on /opt/airflow/dags/dag3_postgres_to_parquet.py
[2026-01-08T20:47:57.552+0000] {processor.py:830} INFO - Processing file /opt/airflow/dags/dag3_postgres_to_parquet.py for tasks to queue
[2026-01-08T20:47:57.554+0000] {logging_mixin.py:188} INFO - [2026-01-08T20:47:57.554+0000] {dagbag.py:538} INFO - Filling up the DagBag from /opt/airflow/dags/dag3_postgres_to_parquet.py
[2026-01-08T20:47:58.152+0000] {processor.py:840} INFO - DAG(s) 'postgres_to_parquet_export' retrieved from /opt/airflow/dags/dag3_postgres_to_parquet.py
[2026-01-08T20:47:58.189+0000] {logging_mixin.py:188} INFO - [2026-01-08T20:47:58.188+0000] {dag.py:3036} INFO - Sync 1 DAGs
[2026-01-08T20:47:58.218+0000] {logging_mixin.py:188} INFO - [2026-01-08T20:47:58.218+0000] {dag.py:3823} INFO - Setting next_dagrun for postgres_to_parquet_export to 2026-01-04 00:00:00+00:00, run_after=2026-01-11 00:00:00+00:00
[2026-01-08T20:47:58.243+0000] {processor.py:183} INFO - Processing /opt/airflow/dags/dag3_postgres_to_parquet.py took 0.698 seconds
[2026-01-08T20:48:28.458+0000] {processor.py:161} INFO - Started process (PID=1914) to work on /opt/airflow/dags/dag3_postgres_to_parquet.py
[2026-01-08T20:48:28.459+0000] {processor.py:830} INFO - Processing file /opt/airflow/dags/dag3_postgres_to_parquet.py for tasks to queue
[2026-01-08T20:48:28.461+0000] {logging_mixin.py:188} INFO - [2026-01-08T20:48:28.461+0000] {dagbag.py:538} INFO - Filling up the DagBag from /opt/airflow/dags/dag3_postgres_to_parquet.py
[2026-01-08T20:48:29.072+0000] {processor.py:840} INFO - DAG(s) 'postgres_to_parquet_export' retrieved from /opt/airflow/dags/dag3_postgres_to_parquet.py
[2026-01-08T20:48:29.101+0000] {logging_mixin.py:188} INFO - [2026-01-08T20:48:29.100+0000] {dag.py:3036} INFO - Sync 1 DAGs
[2026-01-08T20:48:29.123+0000] {logging_mixin.py:188} INFO - [2026-01-08T20:48:29.123+0000] {dag.py:3823} INFO - Setting next_dagrun for postgres_to_parquet_export to 2026-01-04 00:00:00+00:00, run_after=2026-01-11 00:00:00+00:00
[2026-01-08T20:48:29.213+0000] {processor.py:183} INFO - Processing /opt/airflow/dags/dag3_postgres_to_parquet.py took 0.761 seconds
[2026-01-08T20:48:59.553+0000] {processor.py:161} INFO - Started process (PID=1942) to work on /opt/airflow/dags/dag3_postgres_to_parquet.py
[2026-01-08T20:48:59.555+0000] {processor.py:830} INFO - Processing file /opt/airflow/dags/dag3_postgres_to_parquet.py for tasks to queue
[2026-01-08T20:48:59.557+0000] {logging_mixin.py:188} INFO - [2026-01-08T20:48:59.556+0000] {dagbag.py:538} INFO - Filling up the DagBag from /opt/airflow/dags/dag3_postgres_to_parquet.py
[2026-01-08T20:49:00.126+0000] {processor.py:840} INFO - DAG(s) 'postgres_to_parquet_export' retrieved from /opt/airflow/dags/dag3_postgres_to_parquet.py
[2026-01-08T20:49:00.153+0000] {logging_mixin.py:188} INFO - [2026-01-08T20:49:00.152+0000] {dag.py:3036} INFO - Sync 1 DAGs
[2026-01-08T20:49:00.178+0000] {logging_mixin.py:188} INFO - [2026-01-08T20:49:00.177+0000] {dag.py:3823} INFO - Setting next_dagrun for postgres_to_parquet_export to 2026-01-04 00:00:00+00:00, run_after=2026-01-11 00:00:00+00:00
[2026-01-08T20:49:00.201+0000] {processor.py:183} INFO - Processing /opt/airflow/dags/dag3_postgres_to_parquet.py took 0.654 seconds
[2026-01-08T20:49:30.375+0000] {processor.py:161} INFO - Started process (PID=1970) to work on /opt/airflow/dags/dag3_postgres_to_parquet.py
[2026-01-08T20:49:30.376+0000] {processor.py:830} INFO - Processing file /opt/airflow/dags/dag3_postgres_to_parquet.py for tasks to queue
[2026-01-08T20:49:30.378+0000] {logging_mixin.py:188} INFO - [2026-01-08T20:49:30.378+0000] {dagbag.py:538} INFO - Filling up the DagBag from /opt/airflow/dags/dag3_postgres_to_parquet.py
[2026-01-08T20:49:30.936+0000] {processor.py:840} INFO - DAG(s) 'postgres_to_parquet_export' retrieved from /opt/airflow/dags/dag3_postgres_to_parquet.py
[2026-01-08T20:49:30.961+0000] {logging_mixin.py:188} INFO - [2026-01-08T20:49:30.961+0000] {dag.py:3036} INFO - Sync 1 DAGs
[2026-01-08T20:49:30.984+0000] {logging_mixin.py:188} INFO - [2026-01-08T20:49:30.984+0000] {dag.py:3823} INFO - Setting next_dagrun for postgres_to_parquet_export to 2026-01-04 00:00:00+00:00, run_after=2026-01-11 00:00:00+00:00
[2026-01-08T20:49:31.070+0000] {processor.py:183} INFO - Processing /opt/airflow/dags/dag3_postgres_to_parquet.py took 0.702 seconds
[2026-01-08T20:50:01.259+0000] {processor.py:161} INFO - Started process (PID=1998) to work on /opt/airflow/dags/dag3_postgres_to_parquet.py
[2026-01-08T20:50:01.263+0000] {processor.py:830} INFO - Processing file /opt/airflow/dags/dag3_postgres_to_parquet.py for tasks to queue
[2026-01-08T20:50:01.266+0000] {logging_mixin.py:188} INFO - [2026-01-08T20:50:01.264+0000] {dagbag.py:538} INFO - Filling up the DagBag from /opt/airflow/dags/dag3_postgres_to_parquet.py
[2026-01-08T20:50:01.927+0000] {processor.py:840} INFO - DAG(s) 'postgres_to_parquet_export' retrieved from /opt/airflow/dags/dag3_postgres_to_parquet.py
[2026-01-08T20:50:01.954+0000] {logging_mixin.py:188} INFO - [2026-01-08T20:50:01.953+0000] {dag.py:3036} INFO - Sync 1 DAGs
[2026-01-08T20:50:01.982+0000] {logging_mixin.py:188} INFO - [2026-01-08T20:50:01.982+0000] {dag.py:3823} INFO - Setting next_dagrun for postgres_to_parquet_export to 2026-01-04 00:00:00+00:00, run_after=2026-01-11 00:00:00+00:00
[2026-01-08T20:50:02.009+0000] {processor.py:183} INFO - Processing /opt/airflow/dags/dag3_postgres_to_parquet.py took 0.757 seconds
[2026-01-08T20:50:32.809+0000] {processor.py:161} INFO - Started process (PID=2026) to work on /opt/airflow/dags/dag3_postgres_to_parquet.py
[2026-01-08T20:50:32.811+0000] {processor.py:830} INFO - Processing file /opt/airflow/dags/dag3_postgres_to_parquet.py for tasks to queue
[2026-01-08T20:50:32.813+0000] {logging_mixin.py:188} INFO - [2026-01-08T20:50:32.812+0000] {dagbag.py:538} INFO - Filling up the DagBag from /opt/airflow/dags/dag3_postgres_to_parquet.py
[2026-01-08T20:50:33.352+0000] {processor.py:840} INFO - DAG(s) 'postgres_to_parquet_export' retrieved from /opt/airflow/dags/dag3_postgres_to_parquet.py
[2026-01-08T20:50:33.382+0000] {logging_mixin.py:188} INFO - [2026-01-08T20:50:33.380+0000] {dag.py:3036} INFO - Sync 1 DAGs
[2026-01-08T20:50:33.404+0000] {logging_mixin.py:188} INFO - [2026-01-08T20:50:33.403+0000] {dag.py:3823} INFO - Setting next_dagrun for postgres_to_parquet_export to 2026-01-04 00:00:00+00:00, run_after=2026-01-11 00:00:00+00:00
[2026-01-08T20:50:33.485+0000] {processor.py:183} INFO - Processing /opt/airflow/dags/dag3_postgres_to_parquet.py took 0.681 seconds
[2026-01-08T20:51:04.551+0000] {processor.py:161} INFO - Started process (PID=2054) to work on /opt/airflow/dags/dag3_postgres_to_parquet.py
[2026-01-08T20:51:04.552+0000] {processor.py:830} INFO - Processing file /opt/airflow/dags/dag3_postgres_to_parquet.py for tasks to queue
[2026-01-08T20:51:04.554+0000] {logging_mixin.py:188} INFO - [2026-01-08T20:51:04.553+0000] {dagbag.py:538} INFO - Filling up the DagBag from /opt/airflow/dags/dag3_postgres_to_parquet.py
[2026-01-08T20:51:05.145+0000] {processor.py:840} INFO - DAG(s) 'postgres_to_parquet_export' retrieved from /opt/airflow/dags/dag3_postgres_to_parquet.py
[2026-01-08T20:51:05.172+0000] {logging_mixin.py:188} INFO - [2026-01-08T20:51:05.171+0000] {dag.py:3036} INFO - Sync 1 DAGs
[2026-01-08T20:51:05.197+0000] {logging_mixin.py:188} INFO - [2026-01-08T20:51:05.196+0000] {dag.py:3823} INFO - Setting next_dagrun for postgres_to_parquet_export to 2026-01-04 00:00:00+00:00, run_after=2026-01-11 00:00:00+00:00
[2026-01-08T20:51:05.220+0000] {processor.py:183} INFO - Processing /opt/airflow/dags/dag3_postgres_to_parquet.py took 0.677 seconds
[2026-01-08T20:51:35.401+0000] {processor.py:161} INFO - Started process (PID=2082) to work on /opt/airflow/dags/dag3_postgres_to_parquet.py
[2026-01-08T20:51:35.403+0000] {processor.py:830} INFO - Processing file /opt/airflow/dags/dag3_postgres_to_parquet.py for tasks to queue
[2026-01-08T20:51:35.405+0000] {logging_mixin.py:188} INFO - [2026-01-08T20:51:35.404+0000] {dagbag.py:538} INFO - Filling up the DagBag from /opt/airflow/dags/dag3_postgres_to_parquet.py
[2026-01-08T20:51:35.996+0000] {processor.py:840} INFO - DAG(s) 'postgres_to_parquet_export' retrieved from /opt/airflow/dags/dag3_postgres_to_parquet.py
[2026-01-08T20:51:36.034+0000] {logging_mixin.py:188} INFO - [2026-01-08T20:51:36.034+0000] {dag.py:3036} INFO - Sync 1 DAGs
[2026-01-08T20:51:36.059+0000] {logging_mixin.py:188} INFO - [2026-01-08T20:51:36.059+0000] {dag.py:3823} INFO - Setting next_dagrun for postgres_to_parquet_export to 2026-01-04 00:00:00+00:00, run_after=2026-01-11 00:00:00+00:00
[2026-01-08T20:51:36.139+0000] {processor.py:183} INFO - Processing /opt/airflow/dags/dag3_postgres_to_parquet.py took 0.763 seconds
[2026-01-08T20:52:06.969+0000] {processor.py:161} INFO - Started process (PID=2110) to work on /opt/airflow/dags/dag3_postgres_to_parquet.py
[2026-01-08T20:52:06.971+0000] {processor.py:830} INFO - Processing file /opt/airflow/dags/dag3_postgres_to_parquet.py for tasks to queue
[2026-01-08T20:52:06.974+0000] {logging_mixin.py:188} INFO - [2026-01-08T20:52:06.973+0000] {dagbag.py:538} INFO - Filling up the DagBag from /opt/airflow/dags/dag3_postgres_to_parquet.py
[2026-01-08T20:52:07.776+0000] {processor.py:840} INFO - DAG(s) 'postgres_to_parquet_export' retrieved from /opt/airflow/dags/dag3_postgres_to_parquet.py
[2026-01-08T20:52:07.804+0000] {logging_mixin.py:188} INFO - [2026-01-08T20:52:07.804+0000] {dag.py:3036} INFO - Sync 1 DAGs
[2026-01-08T20:52:07.829+0000] {logging_mixin.py:188} INFO - [2026-01-08T20:52:07.829+0000] {dag.py:3823} INFO - Setting next_dagrun for postgres_to_parquet_export to 2026-01-04 00:00:00+00:00, run_after=2026-01-11 00:00:00+00:00
[2026-01-08T20:52:07.851+0000] {processor.py:183} INFO - Processing /opt/airflow/dags/dag3_postgres_to_parquet.py took 0.888 seconds
[2026-01-08T20:52:38.073+0000] {processor.py:161} INFO - Started process (PID=2138) to work on /opt/airflow/dags/dag3_postgres_to_parquet.py
[2026-01-08T20:52:38.074+0000] {processor.py:830} INFO - Processing file /opt/airflow/dags/dag3_postgres_to_parquet.py for tasks to queue
[2026-01-08T20:52:38.076+0000] {logging_mixin.py:188} INFO - [2026-01-08T20:52:38.075+0000] {dagbag.py:538} INFO - Filling up the DagBag from /opt/airflow/dags/dag3_postgres_to_parquet.py
[2026-01-08T20:52:38.659+0000] {processor.py:840} INFO - DAG(s) 'postgres_to_parquet_export' retrieved from /opt/airflow/dags/dag3_postgres_to_parquet.py
[2026-01-08T20:52:38.691+0000] {logging_mixin.py:188} INFO - [2026-01-08T20:52:38.690+0000] {dag.py:3036} INFO - Sync 1 DAGs
[2026-01-08T20:52:38.718+0000] {logging_mixin.py:188} INFO - [2026-01-08T20:52:38.718+0000] {dag.py:3823} INFO - Setting next_dagrun for postgres_to_parquet_export to 2026-01-04 00:00:00+00:00, run_after=2026-01-11 00:00:00+00:00
[2026-01-08T20:52:38.745+0000] {processor.py:183} INFO - Processing /opt/airflow/dags/dag3_postgres_to_parquet.py took 0.678 seconds
[2026-01-08T20:53:09.546+0000] {processor.py:161} INFO - Started process (PID=2166) to work on /opt/airflow/dags/dag3_postgres_to_parquet.py
[2026-01-08T20:53:09.548+0000] {processor.py:830} INFO - Processing file /opt/airflow/dags/dag3_postgres_to_parquet.py for tasks to queue
[2026-01-08T20:53:09.549+0000] {logging_mixin.py:188} INFO - [2026-01-08T20:53:09.549+0000] {dagbag.py:538} INFO - Filling up the DagBag from /opt/airflow/dags/dag3_postgres_to_parquet.py
[2026-01-08T20:53:10.249+0000] {processor.py:840} INFO - DAG(s) 'postgres_to_parquet_export' retrieved from /opt/airflow/dags/dag3_postgres_to_parquet.py
[2026-01-08T20:53:10.280+0000] {logging_mixin.py:188} INFO - [2026-01-08T20:53:10.279+0000] {dag.py:3036} INFO - Sync 1 DAGs
[2026-01-08T20:53:10.309+0000] {logging_mixin.py:188} INFO - [2026-01-08T20:53:10.309+0000] {dag.py:3823} INFO - Setting next_dagrun for postgres_to_parquet_export to 2026-01-04 00:00:00+00:00, run_after=2026-01-11 00:00:00+00:00
[2026-01-08T20:53:10.338+0000] {processor.py:183} INFO - Processing /opt/airflow/dags/dag3_postgres_to_parquet.py took 0.798 seconds
[2026-01-08T20:53:41.128+0000] {processor.py:161} INFO - Started process (PID=2194) to work on /opt/airflow/dags/dag3_postgres_to_parquet.py
[2026-01-08T20:53:41.130+0000] {processor.py:830} INFO - Processing file /opt/airflow/dags/dag3_postgres_to_parquet.py for tasks to queue
[2026-01-08T20:53:41.131+0000] {logging_mixin.py:188} INFO - [2026-01-08T20:53:41.131+0000] {dagbag.py:538} INFO - Filling up the DagBag from /opt/airflow/dags/dag3_postgres_to_parquet.py
[2026-01-08T20:53:41.722+0000] {processor.py:840} INFO - DAG(s) 'postgres_to_parquet_export' retrieved from /opt/airflow/dags/dag3_postgres_to_parquet.py
[2026-01-08T20:53:41.750+0000] {logging_mixin.py:188} INFO - [2026-01-08T20:53:41.749+0000] {dag.py:3036} INFO - Sync 1 DAGs
[2026-01-08T20:53:41.772+0000] {logging_mixin.py:188} INFO - [2026-01-08T20:53:41.772+0000] {dag.py:3823} INFO - Setting next_dagrun for postgres_to_parquet_export to 2026-01-04 00:00:00+00:00, run_after=2026-01-11 00:00:00+00:00
[2026-01-08T20:53:41.797+0000] {processor.py:183} INFO - Processing /opt/airflow/dags/dag3_postgres_to_parquet.py took 0.675 seconds
