[2026-01-08T19:46:25.307+0000] {processor.py:161} INFO - Started process (PID=185) to work on /opt/airflow/dags/dag5_notification_workflow.py
[2026-01-08T19:46:25.310+0000] {processor.py:830} INFO - Processing file /opt/airflow/dags/dag5_notification_workflow.py for tasks to queue
[2026-01-08T19:46:25.313+0000] {logging_mixin.py:188} INFO - [2026-01-08T19:46:25.312+0000] {dagbag.py:538} INFO - Filling up the DagBag from /opt/airflow/dags/dag5_notification_workflow.py
[2026-01-08T19:46:25.356+0000] {processor.py:840} INFO - DAG(s) 'notification_workflow' retrieved from /opt/airflow/dags/dag5_notification_workflow.py
[2026-01-08T19:46:25.411+0000] {logging_mixin.py:188} INFO - [2026-01-08T19:46:25.411+0000] {dag.py:3036} INFO - Sync 1 DAGs
[2026-01-08T19:46:25.452+0000] {logging_mixin.py:188} INFO - [2026-01-08T19:46:25.452+0000] {dag.py:3823} INFO - Setting next_dagrun for notification_workflow to 2026-01-07 00:00:00+00:00, run_after=2026-01-08 00:00:00+00:00
[2026-01-08T19:46:25.486+0000] {processor.py:183} INFO - Processing /opt/airflow/dags/dag5_notification_workflow.py took 0.188 seconds
[2026-01-08T19:46:56.053+0000] {processor.py:161} INFO - Started process (PID=217) to work on /opt/airflow/dags/dag5_notification_workflow.py
[2026-01-08T19:46:56.055+0000] {processor.py:830} INFO - Processing file /opt/airflow/dags/dag5_notification_workflow.py for tasks to queue
[2026-01-08T19:46:56.057+0000] {logging_mixin.py:188} INFO - [2026-01-08T19:46:56.057+0000] {dagbag.py:538} INFO - Filling up the DagBag from /opt/airflow/dags/dag5_notification_workflow.py
[2026-01-08T19:46:56.095+0000] {processor.py:840} INFO - DAG(s) 'notification_workflow' retrieved from /opt/airflow/dags/dag5_notification_workflow.py
[2026-01-08T19:46:56.269+0000] {logging_mixin.py:188} INFO - [2026-01-08T19:46:56.269+0000] {dag.py:3036} INFO - Sync 1 DAGs
[2026-01-08T19:46:56.302+0000] {logging_mixin.py:188} INFO - [2026-01-08T19:46:56.301+0000] {dag.py:3823} INFO - Setting next_dagrun for notification_workflow to 2026-01-08 00:00:00+00:00, run_after=2026-01-09 00:00:00+00:00
[2026-01-08T19:46:56.386+0000] {processor.py:183} INFO - Processing /opt/airflow/dags/dag5_notification_workflow.py took 0.338 seconds
[2026-01-08T19:47:26.485+0000] {processor.py:161} INFO - Started process (PID=249) to work on /opt/airflow/dags/dag5_notification_workflow.py
[2026-01-08T19:47:26.486+0000] {processor.py:830} INFO - Processing file /opt/airflow/dags/dag5_notification_workflow.py for tasks to queue
[2026-01-08T19:47:26.488+0000] {logging_mixin.py:188} INFO - [2026-01-08T19:47:26.487+0000] {dagbag.py:538} INFO - Filling up the DagBag from /opt/airflow/dags/dag5_notification_workflow.py
[2026-01-08T19:47:26.521+0000] {processor.py:840} INFO - DAG(s) 'notification_workflow' retrieved from /opt/airflow/dags/dag5_notification_workflow.py
[2026-01-08T19:47:26.584+0000] {logging_mixin.py:188} INFO - [2026-01-08T19:47:26.583+0000] {dag.py:3036} INFO - Sync 1 DAGs
[2026-01-08T19:47:26.678+0000] {logging_mixin.py:188} INFO - [2026-01-08T19:47:26.677+0000] {dag.py:3823} INFO - Setting next_dagrun for notification_workflow to 2026-01-08 00:00:00+00:00, run_after=2026-01-09 00:00:00+00:00
[2026-01-08T19:47:26.745+0000] {processor.py:183} INFO - Processing /opt/airflow/dags/dag5_notification_workflow.py took 0.266 seconds
[2026-01-08T19:47:57.456+0000] {processor.py:161} INFO - Started process (PID=277) to work on /opt/airflow/dags/dag5_notification_workflow.py
[2026-01-08T19:47:57.457+0000] {processor.py:830} INFO - Processing file /opt/airflow/dags/dag5_notification_workflow.py for tasks to queue
[2026-01-08T19:47:57.459+0000] {logging_mixin.py:188} INFO - [2026-01-08T19:47:57.459+0000] {dagbag.py:538} INFO - Filling up the DagBag from /opt/airflow/dags/dag5_notification_workflow.py
[2026-01-08T19:47:57.526+0000] {processor.py:840} INFO - DAG(s) 'notification_workflow' retrieved from /opt/airflow/dags/dag5_notification_workflow.py
[2026-01-08T19:47:57.589+0000] {logging_mixin.py:188} INFO - [2026-01-08T19:47:57.588+0000] {dag.py:3036} INFO - Sync 1 DAGs
[2026-01-08T19:47:57.655+0000] {logging_mixin.py:188} INFO - [2026-01-08T19:47:57.655+0000] {dag.py:3823} INFO - Setting next_dagrun for notification_workflow to 2026-01-08 00:00:00+00:00, run_after=2026-01-09 00:00:00+00:00
[2026-01-08T19:47:57.697+0000] {processor.py:183} INFO - Processing /opt/airflow/dags/dag5_notification_workflow.py took 0.248 seconds
[2026-01-08T19:48:28.508+0000] {processor.py:161} INFO - Started process (PID=305) to work on /opt/airflow/dags/dag5_notification_workflow.py
[2026-01-08T19:48:28.510+0000] {processor.py:830} INFO - Processing file /opt/airflow/dags/dag5_notification_workflow.py for tasks to queue
[2026-01-08T19:48:28.511+0000] {logging_mixin.py:188} INFO - [2026-01-08T19:48:28.511+0000] {dagbag.py:538} INFO - Filling up the DagBag from /opt/airflow/dags/dag5_notification_workflow.py
[2026-01-08T19:48:28.545+0000] {processor.py:840} INFO - DAG(s) 'notification_workflow' retrieved from /opt/airflow/dags/dag5_notification_workflow.py
[2026-01-08T19:48:28.599+0000] {logging_mixin.py:188} INFO - [2026-01-08T19:48:28.598+0000] {dag.py:3036} INFO - Sync 1 DAGs
[2026-01-08T19:48:28.627+0000] {logging_mixin.py:188} INFO - [2026-01-08T19:48:28.627+0000] {dag.py:3823} INFO - Setting next_dagrun for notification_workflow to 2026-01-08 00:00:00+00:00, run_after=2026-01-09 00:00:00+00:00
[2026-01-08T19:48:28.652+0000] {processor.py:183} INFO - Processing /opt/airflow/dags/dag5_notification_workflow.py took 0.151 seconds
[2026-01-08T19:48:59.554+0000] {processor.py:161} INFO - Started process (PID=333) to work on /opt/airflow/dags/dag5_notification_workflow.py
[2026-01-08T19:48:59.557+0000] {processor.py:830} INFO - Processing file /opt/airflow/dags/dag5_notification_workflow.py for tasks to queue
[2026-01-08T19:48:59.559+0000] {logging_mixin.py:188} INFO - [2026-01-08T19:48:59.559+0000] {dagbag.py:538} INFO - Filling up the DagBag from /opt/airflow/dags/dag5_notification_workflow.py
[2026-01-08T19:48:59.632+0000] {processor.py:840} INFO - DAG(s) 'notification_workflow' retrieved from /opt/airflow/dags/dag5_notification_workflow.py
[2026-01-08T19:48:59.728+0000] {logging_mixin.py:188} INFO - [2026-01-08T19:48:59.727+0000] {dag.py:3036} INFO - Sync 1 DAGs
[2026-01-08T19:48:59.791+0000] {logging_mixin.py:188} INFO - [2026-01-08T19:48:59.791+0000] {dag.py:3823} INFO - Setting next_dagrun for notification_workflow to 2026-01-08 00:00:00+00:00, run_after=2026-01-09 00:00:00+00:00
[2026-01-08T19:48:59.821+0000] {processor.py:183} INFO - Processing /opt/airflow/dags/dag5_notification_workflow.py took 0.279 seconds
[2026-01-08T19:49:30.182+0000] {processor.py:161} INFO - Started process (PID=361) to work on /opt/airflow/dags/dag5_notification_workflow.py
[2026-01-08T19:49:30.184+0000] {processor.py:830} INFO - Processing file /opt/airflow/dags/dag5_notification_workflow.py for tasks to queue
[2026-01-08T19:49:30.187+0000] {logging_mixin.py:188} INFO - [2026-01-08T19:49:30.186+0000] {dagbag.py:538} INFO - Filling up the DagBag from /opt/airflow/dags/dag5_notification_workflow.py
[2026-01-08T19:49:30.230+0000] {processor.py:840} INFO - DAG(s) 'notification_workflow' retrieved from /opt/airflow/dags/dag5_notification_workflow.py
[2026-01-08T19:49:30.310+0000] {logging_mixin.py:188} INFO - [2026-01-08T19:49:30.309+0000] {dag.py:3036} INFO - Sync 1 DAGs
[2026-01-08T19:49:30.363+0000] {logging_mixin.py:188} INFO - [2026-01-08T19:49:30.363+0000] {dag.py:3823} INFO - Setting next_dagrun for notification_workflow to 2026-01-08 00:00:00+00:00, run_after=2026-01-09 00:00:00+00:00
[2026-01-08T19:49:30.450+0000] {processor.py:183} INFO - Processing /opt/airflow/dags/dag5_notification_workflow.py took 0.279 seconds
[2026-01-08T19:50:00.991+0000] {processor.py:161} INFO - Started process (PID=389) to work on /opt/airflow/dags/dag5_notification_workflow.py
[2026-01-08T19:50:00.993+0000] {processor.py:830} INFO - Processing file /opt/airflow/dags/dag5_notification_workflow.py for tasks to queue
[2026-01-08T19:50:00.995+0000] {logging_mixin.py:188} INFO - [2026-01-08T19:50:00.995+0000] {dagbag.py:538} INFO - Filling up the DagBag from /opt/airflow/dags/dag5_notification_workflow.py
[2026-01-08T19:50:01.043+0000] {processor.py:840} INFO - DAG(s) 'notification_workflow' retrieved from /opt/airflow/dags/dag5_notification_workflow.py
[2026-01-08T19:50:01.111+0000] {logging_mixin.py:188} INFO - [2026-01-08T19:50:01.110+0000] {dag.py:3036} INFO - Sync 1 DAGs
[2026-01-08T19:50:01.153+0000] {logging_mixin.py:188} INFO - [2026-01-08T19:50:01.152+0000] {dag.py:3823} INFO - Setting next_dagrun for notification_workflow to 2026-01-08 00:00:00+00:00, run_after=2026-01-09 00:00:00+00:00
[2026-01-08T19:50:01.194+0000] {processor.py:183} INFO - Processing /opt/airflow/dags/dag5_notification_workflow.py took 0.211 seconds
[2026-01-08T19:50:32.216+0000] {processor.py:161} INFO - Started process (PID=417) to work on /opt/airflow/dags/dag5_notification_workflow.py
[2026-01-08T19:50:32.219+0000] {processor.py:830} INFO - Processing file /opt/airflow/dags/dag5_notification_workflow.py for tasks to queue
[2026-01-08T19:50:32.220+0000] {logging_mixin.py:188} INFO - [2026-01-08T19:50:32.220+0000] {dagbag.py:538} INFO - Filling up the DagBag from /opt/airflow/dags/dag5_notification_workflow.py
[2026-01-08T19:50:32.283+0000] {processor.py:840} INFO - DAG(s) 'notification_workflow' retrieved from /opt/airflow/dags/dag5_notification_workflow.py
[2026-01-08T19:50:32.339+0000] {logging_mixin.py:188} INFO - [2026-01-08T19:50:32.339+0000] {dag.py:3036} INFO - Sync 1 DAGs
[2026-01-08T19:50:32.368+0000] {logging_mixin.py:188} INFO - [2026-01-08T19:50:32.367+0000] {dag.py:3823} INFO - Setting next_dagrun for notification_workflow to 2026-01-08 00:00:00+00:00, run_after=2026-01-09 00:00:00+00:00
[2026-01-08T19:50:32.394+0000] {processor.py:183} INFO - Processing /opt/airflow/dags/dag5_notification_workflow.py took 0.185 seconds
[2026-01-08T19:51:02.733+0000] {processor.py:161} INFO - Started process (PID=445) to work on /opt/airflow/dags/dag5_notification_workflow.py
[2026-01-08T19:51:02.735+0000] {processor.py:830} INFO - Processing file /opt/airflow/dags/dag5_notification_workflow.py for tasks to queue
[2026-01-08T19:51:02.737+0000] {logging_mixin.py:188} INFO - [2026-01-08T19:51:02.736+0000] {dagbag.py:538} INFO - Filling up the DagBag from /opt/airflow/dags/dag5_notification_workflow.py
[2026-01-08T19:51:02.779+0000] {processor.py:840} INFO - DAG(s) 'notification_workflow' retrieved from /opt/airflow/dags/dag5_notification_workflow.py
[2026-01-08T19:51:02.845+0000] {logging_mixin.py:188} INFO - [2026-01-08T19:51:02.844+0000] {dag.py:3036} INFO - Sync 1 DAGs
[2026-01-08T19:51:02.878+0000] {logging_mixin.py:188} INFO - [2026-01-08T19:51:02.878+0000] {dag.py:3823} INFO - Setting next_dagrun for notification_workflow to 2026-01-08 00:00:00+00:00, run_after=2026-01-09 00:00:00+00:00
[2026-01-08T19:51:02.902+0000] {processor.py:183} INFO - Processing /opt/airflow/dags/dag5_notification_workflow.py took 0.176 seconds
[2026-01-08T19:51:33.576+0000] {processor.py:161} INFO - Started process (PID=473) to work on /opt/airflow/dags/dag5_notification_workflow.py
[2026-01-08T19:51:33.579+0000] {processor.py:830} INFO - Processing file /opt/airflow/dags/dag5_notification_workflow.py for tasks to queue
[2026-01-08T19:51:33.581+0000] {logging_mixin.py:188} INFO - [2026-01-08T19:51:33.580+0000] {dagbag.py:538} INFO - Filling up the DagBag from /opt/airflow/dags/dag5_notification_workflow.py
[2026-01-08T19:51:33.622+0000] {processor.py:840} INFO - DAG(s) 'notification_workflow' retrieved from /opt/airflow/dags/dag5_notification_workflow.py
[2026-01-08T19:51:33.674+0000] {logging_mixin.py:188} INFO - [2026-01-08T19:51:33.673+0000] {dag.py:3036} INFO - Sync 1 DAGs
[2026-01-08T19:51:33.707+0000] {logging_mixin.py:188} INFO - [2026-01-08T19:51:33.706+0000] {dag.py:3823} INFO - Setting next_dagrun for notification_workflow to 2026-01-08 00:00:00+00:00, run_after=2026-01-09 00:00:00+00:00
[2026-01-08T19:51:33.734+0000] {processor.py:183} INFO - Processing /opt/airflow/dags/dag5_notification_workflow.py took 0.165 seconds
[2026-01-08T19:52:04.480+0000] {processor.py:161} INFO - Started process (PID=501) to work on /opt/airflow/dags/dag5_notification_workflow.py
[2026-01-08T19:52:04.482+0000] {processor.py:830} INFO - Processing file /opt/airflow/dags/dag5_notification_workflow.py for tasks to queue
[2026-01-08T19:52:04.483+0000] {logging_mixin.py:188} INFO - [2026-01-08T19:52:04.483+0000] {dagbag.py:538} INFO - Filling up the DagBag from /opt/airflow/dags/dag5_notification_workflow.py
[2026-01-08T19:52:04.520+0000] {processor.py:840} INFO - DAG(s) 'notification_workflow' retrieved from /opt/airflow/dags/dag5_notification_workflow.py
[2026-01-08T19:52:04.573+0000] {logging_mixin.py:188} INFO - [2026-01-08T19:52:04.572+0000] {dag.py:3036} INFO - Sync 1 DAGs
[2026-01-08T19:52:04.599+0000] {logging_mixin.py:188} INFO - [2026-01-08T19:52:04.599+0000] {dag.py:3823} INFO - Setting next_dagrun for notification_workflow to 2026-01-08 00:00:00+00:00, run_after=2026-01-09 00:00:00+00:00
[2026-01-08T19:52:04.627+0000] {processor.py:183} INFO - Processing /opt/airflow/dags/dag5_notification_workflow.py took 0.154 seconds
[2026-01-08T19:52:35.068+0000] {processor.py:161} INFO - Started process (PID=529) to work on /opt/airflow/dags/dag5_notification_workflow.py
[2026-01-08T19:52:35.070+0000] {processor.py:830} INFO - Processing file /opt/airflow/dags/dag5_notification_workflow.py for tasks to queue
[2026-01-08T19:52:35.071+0000] {logging_mixin.py:188} INFO - [2026-01-08T19:52:35.071+0000] {dagbag.py:538} INFO - Filling up the DagBag from /opt/airflow/dags/dag5_notification_workflow.py
[2026-01-08T19:52:35.105+0000] {processor.py:840} INFO - DAG(s) 'notification_workflow' retrieved from /opt/airflow/dags/dag5_notification_workflow.py
[2026-01-08T19:52:35.167+0000] {logging_mixin.py:188} INFO - [2026-01-08T19:52:35.166+0000] {dag.py:3036} INFO - Sync 1 DAGs
[2026-01-08T19:52:35.194+0000] {logging_mixin.py:188} INFO - [2026-01-08T19:52:35.194+0000] {dag.py:3823} INFO - Setting next_dagrun for notification_workflow to 2026-01-08 00:00:00+00:00, run_after=2026-01-09 00:00:00+00:00
[2026-01-08T19:52:35.224+0000] {processor.py:183} INFO - Processing /opt/airflow/dags/dag5_notification_workflow.py took 0.161 seconds
[2026-01-08T19:53:06.197+0000] {processor.py:161} INFO - Started process (PID=557) to work on /opt/airflow/dags/dag5_notification_workflow.py
[2026-01-08T19:53:06.198+0000] {processor.py:830} INFO - Processing file /opt/airflow/dags/dag5_notification_workflow.py for tasks to queue
[2026-01-08T19:53:06.201+0000] {logging_mixin.py:188} INFO - [2026-01-08T19:53:06.200+0000] {dagbag.py:538} INFO - Filling up the DagBag from /opt/airflow/dags/dag5_notification_workflow.py
[2026-01-08T19:53:06.236+0000] {processor.py:840} INFO - DAG(s) 'notification_workflow' retrieved from /opt/airflow/dags/dag5_notification_workflow.py
[2026-01-08T19:53:06.283+0000] {logging_mixin.py:188} INFO - [2026-01-08T19:53:06.283+0000] {dag.py:3036} INFO - Sync 1 DAGs
[2026-01-08T19:53:06.314+0000] {logging_mixin.py:188} INFO - [2026-01-08T19:53:06.314+0000] {dag.py:3823} INFO - Setting next_dagrun for notification_workflow to 2026-01-08 00:00:00+00:00, run_after=2026-01-09 00:00:00+00:00
[2026-01-08T19:53:06.340+0000] {processor.py:183} INFO - Processing /opt/airflow/dags/dag5_notification_workflow.py took 0.149 seconds
[2026-01-08T19:53:36.804+0000] {processor.py:161} INFO - Started process (PID=585) to work on /opt/airflow/dags/dag5_notification_workflow.py
[2026-01-08T19:53:36.806+0000] {processor.py:830} INFO - Processing file /opt/airflow/dags/dag5_notification_workflow.py for tasks to queue
[2026-01-08T19:53:36.807+0000] {logging_mixin.py:188} INFO - [2026-01-08T19:53:36.807+0000] {dagbag.py:538} INFO - Filling up the DagBag from /opt/airflow/dags/dag5_notification_workflow.py
[2026-01-08T19:53:36.836+0000] {processor.py:840} INFO - DAG(s) 'notification_workflow' retrieved from /opt/airflow/dags/dag5_notification_workflow.py
[2026-01-08T19:53:36.910+0000] {logging_mixin.py:188} INFO - [2026-01-08T19:53:36.910+0000] {dag.py:3036} INFO - Sync 1 DAGs
[2026-01-08T19:53:36.972+0000] {logging_mixin.py:188} INFO - [2026-01-08T19:53:36.972+0000] {dag.py:3823} INFO - Setting next_dagrun for notification_workflow to 2026-01-08 00:00:00+00:00, run_after=2026-01-09 00:00:00+00:00
[2026-01-08T19:53:37.011+0000] {processor.py:183} INFO - Processing /opt/airflow/dags/dag5_notification_workflow.py took 0.215 seconds
[2026-01-08T19:54:07.417+0000] {processor.py:161} INFO - Started process (PID=613) to work on /opt/airflow/dags/dag5_notification_workflow.py
[2026-01-08T19:54:07.419+0000] {processor.py:830} INFO - Processing file /opt/airflow/dags/dag5_notification_workflow.py for tasks to queue
[2026-01-08T19:54:07.420+0000] {logging_mixin.py:188} INFO - [2026-01-08T19:54:07.420+0000] {dagbag.py:538} INFO - Filling up the DagBag from /opt/airflow/dags/dag5_notification_workflow.py
[2026-01-08T19:54:07.457+0000] {processor.py:840} INFO - DAG(s) 'notification_workflow' retrieved from /opt/airflow/dags/dag5_notification_workflow.py
[2026-01-08T19:54:07.503+0000] {logging_mixin.py:188} INFO - [2026-01-08T19:54:07.503+0000] {dag.py:3036} INFO - Sync 1 DAGs
[2026-01-08T19:54:07.531+0000] {logging_mixin.py:188} INFO - [2026-01-08T19:54:07.530+0000] {dag.py:3823} INFO - Setting next_dagrun for notification_workflow to 2026-01-08 00:00:00+00:00, run_after=2026-01-09 00:00:00+00:00
[2026-01-08T19:54:07.635+0000] {processor.py:183} INFO - Processing /opt/airflow/dags/dag5_notification_workflow.py took 0.223 seconds
[2026-01-08T19:54:38.087+0000] {processor.py:161} INFO - Started process (PID=641) to work on /opt/airflow/dags/dag5_notification_workflow.py
[2026-01-08T19:54:38.089+0000] {processor.py:830} INFO - Processing file /opt/airflow/dags/dag5_notification_workflow.py for tasks to queue
[2026-01-08T19:54:38.090+0000] {logging_mixin.py:188} INFO - [2026-01-08T19:54:38.090+0000] {dagbag.py:538} INFO - Filling up the DagBag from /opt/airflow/dags/dag5_notification_workflow.py
[2026-01-08T19:54:38.123+0000] {processor.py:840} INFO - DAG(s) 'notification_workflow' retrieved from /opt/airflow/dags/dag5_notification_workflow.py
[2026-01-08T19:54:38.173+0000] {logging_mixin.py:188} INFO - [2026-01-08T19:54:38.173+0000] {dag.py:3036} INFO - Sync 1 DAGs
[2026-01-08T19:54:38.204+0000] {logging_mixin.py:188} INFO - [2026-01-08T19:54:38.204+0000] {dag.py:3823} INFO - Setting next_dagrun for notification_workflow to 2026-01-08 00:00:00+00:00, run_after=2026-01-09 00:00:00+00:00
[2026-01-08T19:54:38.288+0000] {processor.py:183} INFO - Processing /opt/airflow/dags/dag5_notification_workflow.py took 0.205 seconds
[2026-01-08T19:55:08.695+0000] {processor.py:161} INFO - Started process (PID=669) to work on /opt/airflow/dags/dag5_notification_workflow.py
[2026-01-08T19:55:08.697+0000] {processor.py:830} INFO - Processing file /opt/airflow/dags/dag5_notification_workflow.py for tasks to queue
[2026-01-08T19:55:08.698+0000] {logging_mixin.py:188} INFO - [2026-01-08T19:55:08.698+0000] {dagbag.py:538} INFO - Filling up the DagBag from /opt/airflow/dags/dag5_notification_workflow.py
[2026-01-08T19:55:08.731+0000] {processor.py:840} INFO - DAG(s) 'notification_workflow' retrieved from /opt/airflow/dags/dag5_notification_workflow.py
[2026-01-08T19:55:08.780+0000] {logging_mixin.py:188} INFO - [2026-01-08T19:55:08.780+0000] {dag.py:3036} INFO - Sync 1 DAGs
[2026-01-08T19:55:08.808+0000] {logging_mixin.py:188} INFO - [2026-01-08T19:55:08.808+0000] {dag.py:3823} INFO - Setting next_dagrun for notification_workflow to 2026-01-08 00:00:00+00:00, run_after=2026-01-09 00:00:00+00:00
[2026-01-08T19:55:08.892+0000] {processor.py:183} INFO - Processing /opt/airflow/dags/dag5_notification_workflow.py took 0.202 seconds
[2026-01-08T19:55:39.272+0000] {processor.py:161} INFO - Started process (PID=697) to work on /opt/airflow/dags/dag5_notification_workflow.py
[2026-01-08T19:55:39.275+0000] {processor.py:830} INFO - Processing file /opt/airflow/dags/dag5_notification_workflow.py for tasks to queue
[2026-01-08T19:55:39.280+0000] {logging_mixin.py:188} INFO - [2026-01-08T19:55:39.279+0000] {dagbag.py:538} INFO - Filling up the DagBag from /opt/airflow/dags/dag5_notification_workflow.py
[2026-01-08T19:55:39.422+0000] {processor.py:840} INFO - DAG(s) 'notification_workflow' retrieved from /opt/airflow/dags/dag5_notification_workflow.py
[2026-01-08T19:55:39.526+0000] {logging_mixin.py:188} INFO - [2026-01-08T19:55:39.525+0000] {dag.py:3036} INFO - Sync 1 DAGs
[2026-01-08T19:55:39.564+0000] {logging_mixin.py:188} INFO - [2026-01-08T19:55:39.564+0000] {dag.py:3823} INFO - Setting next_dagrun for notification_workflow to 2026-01-08 00:00:00+00:00, run_after=2026-01-09 00:00:00+00:00
[2026-01-08T19:55:39.595+0000] {processor.py:183} INFO - Processing /opt/airflow/dags/dag5_notification_workflow.py took 0.330 seconds
[2026-01-08T19:56:09.871+0000] {processor.py:161} INFO - Started process (PID=725) to work on /opt/airflow/dags/dag5_notification_workflow.py
[2026-01-08T19:56:09.874+0000] {processor.py:830} INFO - Processing file /opt/airflow/dags/dag5_notification_workflow.py for tasks to queue
[2026-01-08T19:56:09.876+0000] {logging_mixin.py:188} INFO - [2026-01-08T19:56:09.875+0000] {dagbag.py:538} INFO - Filling up the DagBag from /opt/airflow/dags/dag5_notification_workflow.py
[2026-01-08T19:56:09.923+0000] {processor.py:840} INFO - DAG(s) 'notification_workflow' retrieved from /opt/airflow/dags/dag5_notification_workflow.py
[2026-01-08T19:56:09.979+0000] {logging_mixin.py:188} INFO - [2026-01-08T19:56:09.979+0000] {dag.py:3036} INFO - Sync 1 DAGs
[2026-01-08T19:56:10.008+0000] {logging_mixin.py:188} INFO - [2026-01-08T19:56:10.008+0000] {dag.py:3823} INFO - Setting next_dagrun for notification_workflow to 2026-01-08 00:00:00+00:00, run_after=2026-01-09 00:00:00+00:00
[2026-01-08T19:56:10.038+0000] {processor.py:183} INFO - Processing /opt/airflow/dags/dag5_notification_workflow.py took 0.178 seconds
[2026-01-08T19:56:40.201+0000] {processor.py:161} INFO - Started process (PID=753) to work on /opt/airflow/dags/dag5_notification_workflow.py
[2026-01-08T19:56:40.203+0000] {processor.py:830} INFO - Processing file /opt/airflow/dags/dag5_notification_workflow.py for tasks to queue
[2026-01-08T19:56:40.204+0000] {logging_mixin.py:188} INFO - [2026-01-08T19:56:40.204+0000] {dagbag.py:538} INFO - Filling up the DagBag from /opt/airflow/dags/dag5_notification_workflow.py
[2026-01-08T19:56:40.240+0000] {processor.py:840} INFO - DAG(s) 'notification_workflow' retrieved from /opt/airflow/dags/dag5_notification_workflow.py
[2026-01-08T19:56:40.289+0000] {logging_mixin.py:188} INFO - [2026-01-08T19:56:40.289+0000] {dag.py:3036} INFO - Sync 1 DAGs
[2026-01-08T19:56:40.317+0000] {logging_mixin.py:188} INFO - [2026-01-08T19:56:40.316+0000] {dag.py:3823} INFO - Setting next_dagrun for notification_workflow to 2026-01-08 00:00:00+00:00, run_after=2026-01-09 00:00:00+00:00
[2026-01-08T19:56:40.397+0000] {processor.py:183} INFO - Processing /opt/airflow/dags/dag5_notification_workflow.py took 0.201 seconds
[2026-01-08T19:57:10.855+0000] {processor.py:161} INFO - Started process (PID=781) to work on /opt/airflow/dags/dag5_notification_workflow.py
[2026-01-08T19:57:10.856+0000] {processor.py:830} INFO - Processing file /opt/airflow/dags/dag5_notification_workflow.py for tasks to queue
[2026-01-08T19:57:10.858+0000] {logging_mixin.py:188} INFO - [2026-01-08T19:57:10.857+0000] {dagbag.py:538} INFO - Filling up the DagBag from /opt/airflow/dags/dag5_notification_workflow.py
[2026-01-08T19:57:10.891+0000] {processor.py:840} INFO - DAG(s) 'notification_workflow' retrieved from /opt/airflow/dags/dag5_notification_workflow.py
[2026-01-08T19:57:10.940+0000] {logging_mixin.py:188} INFO - [2026-01-08T19:57:10.940+0000] {dag.py:3036} INFO - Sync 1 DAGs
[2026-01-08T19:57:10.970+0000] {logging_mixin.py:188} INFO - [2026-01-08T19:57:10.970+0000] {dag.py:3823} INFO - Setting next_dagrun for notification_workflow to 2026-01-08 00:00:00+00:00, run_after=2026-01-09 00:00:00+00:00
[2026-01-08T19:57:10.998+0000] {processor.py:183} INFO - Processing /opt/airflow/dags/dag5_notification_workflow.py took 0.149 seconds
[2026-01-08T19:57:41.230+0000] {processor.py:161} INFO - Started process (PID=809) to work on /opt/airflow/dags/dag5_notification_workflow.py
[2026-01-08T19:57:41.231+0000] {processor.py:830} INFO - Processing file /opt/airflow/dags/dag5_notification_workflow.py for tasks to queue
[2026-01-08T19:57:41.232+0000] {logging_mixin.py:188} INFO - [2026-01-08T19:57:41.232+0000] {dagbag.py:538} INFO - Filling up the DagBag from /opt/airflow/dags/dag5_notification_workflow.py
[2026-01-08T19:57:41.292+0000] {processor.py:840} INFO - DAG(s) 'notification_workflow' retrieved from /opt/airflow/dags/dag5_notification_workflow.py
[2026-01-08T19:57:41.345+0000] {logging_mixin.py:188} INFO - [2026-01-08T19:57:41.345+0000] {dag.py:3036} INFO - Sync 1 DAGs
[2026-01-08T19:57:41.372+0000] {logging_mixin.py:188} INFO - [2026-01-08T19:57:41.372+0000] {dag.py:3823} INFO - Setting next_dagrun for notification_workflow to 2026-01-08 00:00:00+00:00, run_after=2026-01-09 00:00:00+00:00
[2026-01-08T19:57:41.399+0000] {processor.py:183} INFO - Processing /opt/airflow/dags/dag5_notification_workflow.py took 0.174 seconds
[2026-01-08T19:58:12.011+0000] {processor.py:161} INFO - Started process (PID=837) to work on /opt/airflow/dags/dag5_notification_workflow.py
[2026-01-08T19:58:12.013+0000] {processor.py:830} INFO - Processing file /opt/airflow/dags/dag5_notification_workflow.py for tasks to queue
[2026-01-08T19:58:12.014+0000] {logging_mixin.py:188} INFO - [2026-01-08T19:58:12.014+0000] {dagbag.py:538} INFO - Filling up the DagBag from /opt/airflow/dags/dag5_notification_workflow.py
[2026-01-08T19:58:12.044+0000] {processor.py:840} INFO - DAG(s) 'notification_workflow' retrieved from /opt/airflow/dags/dag5_notification_workflow.py
[2026-01-08T19:58:12.113+0000] {logging_mixin.py:188} INFO - [2026-01-08T19:58:12.112+0000] {dag.py:3036} INFO - Sync 1 DAGs
[2026-01-08T19:58:12.145+0000] {logging_mixin.py:188} INFO - [2026-01-08T19:58:12.145+0000] {dag.py:3823} INFO - Setting next_dagrun for notification_workflow to 2026-01-08 00:00:00+00:00, run_after=2026-01-09 00:00:00+00:00
[2026-01-08T19:58:12.174+0000] {processor.py:183} INFO - Processing /opt/airflow/dags/dag5_notification_workflow.py took 0.168 seconds
[2026-01-08T19:58:42.409+0000] {processor.py:161} INFO - Started process (PID=865) to work on /opt/airflow/dags/dag5_notification_workflow.py
[2026-01-08T19:58:42.411+0000] {processor.py:830} INFO - Processing file /opt/airflow/dags/dag5_notification_workflow.py for tasks to queue
[2026-01-08T19:58:42.415+0000] {logging_mixin.py:188} INFO - [2026-01-08T19:58:42.414+0000] {dagbag.py:538} INFO - Filling up the DagBag from /opt/airflow/dags/dag5_notification_workflow.py
[2026-01-08T19:58:42.462+0000] {processor.py:840} INFO - DAG(s) 'notification_workflow' retrieved from /opt/airflow/dags/dag5_notification_workflow.py
[2026-01-08T19:58:42.503+0000] {logging_mixin.py:188} INFO - [2026-01-08T19:58:42.503+0000] {dag.py:3036} INFO - Sync 1 DAGs
[2026-01-08T19:58:42.529+0000] {logging_mixin.py:188} INFO - [2026-01-08T19:58:42.529+0000] {dag.py:3823} INFO - Setting next_dagrun for notification_workflow to 2026-01-08 00:00:00+00:00, run_after=2026-01-09 00:00:00+00:00
[2026-01-08T19:58:42.552+0000] {processor.py:183} INFO - Processing /opt/airflow/dags/dag5_notification_workflow.py took 0.154 seconds
[2026-01-08T19:59:13.080+0000] {processor.py:161} INFO - Started process (PID=893) to work on /opt/airflow/dags/dag5_notification_workflow.py
[2026-01-08T19:59:13.082+0000] {processor.py:830} INFO - Processing file /opt/airflow/dags/dag5_notification_workflow.py for tasks to queue
[2026-01-08T19:59:13.084+0000] {logging_mixin.py:188} INFO - [2026-01-08T19:59:13.084+0000] {dagbag.py:538} INFO - Filling up the DagBag from /opt/airflow/dags/dag5_notification_workflow.py
[2026-01-08T19:59:13.119+0000] {processor.py:840} INFO - DAG(s) 'notification_workflow' retrieved from /opt/airflow/dags/dag5_notification_workflow.py
[2026-01-08T19:59:13.174+0000] {logging_mixin.py:188} INFO - [2026-01-08T19:59:13.174+0000] {dag.py:3036} INFO - Sync 1 DAGs
[2026-01-08T19:59:13.205+0000] {logging_mixin.py:188} INFO - [2026-01-08T19:59:13.204+0000] {dag.py:3823} INFO - Setting next_dagrun for notification_workflow to 2026-01-08 00:00:00+00:00, run_after=2026-01-09 00:00:00+00:00
[2026-01-08T19:59:13.229+0000] {processor.py:183} INFO - Processing /opt/airflow/dags/dag5_notification_workflow.py took 0.155 seconds
[2026-01-08T19:59:43.328+0000] {processor.py:161} INFO - Started process (PID=921) to work on /opt/airflow/dags/dag5_notification_workflow.py
[2026-01-08T19:59:43.330+0000] {processor.py:830} INFO - Processing file /opt/airflow/dags/dag5_notification_workflow.py for tasks to queue
[2026-01-08T19:59:43.331+0000] {logging_mixin.py:188} INFO - [2026-01-08T19:59:43.331+0000] {dagbag.py:538} INFO - Filling up the DagBag from /opt/airflow/dags/dag5_notification_workflow.py
[2026-01-08T19:59:43.360+0000] {processor.py:840} INFO - DAG(s) 'notification_workflow' retrieved from /opt/airflow/dags/dag5_notification_workflow.py
[2026-01-08T19:59:43.409+0000] {logging_mixin.py:188} INFO - [2026-01-08T19:59:43.409+0000] {dag.py:3036} INFO - Sync 1 DAGs
[2026-01-08T19:59:43.436+0000] {logging_mixin.py:188} INFO - [2026-01-08T19:59:43.436+0000] {dag.py:3823} INFO - Setting next_dagrun for notification_workflow to 2026-01-08 00:00:00+00:00, run_after=2026-01-09 00:00:00+00:00
[2026-01-08T19:59:43.520+0000] {processor.py:183} INFO - Processing /opt/airflow/dags/dag5_notification_workflow.py took 0.198 seconds
[2026-01-08T20:00:14.144+0000] {processor.py:161} INFO - Started process (PID=949) to work on /opt/airflow/dags/dag5_notification_workflow.py
[2026-01-08T20:00:14.146+0000] {processor.py:830} INFO - Processing file /opt/airflow/dags/dag5_notification_workflow.py for tasks to queue
[2026-01-08T20:00:14.148+0000] {logging_mixin.py:188} INFO - [2026-01-08T20:00:14.147+0000] {dagbag.py:538} INFO - Filling up the DagBag from /opt/airflow/dags/dag5_notification_workflow.py
[2026-01-08T20:00:14.191+0000] {processor.py:840} INFO - DAG(s) 'notification_workflow' retrieved from /opt/airflow/dags/dag5_notification_workflow.py
[2026-01-08T20:00:14.241+0000] {logging_mixin.py:188} INFO - [2026-01-08T20:00:14.240+0000] {dag.py:3036} INFO - Sync 1 DAGs
[2026-01-08T20:00:14.274+0000] {logging_mixin.py:188} INFO - [2026-01-08T20:00:14.273+0000] {dag.py:3823} INFO - Setting next_dagrun for notification_workflow to 2026-01-08 00:00:00+00:00, run_after=2026-01-09 00:00:00+00:00
[2026-01-08T20:00:14.361+0000] {processor.py:183} INFO - Processing /opt/airflow/dags/dag5_notification_workflow.py took 0.223 seconds
[2026-01-08T20:00:44.450+0000] {processor.py:161} INFO - Started process (PID=977) to work on /opt/airflow/dags/dag5_notification_workflow.py
[2026-01-08T20:00:44.451+0000] {processor.py:830} INFO - Processing file /opt/airflow/dags/dag5_notification_workflow.py for tasks to queue
[2026-01-08T20:00:44.453+0000] {logging_mixin.py:188} INFO - [2026-01-08T20:00:44.452+0000] {dagbag.py:538} INFO - Filling up the DagBag from /opt/airflow/dags/dag5_notification_workflow.py
[2026-01-08T20:00:44.489+0000] {processor.py:840} INFO - DAG(s) 'notification_workflow' retrieved from /opt/airflow/dags/dag5_notification_workflow.py
[2026-01-08T20:00:44.570+0000] {logging_mixin.py:188} INFO - [2026-01-08T20:00:44.569+0000] {dag.py:3036} INFO - Sync 1 DAGs
[2026-01-08T20:00:44.611+0000] {logging_mixin.py:188} INFO - [2026-01-08T20:00:44.611+0000] {dag.py:3823} INFO - Setting next_dagrun for notification_workflow to 2026-01-08 00:00:00+00:00, run_after=2026-01-09 00:00:00+00:00
[2026-01-08T20:00:44.695+0000] {processor.py:183} INFO - Processing /opt/airflow/dags/dag5_notification_workflow.py took 0.251 seconds
[2026-01-08T20:01:15.168+0000] {processor.py:161} INFO - Started process (PID=1005) to work on /opt/airflow/dags/dag5_notification_workflow.py
[2026-01-08T20:01:15.170+0000] {processor.py:830} INFO - Processing file /opt/airflow/dags/dag5_notification_workflow.py for tasks to queue
[2026-01-08T20:01:15.172+0000] {logging_mixin.py:188} INFO - [2026-01-08T20:01:15.171+0000] {dagbag.py:538} INFO - Filling up the DagBag from /opt/airflow/dags/dag5_notification_workflow.py
[2026-01-08T20:01:15.219+0000] {processor.py:840} INFO - DAG(s) 'notification_workflow' retrieved from /opt/airflow/dags/dag5_notification_workflow.py
[2026-01-08T20:01:15.311+0000] {logging_mixin.py:188} INFO - [2026-01-08T20:01:15.310+0000] {dag.py:3036} INFO - Sync 1 DAGs
[2026-01-08T20:01:15.352+0000] {logging_mixin.py:188} INFO - [2026-01-08T20:01:15.352+0000] {dag.py:3823} INFO - Setting next_dagrun for notification_workflow to 2026-01-08 00:00:00+00:00, run_after=2026-01-09 00:00:00+00:00
[2026-01-08T20:01:15.379+0000] {processor.py:183} INFO - Processing /opt/airflow/dags/dag5_notification_workflow.py took 0.217 seconds
[2026-01-08T20:01:45.465+0000] {processor.py:161} INFO - Started process (PID=1033) to work on /opt/airflow/dags/dag5_notification_workflow.py
[2026-01-08T20:01:45.467+0000] {processor.py:830} INFO - Processing file /opt/airflow/dags/dag5_notification_workflow.py for tasks to queue
[2026-01-08T20:01:45.471+0000] {logging_mixin.py:188} INFO - [2026-01-08T20:01:45.469+0000] {dagbag.py:538} INFO - Filling up the DagBag from /opt/airflow/dags/dag5_notification_workflow.py
[2026-01-08T20:01:45.532+0000] {processor.py:840} INFO - DAG(s) 'notification_workflow' retrieved from /opt/airflow/dags/dag5_notification_workflow.py
[2026-01-08T20:01:45.600+0000] {logging_mixin.py:188} INFO - [2026-01-08T20:01:45.600+0000] {dag.py:3036} INFO - Sync 1 DAGs
[2026-01-08T20:01:45.642+0000] {logging_mixin.py:188} INFO - [2026-01-08T20:01:45.641+0000] {dag.py:3823} INFO - Setting next_dagrun for notification_workflow to 2026-01-08 00:00:00+00:00, run_after=2026-01-09 00:00:00+00:00
[2026-01-08T20:01:45.677+0000] {processor.py:183} INFO - Processing /opt/airflow/dags/dag5_notification_workflow.py took 0.219 seconds
[2026-01-08T20:02:15.772+0000] {processor.py:161} INFO - Started process (PID=1061) to work on /opt/airflow/dags/dag5_notification_workflow.py
[2026-01-08T20:02:15.774+0000] {processor.py:830} INFO - Processing file /opt/airflow/dags/dag5_notification_workflow.py for tasks to queue
[2026-01-08T20:02:15.775+0000] {logging_mixin.py:188} INFO - [2026-01-08T20:02:15.775+0000] {dagbag.py:538} INFO - Filling up the DagBag from /opt/airflow/dags/dag5_notification_workflow.py
[2026-01-08T20:02:15.807+0000] {processor.py:840} INFO - DAG(s) 'notification_workflow' retrieved from /opt/airflow/dags/dag5_notification_workflow.py
[2026-01-08T20:02:15.854+0000] {logging_mixin.py:188} INFO - [2026-01-08T20:02:15.853+0000] {dag.py:3036} INFO - Sync 1 DAGs
[2026-01-08T20:02:15.889+0000] {logging_mixin.py:188} INFO - [2026-01-08T20:02:15.889+0000] {dag.py:3823} INFO - Setting next_dagrun for notification_workflow to 2026-01-08 00:00:00+00:00, run_after=2026-01-09 00:00:00+00:00
[2026-01-08T20:02:15.924+0000] {processor.py:183} INFO - Processing /opt/airflow/dags/dag5_notification_workflow.py took 0.156 seconds
[2026-01-08T20:02:46.312+0000] {processor.py:161} INFO - Started process (PID=1089) to work on /opt/airflow/dags/dag5_notification_workflow.py
[2026-01-08T20:02:46.313+0000] {processor.py:830} INFO - Processing file /opt/airflow/dags/dag5_notification_workflow.py for tasks to queue
[2026-01-08T20:02:46.315+0000] {logging_mixin.py:188} INFO - [2026-01-08T20:02:46.314+0000] {dagbag.py:538} INFO - Filling up the DagBag from /opt/airflow/dags/dag5_notification_workflow.py
[2026-01-08T20:02:46.345+0000] {processor.py:840} INFO - DAG(s) 'notification_workflow' retrieved from /opt/airflow/dags/dag5_notification_workflow.py
[2026-01-08T20:02:46.392+0000] {logging_mixin.py:188} INFO - [2026-01-08T20:02:46.392+0000] {dag.py:3036} INFO - Sync 1 DAGs
[2026-01-08T20:02:46.434+0000] {logging_mixin.py:188} INFO - [2026-01-08T20:02:46.434+0000] {dag.py:3823} INFO - Setting next_dagrun for notification_workflow to 2026-01-08 00:00:00+00:00, run_after=2026-01-09 00:00:00+00:00
[2026-01-08T20:02:46.458+0000] {processor.py:183} INFO - Processing /opt/airflow/dags/dag5_notification_workflow.py took 0.151 seconds
[2026-01-08T20:03:16.958+0000] {processor.py:161} INFO - Started process (PID=1117) to work on /opt/airflow/dags/dag5_notification_workflow.py
[2026-01-08T20:03:16.960+0000] {processor.py:830} INFO - Processing file /opt/airflow/dags/dag5_notification_workflow.py for tasks to queue
[2026-01-08T20:03:16.964+0000] {logging_mixin.py:188} INFO - [2026-01-08T20:03:16.963+0000] {dagbag.py:538} INFO - Filling up the DagBag from /opt/airflow/dags/dag5_notification_workflow.py
[2026-01-08T20:03:17.008+0000] {processor.py:840} INFO - DAG(s) 'notification_workflow' retrieved from /opt/airflow/dags/dag5_notification_workflow.py
[2026-01-08T20:03:17.080+0000] {logging_mixin.py:188} INFO - [2026-01-08T20:03:17.080+0000] {dag.py:3036} INFO - Sync 1 DAGs
[2026-01-08T20:03:17.130+0000] {logging_mixin.py:188} INFO - [2026-01-08T20:03:17.129+0000] {dag.py:3823} INFO - Setting next_dagrun for notification_workflow to 2026-01-08 00:00:00+00:00, run_after=2026-01-09 00:00:00+00:00
[2026-01-08T20:03:17.167+0000] {processor.py:183} INFO - Processing /opt/airflow/dags/dag5_notification_workflow.py took 0.215 seconds
[2026-01-08T20:03:47.753+0000] {processor.py:161} INFO - Started process (PID=1145) to work on /opt/airflow/dags/dag5_notification_workflow.py
[2026-01-08T20:03:47.758+0000] {processor.py:830} INFO - Processing file /opt/airflow/dags/dag5_notification_workflow.py for tasks to queue
[2026-01-08T20:03:47.761+0000] {logging_mixin.py:188} INFO - [2026-01-08T20:03:47.760+0000] {dagbag.py:538} INFO - Filling up the DagBag from /opt/airflow/dags/dag5_notification_workflow.py
[2026-01-08T20:03:47.798+0000] {processor.py:840} INFO - DAG(s) 'notification_workflow' retrieved from /opt/airflow/dags/dag5_notification_workflow.py
[2026-01-08T20:03:47.849+0000] {logging_mixin.py:188} INFO - [2026-01-08T20:03:47.848+0000] {dag.py:3036} INFO - Sync 1 DAGs
[2026-01-08T20:03:47.883+0000] {logging_mixin.py:188} INFO - [2026-01-08T20:03:47.882+0000] {dag.py:3823} INFO - Setting next_dagrun for notification_workflow to 2026-01-08 00:00:00+00:00, run_after=2026-01-09 00:00:00+00:00
[2026-01-08T20:03:47.909+0000] {processor.py:183} INFO - Processing /opt/airflow/dags/dag5_notification_workflow.py took 0.168 seconds
[2026-01-08T20:04:18.490+0000] {processor.py:161} INFO - Started process (PID=1173) to work on /opt/airflow/dags/dag5_notification_workflow.py
[2026-01-08T20:04:18.493+0000] {processor.py:830} INFO - Processing file /opt/airflow/dags/dag5_notification_workflow.py for tasks to queue
[2026-01-08T20:04:18.494+0000] {logging_mixin.py:188} INFO - [2026-01-08T20:04:18.494+0000] {dagbag.py:538} INFO - Filling up the DagBag from /opt/airflow/dags/dag5_notification_workflow.py
[2026-01-08T20:04:18.529+0000] {processor.py:840} INFO - DAG(s) 'notification_workflow' retrieved from /opt/airflow/dags/dag5_notification_workflow.py
[2026-01-08T20:04:18.580+0000] {logging_mixin.py:188} INFO - [2026-01-08T20:04:18.579+0000] {dag.py:3036} INFO - Sync 1 DAGs
[2026-01-08T20:04:18.608+0000] {logging_mixin.py:188} INFO - [2026-01-08T20:04:18.608+0000] {dag.py:3823} INFO - Setting next_dagrun for notification_workflow to 2026-01-08 00:00:00+00:00, run_after=2026-01-09 00:00:00+00:00
[2026-01-08T20:04:18.633+0000] {processor.py:183} INFO - Processing /opt/airflow/dags/dag5_notification_workflow.py took 0.149 seconds
[2026-01-08T20:04:49.245+0000] {processor.py:161} INFO - Started process (PID=1201) to work on /opt/airflow/dags/dag5_notification_workflow.py
[2026-01-08T20:04:49.247+0000] {processor.py:830} INFO - Processing file /opt/airflow/dags/dag5_notification_workflow.py for tasks to queue
[2026-01-08T20:04:49.249+0000] {logging_mixin.py:188} INFO - [2026-01-08T20:04:49.248+0000] {dagbag.py:538} INFO - Filling up the DagBag from /opt/airflow/dags/dag5_notification_workflow.py
[2026-01-08T20:04:49.280+0000] {processor.py:840} INFO - DAG(s) 'notification_workflow' retrieved from /opt/airflow/dags/dag5_notification_workflow.py
[2026-01-08T20:04:49.326+0000] {logging_mixin.py:188} INFO - [2026-01-08T20:04:49.325+0000] {dag.py:3036} INFO - Sync 1 DAGs
[2026-01-08T20:04:49.352+0000] {logging_mixin.py:188} INFO - [2026-01-08T20:04:49.351+0000] {dag.py:3823} INFO - Setting next_dagrun for notification_workflow to 2026-01-08 00:00:00+00:00, run_after=2026-01-09 00:00:00+00:00
[2026-01-08T20:04:49.376+0000] {processor.py:183} INFO - Processing /opt/airflow/dags/dag5_notification_workflow.py took 0.136 seconds
[2026-01-08T20:05:19.487+0000] {processor.py:161} INFO - Started process (PID=1229) to work on /opt/airflow/dags/dag5_notification_workflow.py
[2026-01-08T20:05:19.488+0000] {processor.py:830} INFO - Processing file /opt/airflow/dags/dag5_notification_workflow.py for tasks to queue
[2026-01-08T20:05:19.489+0000] {logging_mixin.py:188} INFO - [2026-01-08T20:05:19.489+0000] {dagbag.py:538} INFO - Filling up the DagBag from /opt/airflow/dags/dag5_notification_workflow.py
[2026-01-08T20:05:19.519+0000] {processor.py:840} INFO - DAG(s) 'notification_workflow' retrieved from /opt/airflow/dags/dag5_notification_workflow.py
[2026-01-08T20:05:19.567+0000] {logging_mixin.py:188} INFO - [2026-01-08T20:05:19.567+0000] {dag.py:3036} INFO - Sync 1 DAGs
[2026-01-08T20:05:19.595+0000] {logging_mixin.py:188} INFO - [2026-01-08T20:05:19.595+0000] {dag.py:3823} INFO - Setting next_dagrun for notification_workflow to 2026-01-08 00:00:00+00:00, run_after=2026-01-09 00:00:00+00:00
[2026-01-08T20:05:19.632+0000] {processor.py:183} INFO - Processing /opt/airflow/dags/dag5_notification_workflow.py took 0.149 seconds
[2026-01-08T20:05:49.718+0000] {processor.py:161} INFO - Started process (PID=1257) to work on /opt/airflow/dags/dag5_notification_workflow.py
[2026-01-08T20:05:49.720+0000] {processor.py:830} INFO - Processing file /opt/airflow/dags/dag5_notification_workflow.py for tasks to queue
[2026-01-08T20:05:49.722+0000] {logging_mixin.py:188} INFO - [2026-01-08T20:05:49.721+0000] {dagbag.py:538} INFO - Filling up the DagBag from /opt/airflow/dags/dag5_notification_workflow.py
[2026-01-08T20:05:49.753+0000] {processor.py:840} INFO - DAG(s) 'notification_workflow' retrieved from /opt/airflow/dags/dag5_notification_workflow.py
[2026-01-08T20:05:49.796+0000] {logging_mixin.py:188} INFO - [2026-01-08T20:05:49.796+0000] {dag.py:3036} INFO - Sync 1 DAGs
[2026-01-08T20:05:49.824+0000] {logging_mixin.py:188} INFO - [2026-01-08T20:05:49.823+0000] {dag.py:3823} INFO - Setting next_dagrun for notification_workflow to 2026-01-08 00:00:00+00:00, run_after=2026-01-09 00:00:00+00:00
[2026-01-08T20:05:49.849+0000] {processor.py:183} INFO - Processing /opt/airflow/dags/dag5_notification_workflow.py took 0.135 seconds
[2026-01-08T20:07:17.126+0000] {processor.py:161} INFO - Started process (PID=186) to work on /opt/airflow/dags/dag5_notification_workflow.py
[2026-01-08T20:07:17.128+0000] {processor.py:830} INFO - Processing file /opt/airflow/dags/dag5_notification_workflow.py for tasks to queue
[2026-01-08T20:07:17.130+0000] {logging_mixin.py:188} INFO - [2026-01-08T20:07:17.129+0000] {dagbag.py:538} INFO - Filling up the DagBag from /opt/airflow/dags/dag5_notification_workflow.py
[2026-01-08T20:07:17.182+0000] {processor.py:840} INFO - DAG(s) 'notification_workflow' retrieved from /opt/airflow/dags/dag5_notification_workflow.py
[2026-01-08T20:07:17.572+0000] {logging_mixin.py:188} INFO - [2026-01-08T20:07:17.571+0000] {dag.py:3036} INFO - Sync 1 DAGs
[2026-01-08T20:07:17.626+0000] {logging_mixin.py:188} INFO - [2026-01-08T20:07:17.626+0000] {dag.py:3823} INFO - Setting next_dagrun for notification_workflow to 2026-01-08 00:00:00+00:00, run_after=2026-01-09 00:00:00+00:00
[2026-01-08T20:07:17.654+0000] {processor.py:183} INFO - Processing /opt/airflow/dags/dag5_notification_workflow.py took 0.537 seconds
[2026-01-08T20:07:48.324+0000] {processor.py:161} INFO - Started process (PID=214) to work on /opt/airflow/dags/dag5_notification_workflow.py
[2026-01-08T20:07:48.326+0000] {processor.py:830} INFO - Processing file /opt/airflow/dags/dag5_notification_workflow.py for tasks to queue
[2026-01-08T20:07:48.327+0000] {logging_mixin.py:188} INFO - [2026-01-08T20:07:48.327+0000] {dagbag.py:538} INFO - Filling up the DagBag from /opt/airflow/dags/dag5_notification_workflow.py
[2026-01-08T20:07:48.364+0000] {processor.py:840} INFO - DAG(s) 'notification_workflow' retrieved from /opt/airflow/dags/dag5_notification_workflow.py
[2026-01-08T20:07:48.413+0000] {logging_mixin.py:188} INFO - [2026-01-08T20:07:48.412+0000] {dag.py:3036} INFO - Sync 1 DAGs
[2026-01-08T20:07:48.442+0000] {logging_mixin.py:188} INFO - [2026-01-08T20:07:48.441+0000] {dag.py:3823} INFO - Setting next_dagrun for notification_workflow to 2026-01-08 00:00:00+00:00, run_after=2026-01-09 00:00:00+00:00
[2026-01-08T20:07:48.466+0000] {processor.py:183} INFO - Processing /opt/airflow/dags/dag5_notification_workflow.py took 0.150 seconds
[2026-01-08T20:08:19.090+0000] {processor.py:161} INFO - Started process (PID=242) to work on /opt/airflow/dags/dag5_notification_workflow.py
[2026-01-08T20:08:19.092+0000] {processor.py:830} INFO - Processing file /opt/airflow/dags/dag5_notification_workflow.py for tasks to queue
[2026-01-08T20:08:19.093+0000] {logging_mixin.py:188} INFO - [2026-01-08T20:08:19.093+0000] {dagbag.py:538} INFO - Filling up the DagBag from /opt/airflow/dags/dag5_notification_workflow.py
[2026-01-08T20:08:19.121+0000] {processor.py:840} INFO - DAG(s) 'notification_workflow' retrieved from /opt/airflow/dags/dag5_notification_workflow.py
[2026-01-08T20:08:19.172+0000] {logging_mixin.py:188} INFO - [2026-01-08T20:08:19.172+0000] {dag.py:3036} INFO - Sync 1 DAGs
[2026-01-08T20:08:19.206+0000] {logging_mixin.py:188} INFO - [2026-01-08T20:08:19.205+0000] {dag.py:3823} INFO - Setting next_dagrun for notification_workflow to 2026-01-08 00:00:00+00:00, run_after=2026-01-09 00:00:00+00:00
[2026-01-08T20:08:19.315+0000] {processor.py:183} INFO - Processing /opt/airflow/dags/dag5_notification_workflow.py took 0.231 seconds
[2026-01-08T20:08:49.973+0000] {processor.py:161} INFO - Started process (PID=270) to work on /opt/airflow/dags/dag5_notification_workflow.py
[2026-01-08T20:08:49.975+0000] {processor.py:830} INFO - Processing file /opt/airflow/dags/dag5_notification_workflow.py for tasks to queue
[2026-01-08T20:08:49.976+0000] {logging_mixin.py:188} INFO - [2026-01-08T20:08:49.976+0000] {dagbag.py:538} INFO - Filling up the DagBag from /opt/airflow/dags/dag5_notification_workflow.py
[2026-01-08T20:08:50.013+0000] {processor.py:840} INFO - DAG(s) 'notification_workflow' retrieved from /opt/airflow/dags/dag5_notification_workflow.py
[2026-01-08T20:08:50.057+0000] {logging_mixin.py:188} INFO - [2026-01-08T20:08:50.057+0000] {dag.py:3036} INFO - Sync 1 DAGs
[2026-01-08T20:08:50.084+0000] {logging_mixin.py:188} INFO - [2026-01-08T20:08:50.083+0000] {dag.py:3823} INFO - Setting next_dagrun for notification_workflow to 2026-01-08 00:00:00+00:00, run_after=2026-01-09 00:00:00+00:00
[2026-01-08T20:08:50.107+0000] {processor.py:183} INFO - Processing /opt/airflow/dags/dag5_notification_workflow.py took 0.138 seconds
[2026-01-08T20:09:20.576+0000] {processor.py:161} INFO - Started process (PID=298) to work on /opt/airflow/dags/dag5_notification_workflow.py
[2026-01-08T20:09:20.578+0000] {processor.py:830} INFO - Processing file /opt/airflow/dags/dag5_notification_workflow.py for tasks to queue
[2026-01-08T20:09:20.579+0000] {logging_mixin.py:188} INFO - [2026-01-08T20:09:20.579+0000] {dagbag.py:538} INFO - Filling up the DagBag from /opt/airflow/dags/dag5_notification_workflow.py
[2026-01-08T20:09:20.616+0000] {processor.py:840} INFO - DAG(s) 'notification_workflow' retrieved from /opt/airflow/dags/dag5_notification_workflow.py
[2026-01-08T20:09:20.661+0000] {logging_mixin.py:188} INFO - [2026-01-08T20:09:20.660+0000] {dag.py:3036} INFO - Sync 1 DAGs
[2026-01-08T20:09:20.690+0000] {logging_mixin.py:188} INFO - [2026-01-08T20:09:20.690+0000] {dag.py:3823} INFO - Setting next_dagrun for notification_workflow to 2026-01-08 00:00:00+00:00, run_after=2026-01-09 00:00:00+00:00
[2026-01-08T20:09:20.713+0000] {processor.py:183} INFO - Processing /opt/airflow/dags/dag5_notification_workflow.py took 0.143 seconds
[2026-01-08T20:09:51.042+0000] {processor.py:161} INFO - Started process (PID=326) to work on /opt/airflow/dags/dag5_notification_workflow.py
[2026-01-08T20:09:51.044+0000] {processor.py:830} INFO - Processing file /opt/airflow/dags/dag5_notification_workflow.py for tasks to queue
[2026-01-08T20:09:51.045+0000] {logging_mixin.py:188} INFO - [2026-01-08T20:09:51.045+0000] {dagbag.py:538} INFO - Filling up the DagBag from /opt/airflow/dags/dag5_notification_workflow.py
[2026-01-08T20:09:51.075+0000] {processor.py:840} INFO - DAG(s) 'notification_workflow' retrieved from /opt/airflow/dags/dag5_notification_workflow.py
[2026-01-08T20:09:51.120+0000] {logging_mixin.py:188} INFO - [2026-01-08T20:09:51.120+0000] {dag.py:3036} INFO - Sync 1 DAGs
[2026-01-08T20:09:51.149+0000] {logging_mixin.py:188} INFO - [2026-01-08T20:09:51.148+0000] {dag.py:3823} INFO - Setting next_dagrun for notification_workflow to 2026-01-08 00:00:00+00:00, run_after=2026-01-09 00:00:00+00:00
[2026-01-08T20:09:51.176+0000] {processor.py:183} INFO - Processing /opt/airflow/dags/dag5_notification_workflow.py took 0.138 seconds
[2026-01-08T20:10:21.758+0000] {processor.py:161} INFO - Started process (PID=354) to work on /opt/airflow/dags/dag5_notification_workflow.py
[2026-01-08T20:10:21.759+0000] {processor.py:830} INFO - Processing file /opt/airflow/dags/dag5_notification_workflow.py for tasks to queue
[2026-01-08T20:10:21.760+0000] {logging_mixin.py:188} INFO - [2026-01-08T20:10:21.760+0000] {dagbag.py:538} INFO - Filling up the DagBag from /opt/airflow/dags/dag5_notification_workflow.py
[2026-01-08T20:10:21.796+0000] {processor.py:840} INFO - DAG(s) 'notification_workflow' retrieved from /opt/airflow/dags/dag5_notification_workflow.py
[2026-01-08T20:10:21.849+0000] {logging_mixin.py:188} INFO - [2026-01-08T20:10:21.849+0000] {dag.py:3036} INFO - Sync 1 DAGs
[2026-01-08T20:10:21.905+0000] {logging_mixin.py:188} INFO - [2026-01-08T20:10:21.905+0000] {dag.py:3823} INFO - Setting next_dagrun for notification_workflow to 2026-01-08 00:00:00+00:00, run_after=2026-01-09 00:00:00+00:00
[2026-01-08T20:10:21.996+0000] {processor.py:183} INFO - Processing /opt/airflow/dags/dag5_notification_workflow.py took 0.242 seconds
[2026-01-08T20:10:52.562+0000] {processor.py:161} INFO - Started process (PID=382) to work on /opt/airflow/dags/dag5_notification_workflow.py
[2026-01-08T20:10:52.563+0000] {processor.py:830} INFO - Processing file /opt/airflow/dags/dag5_notification_workflow.py for tasks to queue
[2026-01-08T20:10:52.565+0000] {logging_mixin.py:188} INFO - [2026-01-08T20:10:52.564+0000] {dagbag.py:538} INFO - Filling up the DagBag from /opt/airflow/dags/dag5_notification_workflow.py
[2026-01-08T20:10:52.597+0000] {processor.py:840} INFO - DAG(s) 'notification_workflow' retrieved from /opt/airflow/dags/dag5_notification_workflow.py
[2026-01-08T20:10:52.647+0000] {logging_mixin.py:188} INFO - [2026-01-08T20:10:52.646+0000] {dag.py:3036} INFO - Sync 1 DAGs
[2026-01-08T20:10:52.693+0000] {logging_mixin.py:188} INFO - [2026-01-08T20:10:52.692+0000] {dag.py:3823} INFO - Setting next_dagrun for notification_workflow to 2026-01-08 00:00:00+00:00, run_after=2026-01-09 00:00:00+00:00
[2026-01-08T20:10:52.720+0000] {processor.py:183} INFO - Processing /opt/airflow/dags/dag5_notification_workflow.py took 0.163 seconds
[2026-01-08T20:11:22.795+0000] {processor.py:161} INFO - Started process (PID=410) to work on /opt/airflow/dags/dag5_notification_workflow.py
[2026-01-08T20:11:22.796+0000] {processor.py:830} INFO - Processing file /opt/airflow/dags/dag5_notification_workflow.py for tasks to queue
[2026-01-08T20:11:22.797+0000] {logging_mixin.py:188} INFO - [2026-01-08T20:11:22.797+0000] {dagbag.py:538} INFO - Filling up the DagBag from /opt/airflow/dags/dag5_notification_workflow.py
[2026-01-08T20:11:22.828+0000] {processor.py:840} INFO - DAG(s) 'notification_workflow' retrieved from /opt/airflow/dags/dag5_notification_workflow.py
[2026-01-08T20:11:22.879+0000] {logging_mixin.py:188} INFO - [2026-01-08T20:11:22.879+0000] {dag.py:3036} INFO - Sync 1 DAGs
[2026-01-08T20:11:22.913+0000] {logging_mixin.py:188} INFO - [2026-01-08T20:11:22.913+0000] {dag.py:3823} INFO - Setting next_dagrun for notification_workflow to 2026-01-08 00:00:00+00:00, run_after=2026-01-09 00:00:00+00:00
[2026-01-08T20:11:23.022+0000] {processor.py:183} INFO - Processing /opt/airflow/dags/dag5_notification_workflow.py took 0.232 seconds
[2026-01-08T20:11:53.632+0000] {processor.py:161} INFO - Started process (PID=438) to work on /opt/airflow/dags/dag5_notification_workflow.py
[2026-01-08T20:11:53.634+0000] {processor.py:830} INFO - Processing file /opt/airflow/dags/dag5_notification_workflow.py for tasks to queue
[2026-01-08T20:11:53.636+0000] {logging_mixin.py:188} INFO - [2026-01-08T20:11:53.635+0000] {dagbag.py:538} INFO - Filling up the DagBag from /opt/airflow/dags/dag5_notification_workflow.py
[2026-01-08T20:11:53.671+0000] {processor.py:840} INFO - DAG(s) 'notification_workflow' retrieved from /opt/airflow/dags/dag5_notification_workflow.py
[2026-01-08T20:11:53.720+0000] {logging_mixin.py:188} INFO - [2026-01-08T20:11:53.720+0000] {dag.py:3036} INFO - Sync 1 DAGs
[2026-01-08T20:11:53.748+0000] {logging_mixin.py:188} INFO - [2026-01-08T20:11:53.748+0000] {dag.py:3823} INFO - Setting next_dagrun for notification_workflow to 2026-01-08 00:00:00+00:00, run_after=2026-01-09 00:00:00+00:00
[2026-01-08T20:11:53.771+0000] {processor.py:183} INFO - Processing /opt/airflow/dags/dag5_notification_workflow.py took 0.145 seconds
[2026-01-08T20:12:24.631+0000] {processor.py:161} INFO - Started process (PID=466) to work on /opt/airflow/dags/dag5_notification_workflow.py
[2026-01-08T20:12:24.633+0000] {processor.py:830} INFO - Processing file /opt/airflow/dags/dag5_notification_workflow.py for tasks to queue
[2026-01-08T20:12:24.634+0000] {logging_mixin.py:188} INFO - [2026-01-08T20:12:24.634+0000] {dagbag.py:538} INFO - Filling up the DagBag from /opt/airflow/dags/dag5_notification_workflow.py
[2026-01-08T20:12:24.691+0000] {processor.py:840} INFO - DAG(s) 'notification_workflow' retrieved from /opt/airflow/dags/dag5_notification_workflow.py
[2026-01-08T20:12:24.749+0000] {logging_mixin.py:188} INFO - [2026-01-08T20:12:24.749+0000] {dag.py:3036} INFO - Sync 1 DAGs
[2026-01-08T20:12:24.777+0000] {logging_mixin.py:188} INFO - [2026-01-08T20:12:24.777+0000] {dag.py:3823} INFO - Setting next_dagrun for notification_workflow to 2026-01-08 00:00:00+00:00, run_after=2026-01-09 00:00:00+00:00
[2026-01-08T20:12:24.798+0000] {processor.py:183} INFO - Processing /opt/airflow/dags/dag5_notification_workflow.py took 0.171 seconds
[2026-01-08T20:12:55.491+0000] {processor.py:161} INFO - Started process (PID=494) to work on /opt/airflow/dags/dag5_notification_workflow.py
[2026-01-08T20:12:55.493+0000] {processor.py:830} INFO - Processing file /opt/airflow/dags/dag5_notification_workflow.py for tasks to queue
[2026-01-08T20:12:55.494+0000] {logging_mixin.py:188} INFO - [2026-01-08T20:12:55.493+0000] {dagbag.py:538} INFO - Filling up the DagBag from /opt/airflow/dags/dag5_notification_workflow.py
[2026-01-08T20:12:55.526+0000] {processor.py:840} INFO - DAG(s) 'notification_workflow' retrieved from /opt/airflow/dags/dag5_notification_workflow.py
[2026-01-08T20:12:55.575+0000] {logging_mixin.py:188} INFO - [2026-01-08T20:12:55.574+0000] {dag.py:3036} INFO - Sync 1 DAGs
[2026-01-08T20:12:55.616+0000] {logging_mixin.py:188} INFO - [2026-01-08T20:12:55.616+0000] {dag.py:3823} INFO - Setting next_dagrun for notification_workflow to 2026-01-08 00:00:00+00:00, run_after=2026-01-09 00:00:00+00:00
[2026-01-08T20:12:55.657+0000] {processor.py:183} INFO - Processing /opt/airflow/dags/dag5_notification_workflow.py took 0.170 seconds
[2026-01-08T20:13:26.364+0000] {processor.py:161} INFO - Started process (PID=522) to work on /opt/airflow/dags/dag5_notification_workflow.py
[2026-01-08T20:13:26.366+0000] {processor.py:830} INFO - Processing file /opt/airflow/dags/dag5_notification_workflow.py for tasks to queue
[2026-01-08T20:13:26.369+0000] {logging_mixin.py:188} INFO - [2026-01-08T20:13:26.368+0000] {dagbag.py:538} INFO - Filling up the DagBag from /opt/airflow/dags/dag5_notification_workflow.py
[2026-01-08T20:13:26.406+0000] {processor.py:840} INFO - DAG(s) 'notification_workflow' retrieved from /opt/airflow/dags/dag5_notification_workflow.py
[2026-01-08T20:13:26.450+0000] {logging_mixin.py:188} INFO - [2026-01-08T20:13:26.450+0000] {dag.py:3036} INFO - Sync 1 DAGs
[2026-01-08T20:13:26.479+0000] {logging_mixin.py:188} INFO - [2026-01-08T20:13:26.479+0000] {dag.py:3823} INFO - Setting next_dagrun for notification_workflow to 2026-01-08 00:00:00+00:00, run_after=2026-01-09 00:00:00+00:00
[2026-01-08T20:13:26.507+0000] {processor.py:183} INFO - Processing /opt/airflow/dags/dag5_notification_workflow.py took 0.148 seconds
[2026-01-08T20:13:57.093+0000] {processor.py:161} INFO - Started process (PID=550) to work on /opt/airflow/dags/dag5_notification_workflow.py
[2026-01-08T20:13:57.095+0000] {processor.py:830} INFO - Processing file /opt/airflow/dags/dag5_notification_workflow.py for tasks to queue
[2026-01-08T20:13:57.097+0000] {logging_mixin.py:188} INFO - [2026-01-08T20:13:57.097+0000] {dagbag.py:538} INFO - Filling up the DagBag from /opt/airflow/dags/dag5_notification_workflow.py
[2026-01-08T20:13:57.141+0000] {processor.py:840} INFO - DAG(s) 'notification_workflow' retrieved from /opt/airflow/dags/dag5_notification_workflow.py
[2026-01-08T20:13:57.208+0000] {logging_mixin.py:188} INFO - [2026-01-08T20:13:57.208+0000] {dag.py:3036} INFO - Sync 1 DAGs
[2026-01-08T20:13:57.239+0000] {logging_mixin.py:188} INFO - [2026-01-08T20:13:57.238+0000] {dag.py:3823} INFO - Setting next_dagrun for notification_workflow to 2026-01-08 00:00:00+00:00, run_after=2026-01-09 00:00:00+00:00
[2026-01-08T20:13:57.374+0000] {processor.py:183} INFO - Processing /opt/airflow/dags/dag5_notification_workflow.py took 0.287 seconds
[2026-01-08T20:14:27.701+0000] {processor.py:161} INFO - Started process (PID=578) to work on /opt/airflow/dags/dag5_notification_workflow.py
[2026-01-08T20:14:27.703+0000] {processor.py:830} INFO - Processing file /opt/airflow/dags/dag5_notification_workflow.py for tasks to queue
[2026-01-08T20:14:27.705+0000] {logging_mixin.py:188} INFO - [2026-01-08T20:14:27.704+0000] {dagbag.py:538} INFO - Filling up the DagBag from /opt/airflow/dags/dag5_notification_workflow.py
[2026-01-08T20:14:27.748+0000] {processor.py:840} INFO - DAG(s) 'notification_workflow' retrieved from /opt/airflow/dags/dag5_notification_workflow.py
[2026-01-08T20:14:27.795+0000] {logging_mixin.py:188} INFO - [2026-01-08T20:14:27.795+0000] {dag.py:3036} INFO - Sync 1 DAGs
[2026-01-08T20:14:27.824+0000] {logging_mixin.py:188} INFO - [2026-01-08T20:14:27.823+0000] {dag.py:3823} INFO - Setting next_dagrun for notification_workflow to 2026-01-08 00:00:00+00:00, run_after=2026-01-09 00:00:00+00:00
[2026-01-08T20:14:27.849+0000] {processor.py:183} INFO - Processing /opt/airflow/dags/dag5_notification_workflow.py took 0.155 seconds
[2026-01-08T20:14:58.512+0000] {processor.py:161} INFO - Started process (PID=606) to work on /opt/airflow/dags/dag5_notification_workflow.py
[2026-01-08T20:14:58.513+0000] {processor.py:830} INFO - Processing file /opt/airflow/dags/dag5_notification_workflow.py for tasks to queue
[2026-01-08T20:14:58.515+0000] {logging_mixin.py:188} INFO - [2026-01-08T20:14:58.515+0000] {dagbag.py:538} INFO - Filling up the DagBag from /opt/airflow/dags/dag5_notification_workflow.py
[2026-01-08T20:14:58.545+0000] {processor.py:840} INFO - DAG(s) 'notification_workflow' retrieved from /opt/airflow/dags/dag5_notification_workflow.py
[2026-01-08T20:14:58.589+0000] {logging_mixin.py:188} INFO - [2026-01-08T20:14:58.589+0000] {dag.py:3036} INFO - Sync 1 DAGs
[2026-01-08T20:14:58.616+0000] {logging_mixin.py:188} INFO - [2026-01-08T20:14:58.616+0000] {dag.py:3823} INFO - Setting next_dagrun for notification_workflow to 2026-01-08 00:00:00+00:00, run_after=2026-01-09 00:00:00+00:00
[2026-01-08T20:14:58.641+0000] {processor.py:183} INFO - Processing /opt/airflow/dags/dag5_notification_workflow.py took 0.135 seconds
[2026-01-08T20:15:29.292+0000] {processor.py:161} INFO - Started process (PID=634) to work on /opt/airflow/dags/dag5_notification_workflow.py
[2026-01-08T20:15:29.294+0000] {processor.py:830} INFO - Processing file /opt/airflow/dags/dag5_notification_workflow.py for tasks to queue
[2026-01-08T20:15:29.296+0000] {logging_mixin.py:188} INFO - [2026-01-08T20:15:29.295+0000] {dagbag.py:538} INFO - Filling up the DagBag from /opt/airflow/dags/dag5_notification_workflow.py
[2026-01-08T20:15:29.330+0000] {processor.py:840} INFO - DAG(s) 'notification_workflow' retrieved from /opt/airflow/dags/dag5_notification_workflow.py
[2026-01-08T20:15:29.382+0000] {logging_mixin.py:188} INFO - [2026-01-08T20:15:29.382+0000] {dag.py:3036} INFO - Sync 1 DAGs
[2026-01-08T20:15:29.419+0000] {logging_mixin.py:188} INFO - [2026-01-08T20:15:29.418+0000] {dag.py:3823} INFO - Setting next_dagrun for notification_workflow to 2026-01-08 00:00:00+00:00, run_after=2026-01-09 00:00:00+00:00
[2026-01-08T20:15:29.446+0000] {processor.py:183} INFO - Processing /opt/airflow/dags/dag5_notification_workflow.py took 0.161 seconds
[2026-01-08T20:16:45.657+0000] {processor.py:161} INFO - Started process (PID=186) to work on /opt/airflow/dags/dag5_notification_workflow.py
[2026-01-08T20:16:45.661+0000] {processor.py:830} INFO - Processing file /opt/airflow/dags/dag5_notification_workflow.py for tasks to queue
[2026-01-08T20:16:45.667+0000] {logging_mixin.py:188} INFO - [2026-01-08T20:16:45.665+0000] {dagbag.py:538} INFO - Filling up the DagBag from /opt/airflow/dags/dag5_notification_workflow.py
[2026-01-08T20:16:45.727+0000] {processor.py:840} INFO - DAG(s) 'notification_workflow' retrieved from /opt/airflow/dags/dag5_notification_workflow.py
[2026-01-08T20:16:46.223+0000] {logging_mixin.py:188} INFO - [2026-01-08T20:16:46.223+0000] {dag.py:3036} INFO - Sync 1 DAGs
[2026-01-08T20:16:46.255+0000] {logging_mixin.py:188} INFO - [2026-01-08T20:16:46.255+0000] {dag.py:3823} INFO - Setting next_dagrun for notification_workflow to 2026-01-08 00:00:00+00:00, run_after=2026-01-09 00:00:00+00:00
[2026-01-08T20:16:46.289+0000] {processor.py:183} INFO - Processing /opt/airflow/dags/dag5_notification_workflow.py took 0.643 seconds
[2026-01-08T20:17:16.892+0000] {processor.py:161} INFO - Started process (PID=214) to work on /opt/airflow/dags/dag5_notification_workflow.py
[2026-01-08T20:17:16.894+0000] {processor.py:830} INFO - Processing file /opt/airflow/dags/dag5_notification_workflow.py for tasks to queue
[2026-01-08T20:17:16.896+0000] {logging_mixin.py:188} INFO - [2026-01-08T20:17:16.895+0000] {dagbag.py:538} INFO - Filling up the DagBag from /opt/airflow/dags/dag5_notification_workflow.py
[2026-01-08T20:17:16.940+0000] {processor.py:840} INFO - DAG(s) 'notification_workflow' retrieved from /opt/airflow/dags/dag5_notification_workflow.py
[2026-01-08T20:17:16.994+0000] {logging_mixin.py:188} INFO - [2026-01-08T20:17:16.994+0000] {dag.py:3036} INFO - Sync 1 DAGs
[2026-01-08T20:17:17.033+0000] {logging_mixin.py:188} INFO - [2026-01-08T20:17:17.033+0000] {dag.py:3823} INFO - Setting next_dagrun for notification_workflow to 2026-01-08 00:00:00+00:00, run_after=2026-01-09 00:00:00+00:00
[2026-01-08T20:17:17.122+0000] {processor.py:183} INFO - Processing /opt/airflow/dags/dag5_notification_workflow.py took 0.236 seconds
[2026-01-08T20:17:47.852+0000] {processor.py:161} INFO - Started process (PID=242) to work on /opt/airflow/dags/dag5_notification_workflow.py
[2026-01-08T20:17:47.854+0000] {processor.py:830} INFO - Processing file /opt/airflow/dags/dag5_notification_workflow.py for tasks to queue
[2026-01-08T20:17:47.855+0000] {logging_mixin.py:188} INFO - [2026-01-08T20:17:47.855+0000] {dagbag.py:538} INFO - Filling up the DagBag from /opt/airflow/dags/dag5_notification_workflow.py
[2026-01-08T20:17:47.897+0000] {processor.py:840} INFO - DAG(s) 'notification_workflow' retrieved from /opt/airflow/dags/dag5_notification_workflow.py
[2026-01-08T20:17:47.942+0000] {logging_mixin.py:188} INFO - [2026-01-08T20:17:47.942+0000] {dag.py:3036} INFO - Sync 1 DAGs
[2026-01-08T20:17:47.968+0000] {logging_mixin.py:188} INFO - [2026-01-08T20:17:47.968+0000] {dag.py:3823} INFO - Setting next_dagrun for notification_workflow to 2026-01-08 00:00:00+00:00, run_after=2026-01-09 00:00:00+00:00
[2026-01-08T20:17:48.063+0000] {processor.py:183} INFO - Processing /opt/airflow/dags/dag5_notification_workflow.py took 0.219 seconds
[2026-01-08T20:18:18.719+0000] {processor.py:161} INFO - Started process (PID=270) to work on /opt/airflow/dags/dag5_notification_workflow.py
[2026-01-08T20:18:18.720+0000] {processor.py:830} INFO - Processing file /opt/airflow/dags/dag5_notification_workflow.py for tasks to queue
[2026-01-08T20:18:18.722+0000] {logging_mixin.py:188} INFO - [2026-01-08T20:18:18.722+0000] {dagbag.py:538} INFO - Filling up the DagBag from /opt/airflow/dags/dag5_notification_workflow.py
[2026-01-08T20:18:18.782+0000] {processor.py:840} INFO - DAG(s) 'notification_workflow' retrieved from /opt/airflow/dags/dag5_notification_workflow.py
[2026-01-08T20:18:18.828+0000] {logging_mixin.py:188} INFO - [2026-01-08T20:18:18.828+0000] {dag.py:3036} INFO - Sync 1 DAGs
[2026-01-08T20:18:18.854+0000] {logging_mixin.py:188} INFO - [2026-01-08T20:18:18.854+0000] {dag.py:3823} INFO - Setting next_dagrun for notification_workflow to 2026-01-08 00:00:00+00:00, run_after=2026-01-09 00:00:00+00:00
[2026-01-08T20:18:18.876+0000] {processor.py:183} INFO - Processing /opt/airflow/dags/dag5_notification_workflow.py took 0.162 seconds
[2026-01-08T20:18:48.991+0000] {processor.py:161} INFO - Started process (PID=298) to work on /opt/airflow/dags/dag5_notification_workflow.py
[2026-01-08T20:18:48.992+0000] {processor.py:830} INFO - Processing file /opt/airflow/dags/dag5_notification_workflow.py for tasks to queue
[2026-01-08T20:18:48.994+0000] {logging_mixin.py:188} INFO - [2026-01-08T20:18:48.993+0000] {dagbag.py:538} INFO - Filling up the DagBag from /opt/airflow/dags/dag5_notification_workflow.py
[2026-01-08T20:18:49.023+0000] {processor.py:840} INFO - DAG(s) 'notification_workflow' retrieved from /opt/airflow/dags/dag5_notification_workflow.py
[2026-01-08T20:18:49.079+0000] {logging_mixin.py:188} INFO - [2026-01-08T20:18:49.079+0000] {dag.py:3036} INFO - Sync 1 DAGs
[2026-01-08T20:18:49.111+0000] {logging_mixin.py:188} INFO - [2026-01-08T20:18:49.111+0000] {dag.py:3823} INFO - Setting next_dagrun for notification_workflow to 2026-01-08 00:00:00+00:00, run_after=2026-01-09 00:00:00+00:00
[2026-01-08T20:18:49.195+0000] {processor.py:183} INFO - Processing /opt/airflow/dags/dag5_notification_workflow.py took 0.209 seconds
[2026-01-08T20:19:19.743+0000] {processor.py:161} INFO - Started process (PID=326) to work on /opt/airflow/dags/dag5_notification_workflow.py
[2026-01-08T20:19:19.746+0000] {processor.py:830} INFO - Processing file /opt/airflow/dags/dag5_notification_workflow.py for tasks to queue
[2026-01-08T20:19:19.748+0000] {logging_mixin.py:188} INFO - [2026-01-08T20:19:19.747+0000] {dagbag.py:538} INFO - Filling up the DagBag from /opt/airflow/dags/dag5_notification_workflow.py
[2026-01-08T20:19:19.782+0000] {processor.py:840} INFO - DAG(s) 'notification_workflow' retrieved from /opt/airflow/dags/dag5_notification_workflow.py
[2026-01-08T20:19:19.837+0000] {logging_mixin.py:188} INFO - [2026-01-08T20:19:19.837+0000] {dag.py:3036} INFO - Sync 1 DAGs
[2026-01-08T20:19:19.867+0000] {logging_mixin.py:188} INFO - [2026-01-08T20:19:19.866+0000] {dag.py:3823} INFO - Setting next_dagrun for notification_workflow to 2026-01-08 00:00:00+00:00, run_after=2026-01-09 00:00:00+00:00
[2026-01-08T20:19:19.892+0000] {processor.py:183} INFO - Processing /opt/airflow/dags/dag5_notification_workflow.py took 0.156 seconds
[2026-01-08T20:19:50.527+0000] {processor.py:161} INFO - Started process (PID=354) to work on /opt/airflow/dags/dag5_notification_workflow.py
[2026-01-08T20:19:50.529+0000] {processor.py:830} INFO - Processing file /opt/airflow/dags/dag5_notification_workflow.py for tasks to queue
[2026-01-08T20:19:50.530+0000] {logging_mixin.py:188} INFO - [2026-01-08T20:19:50.530+0000] {dagbag.py:538} INFO - Filling up the DagBag from /opt/airflow/dags/dag5_notification_workflow.py
[2026-01-08T20:19:50.565+0000] {processor.py:840} INFO - DAG(s) 'notification_workflow' retrieved from /opt/airflow/dags/dag5_notification_workflow.py
[2026-01-08T20:19:50.616+0000] {logging_mixin.py:188} INFO - [2026-01-08T20:19:50.616+0000] {dag.py:3036} INFO - Sync 1 DAGs
[2026-01-08T20:19:50.643+0000] {logging_mixin.py:188} INFO - [2026-01-08T20:19:50.643+0000] {dag.py:3823} INFO - Setting next_dagrun for notification_workflow to 2026-01-08 00:00:00+00:00, run_after=2026-01-09 00:00:00+00:00
[2026-01-08T20:19:50.670+0000] {processor.py:183} INFO - Processing /opt/airflow/dags/dag5_notification_workflow.py took 0.148 seconds
[2026-01-08T20:20:21.273+0000] {processor.py:161} INFO - Started process (PID=382) to work on /opt/airflow/dags/dag5_notification_workflow.py
[2026-01-08T20:20:21.274+0000] {processor.py:830} INFO - Processing file /opt/airflow/dags/dag5_notification_workflow.py for tasks to queue
[2026-01-08T20:20:21.276+0000] {logging_mixin.py:188} INFO - [2026-01-08T20:20:21.275+0000] {dagbag.py:538} INFO - Filling up the DagBag from /opt/airflow/dags/dag5_notification_workflow.py
[2026-01-08T20:20:21.312+0000] {processor.py:840} INFO - DAG(s) 'notification_workflow' retrieved from /opt/airflow/dags/dag5_notification_workflow.py
[2026-01-08T20:20:21.361+0000] {logging_mixin.py:188} INFO - [2026-01-08T20:20:21.360+0000] {dag.py:3036} INFO - Sync 1 DAGs
[2026-01-08T20:20:21.391+0000] {logging_mixin.py:188} INFO - [2026-01-08T20:20:21.391+0000] {dag.py:3823} INFO - Setting next_dagrun for notification_workflow to 2026-01-08 00:00:00+00:00, run_after=2026-01-09 00:00:00+00:00
[2026-01-08T20:20:21.478+0000] {processor.py:183} INFO - Processing /opt/airflow/dags/dag5_notification_workflow.py took 0.210 seconds
[2026-01-08T20:20:51.655+0000] {processor.py:161} INFO - Started process (PID=410) to work on /opt/airflow/dags/dag5_notification_workflow.py
[2026-01-08T20:20:51.658+0000] {processor.py:830} INFO - Processing file /opt/airflow/dags/dag5_notification_workflow.py for tasks to queue
[2026-01-08T20:20:51.660+0000] {logging_mixin.py:188} INFO - [2026-01-08T20:20:51.659+0000] {dagbag.py:538} INFO - Filling up the DagBag from /opt/airflow/dags/dag5_notification_workflow.py
[2026-01-08T20:20:51.694+0000] {processor.py:840} INFO - DAG(s) 'notification_workflow' retrieved from /opt/airflow/dags/dag5_notification_workflow.py
[2026-01-08T20:20:51.744+0000] {logging_mixin.py:188} INFO - [2026-01-08T20:20:51.744+0000] {dag.py:3036} INFO - Sync 1 DAGs
[2026-01-08T20:20:51.777+0000] {logging_mixin.py:188} INFO - [2026-01-08T20:20:51.776+0000] {dag.py:3823} INFO - Setting next_dagrun for notification_workflow to 2026-01-08 00:00:00+00:00, run_after=2026-01-09 00:00:00+00:00
[2026-01-08T20:20:51.811+0000] {processor.py:183} INFO - Processing /opt/airflow/dags/dag5_notification_workflow.py took 0.161 seconds
[2026-01-08T20:21:22.258+0000] {processor.py:161} INFO - Started process (PID=438) to work on /opt/airflow/dags/dag5_notification_workflow.py
[2026-01-08T20:21:22.260+0000] {processor.py:830} INFO - Processing file /opt/airflow/dags/dag5_notification_workflow.py for tasks to queue
[2026-01-08T20:21:22.262+0000] {logging_mixin.py:188} INFO - [2026-01-08T20:21:22.261+0000] {dagbag.py:538} INFO - Filling up the DagBag from /opt/airflow/dags/dag5_notification_workflow.py
[2026-01-08T20:21:22.297+0000] {processor.py:840} INFO - DAG(s) 'notification_workflow' retrieved from /opt/airflow/dags/dag5_notification_workflow.py
[2026-01-08T20:21:22.351+0000] {logging_mixin.py:188} INFO - [2026-01-08T20:21:22.351+0000] {dag.py:3036} INFO - Sync 1 DAGs
[2026-01-08T20:21:22.399+0000] {logging_mixin.py:188} INFO - [2026-01-08T20:21:22.398+0000] {dag.py:3823} INFO - Setting next_dagrun for notification_workflow to 2026-01-08 00:00:00+00:00, run_after=2026-01-09 00:00:00+00:00
[2026-01-08T20:21:22.487+0000] {processor.py:183} INFO - Processing /opt/airflow/dags/dag5_notification_workflow.py took 0.236 seconds
[2026-01-08T20:21:53.155+0000] {processor.py:161} INFO - Started process (PID=466) to work on /opt/airflow/dags/dag5_notification_workflow.py
[2026-01-08T20:21:53.157+0000] {processor.py:830} INFO - Processing file /opt/airflow/dags/dag5_notification_workflow.py for tasks to queue
[2026-01-08T20:21:53.158+0000] {logging_mixin.py:188} INFO - [2026-01-08T20:21:53.157+0000] {dagbag.py:538} INFO - Filling up the DagBag from /opt/airflow/dags/dag5_notification_workflow.py
[2026-01-08T20:21:53.193+0000] {processor.py:840} INFO - DAG(s) 'notification_workflow' retrieved from /opt/airflow/dags/dag5_notification_workflow.py
[2026-01-08T20:21:53.247+0000] {logging_mixin.py:188} INFO - [2026-01-08T20:21:53.247+0000] {dag.py:3036} INFO - Sync 1 DAGs
[2026-01-08T20:21:53.283+0000] {logging_mixin.py:188} INFO - [2026-01-08T20:21:53.282+0000] {dag.py:3823} INFO - Setting next_dagrun for notification_workflow to 2026-01-08 00:00:00+00:00, run_after=2026-01-09 00:00:00+00:00
[2026-01-08T20:21:53.372+0000] {processor.py:183} INFO - Processing /opt/airflow/dags/dag5_notification_workflow.py took 0.221 seconds
[2026-01-08T20:22:24.055+0000] {processor.py:161} INFO - Started process (PID=494) to work on /opt/airflow/dags/dag5_notification_workflow.py
[2026-01-08T20:22:24.058+0000] {processor.py:830} INFO - Processing file /opt/airflow/dags/dag5_notification_workflow.py for tasks to queue
[2026-01-08T20:22:24.059+0000] {logging_mixin.py:188} INFO - [2026-01-08T20:22:24.058+0000] {dagbag.py:538} INFO - Filling up the DagBag from /opt/airflow/dags/dag5_notification_workflow.py
[2026-01-08T20:22:24.096+0000] {processor.py:840} INFO - DAG(s) 'notification_workflow' retrieved from /opt/airflow/dags/dag5_notification_workflow.py
[2026-01-08T20:22:24.151+0000] {logging_mixin.py:188} INFO - [2026-01-08T20:22:24.151+0000] {dag.py:3036} INFO - Sync 1 DAGs
[2026-01-08T20:22:24.186+0000] {logging_mixin.py:188} INFO - [2026-01-08T20:22:24.186+0000] {dag.py:3823} INFO - Setting next_dagrun for notification_workflow to 2026-01-08 00:00:00+00:00, run_after=2026-01-09 00:00:00+00:00
[2026-01-08T20:22:24.213+0000] {processor.py:183} INFO - Processing /opt/airflow/dags/dag5_notification_workflow.py took 0.164 seconds
[2026-01-08T20:22:54.393+0000] {processor.py:161} INFO - Started process (PID=522) to work on /opt/airflow/dags/dag5_notification_workflow.py
[2026-01-08T20:22:54.396+0000] {processor.py:830} INFO - Processing file /opt/airflow/dags/dag5_notification_workflow.py for tasks to queue
[2026-01-08T20:22:54.399+0000] {logging_mixin.py:188} INFO - [2026-01-08T20:22:54.398+0000] {dagbag.py:538} INFO - Filling up the DagBag from /opt/airflow/dags/dag5_notification_workflow.py
[2026-01-08T20:22:54.467+0000] {processor.py:840} INFO - DAG(s) 'notification_workflow' retrieved from /opt/airflow/dags/dag5_notification_workflow.py
[2026-01-08T20:22:54.572+0000] {logging_mixin.py:188} INFO - [2026-01-08T20:22:54.572+0000] {dag.py:3036} INFO - Sync 1 DAGs
[2026-01-08T20:22:54.660+0000] {logging_mixin.py:188} INFO - [2026-01-08T20:22:54.660+0000] {dag.py:3823} INFO - Setting next_dagrun for notification_workflow to 2026-01-08 00:00:00+00:00, run_after=2026-01-09 00:00:00+00:00
[2026-01-08T20:22:54.743+0000] {processor.py:183} INFO - Processing /opt/airflow/dags/dag5_notification_workflow.py took 0.367 seconds
[2026-01-08T20:23:25.693+0000] {processor.py:161} INFO - Started process (PID=550) to work on /opt/airflow/dags/dag5_notification_workflow.py
[2026-01-08T20:23:25.694+0000] {processor.py:830} INFO - Processing file /opt/airflow/dags/dag5_notification_workflow.py for tasks to queue
[2026-01-08T20:23:25.696+0000] {logging_mixin.py:188} INFO - [2026-01-08T20:23:25.695+0000] {dagbag.py:538} INFO - Filling up the DagBag from /opt/airflow/dags/dag5_notification_workflow.py
[2026-01-08T20:23:25.735+0000] {processor.py:840} INFO - DAG(s) 'notification_workflow' retrieved from /opt/airflow/dags/dag5_notification_workflow.py
[2026-01-08T20:23:25.828+0000] {logging_mixin.py:188} INFO - [2026-01-08T20:23:25.827+0000] {dag.py:3036} INFO - Sync 1 DAGs
[2026-01-08T20:23:25.913+0000] {logging_mixin.py:188} INFO - [2026-01-08T20:23:25.913+0000] {dag.py:3823} INFO - Setting next_dagrun for notification_workflow to 2026-01-08 00:00:00+00:00, run_after=2026-01-09 00:00:00+00:00
[2026-01-08T20:23:25.957+0000] {processor.py:183} INFO - Processing /opt/airflow/dags/dag5_notification_workflow.py took 0.270 seconds
[2026-01-08T20:23:56.538+0000] {processor.py:161} INFO - Started process (PID=578) to work on /opt/airflow/dags/dag5_notification_workflow.py
[2026-01-08T20:23:56.540+0000] {processor.py:830} INFO - Processing file /opt/airflow/dags/dag5_notification_workflow.py for tasks to queue
[2026-01-08T20:23:56.541+0000] {logging_mixin.py:188} INFO - [2026-01-08T20:23:56.541+0000] {dagbag.py:538} INFO - Filling up the DagBag from /opt/airflow/dags/dag5_notification_workflow.py
[2026-01-08T20:23:56.576+0000] {processor.py:840} INFO - DAG(s) 'notification_workflow' retrieved from /opt/airflow/dags/dag5_notification_workflow.py
[2026-01-08T20:23:56.624+0000] {logging_mixin.py:188} INFO - [2026-01-08T20:23:56.624+0000] {dag.py:3036} INFO - Sync 1 DAGs
[2026-01-08T20:23:56.677+0000] {logging_mixin.py:188} INFO - [2026-01-08T20:23:56.677+0000] {dag.py:3823} INFO - Setting next_dagrun for notification_workflow to 2026-01-08 00:00:00+00:00, run_after=2026-01-09 00:00:00+00:00
[2026-01-08T20:23:56.716+0000] {processor.py:183} INFO - Processing /opt/airflow/dags/dag5_notification_workflow.py took 0.183 seconds
[2026-01-08T20:24:27.312+0000] {processor.py:161} INFO - Started process (PID=606) to work on /opt/airflow/dags/dag5_notification_workflow.py
[2026-01-08T20:24:27.314+0000] {processor.py:830} INFO - Processing file /opt/airflow/dags/dag5_notification_workflow.py for tasks to queue
[2026-01-08T20:24:27.316+0000] {logging_mixin.py:188} INFO - [2026-01-08T20:24:27.315+0000] {dagbag.py:538} INFO - Filling up the DagBag from /opt/airflow/dags/dag5_notification_workflow.py
[2026-01-08T20:24:27.350+0000] {processor.py:840} INFO - DAG(s) 'notification_workflow' retrieved from /opt/airflow/dags/dag5_notification_workflow.py
[2026-01-08T20:24:27.404+0000] {logging_mixin.py:188} INFO - [2026-01-08T20:24:27.404+0000] {dag.py:3036} INFO - Sync 1 DAGs
[2026-01-08T20:24:27.440+0000] {logging_mixin.py:188} INFO - [2026-01-08T20:24:27.440+0000] {dag.py:3823} INFO - Setting next_dagrun for notification_workflow to 2026-01-08 00:00:00+00:00, run_after=2026-01-09 00:00:00+00:00
[2026-01-08T20:24:27.525+0000] {processor.py:183} INFO - Processing /opt/airflow/dags/dag5_notification_workflow.py took 0.218 seconds
[2026-01-08T20:24:58.054+0000] {processor.py:161} INFO - Started process (PID=634) to work on /opt/airflow/dags/dag5_notification_workflow.py
[2026-01-08T20:24:58.056+0000] {processor.py:830} INFO - Processing file /opt/airflow/dags/dag5_notification_workflow.py for tasks to queue
[2026-01-08T20:24:58.059+0000] {logging_mixin.py:188} INFO - [2026-01-08T20:24:58.058+0000] {dagbag.py:538} INFO - Filling up the DagBag from /opt/airflow/dags/dag5_notification_workflow.py
[2026-01-08T20:24:58.133+0000] {processor.py:840} INFO - DAG(s) 'notification_workflow' retrieved from /opt/airflow/dags/dag5_notification_workflow.py
[2026-01-08T20:24:58.194+0000] {logging_mixin.py:188} INFO - [2026-01-08T20:24:58.194+0000] {dag.py:3036} INFO - Sync 1 DAGs
[2026-01-08T20:24:58.236+0000] {logging_mixin.py:188} INFO - [2026-01-08T20:24:58.235+0000] {dag.py:3823} INFO - Setting next_dagrun for notification_workflow to 2026-01-08 00:00:00+00:00, run_after=2026-01-09 00:00:00+00:00
[2026-01-08T20:24:58.270+0000] {processor.py:183} INFO - Processing /opt/airflow/dags/dag5_notification_workflow.py took 0.225 seconds
[2026-01-08T20:25:28.737+0000] {processor.py:161} INFO - Started process (PID=662) to work on /opt/airflow/dags/dag5_notification_workflow.py
[2026-01-08T20:25:28.738+0000] {processor.py:830} INFO - Processing file /opt/airflow/dags/dag5_notification_workflow.py for tasks to queue
[2026-01-08T20:25:28.740+0000] {logging_mixin.py:188} INFO - [2026-01-08T20:25:28.740+0000] {dagbag.py:538} INFO - Filling up the DagBag from /opt/airflow/dags/dag5_notification_workflow.py
[2026-01-08T20:25:28.778+0000] {processor.py:840} INFO - DAG(s) 'notification_workflow' retrieved from /opt/airflow/dags/dag5_notification_workflow.py
[2026-01-08T20:25:28.825+0000] {logging_mixin.py:188} INFO - [2026-01-08T20:25:28.825+0000] {dag.py:3036} INFO - Sync 1 DAGs
[2026-01-08T20:25:28.863+0000] {logging_mixin.py:188} INFO - [2026-01-08T20:25:28.862+0000] {dag.py:3823} INFO - Setting next_dagrun for notification_workflow to 2026-01-08 00:00:00+00:00, run_after=2026-01-09 00:00:00+00:00
[2026-01-08T20:25:28.892+0000] {processor.py:183} INFO - Processing /opt/airflow/dags/dag5_notification_workflow.py took 0.162 seconds
[2026-01-08T20:25:59.483+0000] {processor.py:161} INFO - Started process (PID=690) to work on /opt/airflow/dags/dag5_notification_workflow.py
[2026-01-08T20:25:59.485+0000] {processor.py:830} INFO - Processing file /opt/airflow/dags/dag5_notification_workflow.py for tasks to queue
[2026-01-08T20:25:59.487+0000] {logging_mixin.py:188} INFO - [2026-01-08T20:25:59.486+0000] {dagbag.py:538} INFO - Filling up the DagBag from /opt/airflow/dags/dag5_notification_workflow.py
[2026-01-08T20:25:59.527+0000] {processor.py:840} INFO - DAG(s) 'notification_workflow' retrieved from /opt/airflow/dags/dag5_notification_workflow.py
[2026-01-08T20:25:59.594+0000] {logging_mixin.py:188} INFO - [2026-01-08T20:25:59.594+0000] {dag.py:3036} INFO - Sync 1 DAGs
[2026-01-08T20:25:59.630+0000] {logging_mixin.py:188} INFO - [2026-01-08T20:25:59.630+0000] {dag.py:3823} INFO - Setting next_dagrun for notification_workflow to 2026-01-08 00:00:00+00:00, run_after=2026-01-09 00:00:00+00:00
[2026-01-08T20:25:59.658+0000] {processor.py:183} INFO - Processing /opt/airflow/dags/dag5_notification_workflow.py took 0.182 seconds
[2026-01-08T20:26:29.720+0000] {processor.py:161} INFO - Started process (PID=718) to work on /opt/airflow/dags/dag5_notification_workflow.py
[2026-01-08T20:26:29.722+0000] {processor.py:830} INFO - Processing file /opt/airflow/dags/dag5_notification_workflow.py for tasks to queue
[2026-01-08T20:26:29.723+0000] {logging_mixin.py:188} INFO - [2026-01-08T20:26:29.723+0000] {dagbag.py:538} INFO - Filling up the DagBag from /opt/airflow/dags/dag5_notification_workflow.py
[2026-01-08T20:26:29.751+0000] {processor.py:840} INFO - DAG(s) 'notification_workflow' retrieved from /opt/airflow/dags/dag5_notification_workflow.py
[2026-01-08T20:26:29.793+0000] {logging_mixin.py:188} INFO - [2026-01-08T20:26:29.792+0000] {dag.py:3036} INFO - Sync 1 DAGs
[2026-01-08T20:26:29.819+0000] {logging_mixin.py:188} INFO - [2026-01-08T20:26:29.819+0000] {dag.py:3823} INFO - Setting next_dagrun for notification_workflow to 2026-01-08 00:00:00+00:00, run_after=2026-01-09 00:00:00+00:00
[2026-01-08T20:26:29.844+0000] {processor.py:183} INFO - Processing /opt/airflow/dags/dag5_notification_workflow.py took 0.128 seconds
[2026-01-08T20:27:00.002+0000] {processor.py:161} INFO - Started process (PID=746) to work on /opt/airflow/dags/dag5_notification_workflow.py
[2026-01-08T20:27:00.004+0000] {processor.py:830} INFO - Processing file /opt/airflow/dags/dag5_notification_workflow.py for tasks to queue
[2026-01-08T20:27:00.011+0000] {logging_mixin.py:188} INFO - [2026-01-08T20:27:00.009+0000] {dagbag.py:538} INFO - Filling up the DagBag from /opt/airflow/dags/dag5_notification_workflow.py
[2026-01-08T20:27:00.057+0000] {processor.py:840} INFO - DAG(s) 'notification_workflow' retrieved from /opt/airflow/dags/dag5_notification_workflow.py
[2026-01-08T20:27:00.104+0000] {logging_mixin.py:188} INFO - [2026-01-08T20:27:00.104+0000] {dag.py:3036} INFO - Sync 1 DAGs
[2026-01-08T20:27:00.135+0000] {logging_mixin.py:188} INFO - [2026-01-08T20:27:00.135+0000] {dag.py:3823} INFO - Setting next_dagrun for notification_workflow to 2026-01-08 00:00:00+00:00, run_after=2026-01-09 00:00:00+00:00
[2026-01-08T20:27:00.164+0000] {processor.py:183} INFO - Processing /opt/airflow/dags/dag5_notification_workflow.py took 0.167 seconds
[2026-01-08T20:27:30.934+0000] {processor.py:161} INFO - Started process (PID=774) to work on /opt/airflow/dags/dag5_notification_workflow.py
[2026-01-08T20:27:30.936+0000] {processor.py:830} INFO - Processing file /opt/airflow/dags/dag5_notification_workflow.py for tasks to queue
[2026-01-08T20:27:30.938+0000] {logging_mixin.py:188} INFO - [2026-01-08T20:27:30.937+0000] {dagbag.py:538} INFO - Filling up the DagBag from /opt/airflow/dags/dag5_notification_workflow.py
[2026-01-08T20:27:30.969+0000] {processor.py:840} INFO - DAG(s) 'notification_workflow' retrieved from /opt/airflow/dags/dag5_notification_workflow.py
[2026-01-08T20:27:31.015+0000] {logging_mixin.py:188} INFO - [2026-01-08T20:27:31.014+0000] {dag.py:3036} INFO - Sync 1 DAGs
[2026-01-08T20:27:31.042+0000] {logging_mixin.py:188} INFO - [2026-01-08T20:27:31.042+0000] {dag.py:3823} INFO - Setting next_dagrun for notification_workflow to 2026-01-08 00:00:00+00:00, run_after=2026-01-09 00:00:00+00:00
[2026-01-08T20:27:31.129+0000] {processor.py:183} INFO - Processing /opt/airflow/dags/dag5_notification_workflow.py took 0.199 seconds
[2026-01-08T20:28:01.431+0000] {processor.py:161} INFO - Started process (PID=802) to work on /opt/airflow/dags/dag5_notification_workflow.py
[2026-01-08T20:28:01.435+0000] {processor.py:830} INFO - Processing file /opt/airflow/dags/dag5_notification_workflow.py for tasks to queue
[2026-01-08T20:28:01.441+0000] {logging_mixin.py:188} INFO - [2026-01-08T20:28:01.440+0000] {dagbag.py:538} INFO - Filling up the DagBag from /opt/airflow/dags/dag5_notification_workflow.py
[2026-01-08T20:28:01.506+0000] {processor.py:840} INFO - DAG(s) 'notification_workflow' retrieved from /opt/airflow/dags/dag5_notification_workflow.py
[2026-01-08T20:28:01.626+0000] {logging_mixin.py:188} INFO - [2026-01-08T20:28:01.625+0000] {dag.py:3036} INFO - Sync 1 DAGs
[2026-01-08T20:28:01.680+0000] {logging_mixin.py:188} INFO - [2026-01-08T20:28:01.679+0000] {dag.py:3823} INFO - Setting next_dagrun for notification_workflow to 2026-01-08 00:00:00+00:00, run_after=2026-01-09 00:00:00+00:00
[2026-01-08T20:28:01.719+0000] {processor.py:183} INFO - Processing /opt/airflow/dags/dag5_notification_workflow.py took 0.297 seconds
[2026-01-08T20:28:32.277+0000] {processor.py:161} INFO - Started process (PID=830) to work on /opt/airflow/dags/dag5_notification_workflow.py
[2026-01-08T20:28:32.279+0000] {processor.py:830} INFO - Processing file /opt/airflow/dags/dag5_notification_workflow.py for tasks to queue
[2026-01-08T20:28:32.281+0000] {logging_mixin.py:188} INFO - [2026-01-08T20:28:32.281+0000] {dagbag.py:538} INFO - Filling up the DagBag from /opt/airflow/dags/dag5_notification_workflow.py
[2026-01-08T20:28:32.316+0000] {processor.py:840} INFO - DAG(s) 'notification_workflow' retrieved from /opt/airflow/dags/dag5_notification_workflow.py
[2026-01-08T20:28:32.363+0000] {logging_mixin.py:188} INFO - [2026-01-08T20:28:32.363+0000] {dag.py:3036} INFO - Sync 1 DAGs
[2026-01-08T20:28:32.396+0000] {logging_mixin.py:188} INFO - [2026-01-08T20:28:32.395+0000] {dag.py:3823} INFO - Setting next_dagrun for notification_workflow to 2026-01-08 00:00:00+00:00, run_after=2026-01-09 00:00:00+00:00
[2026-01-08T20:28:32.483+0000] {processor.py:183} INFO - Processing /opt/airflow/dags/dag5_notification_workflow.py took 0.213 seconds
[2026-01-08T20:29:03.213+0000] {processor.py:161} INFO - Started process (PID=858) to work on /opt/airflow/dags/dag5_notification_workflow.py
[2026-01-08T20:29:03.215+0000] {processor.py:830} INFO - Processing file /opt/airflow/dags/dag5_notification_workflow.py for tasks to queue
[2026-01-08T20:29:03.217+0000] {logging_mixin.py:188} INFO - [2026-01-08T20:29:03.216+0000] {dagbag.py:538} INFO - Filling up the DagBag from /opt/airflow/dags/dag5_notification_workflow.py
[2026-01-08T20:29:03.252+0000] {processor.py:840} INFO - DAG(s) 'notification_workflow' retrieved from /opt/airflow/dags/dag5_notification_workflow.py
[2026-01-08T20:29:03.307+0000] {logging_mixin.py:188} INFO - [2026-01-08T20:29:03.307+0000] {dag.py:3036} INFO - Sync 1 DAGs
[2026-01-08T20:29:03.342+0000] {logging_mixin.py:188} INFO - [2026-01-08T20:29:03.342+0000] {dag.py:3823} INFO - Setting next_dagrun for notification_workflow to 2026-01-08 00:00:00+00:00, run_after=2026-01-09 00:00:00+00:00
[2026-01-08T20:29:03.428+0000] {processor.py:183} INFO - Processing /opt/airflow/dags/dag5_notification_workflow.py took 0.220 seconds
[2026-01-08T20:29:33.891+0000] {processor.py:161} INFO - Started process (PID=886) to work on /opt/airflow/dags/dag5_notification_workflow.py
[2026-01-08T20:29:33.893+0000] {processor.py:830} INFO - Processing file /opt/airflow/dags/dag5_notification_workflow.py for tasks to queue
[2026-01-08T20:29:33.895+0000] {logging_mixin.py:188} INFO - [2026-01-08T20:29:33.894+0000] {dagbag.py:538} INFO - Filling up the DagBag from /opt/airflow/dags/dag5_notification_workflow.py
[2026-01-08T20:29:33.930+0000] {processor.py:840} INFO - DAG(s) 'notification_workflow' retrieved from /opt/airflow/dags/dag5_notification_workflow.py
[2026-01-08T20:29:33.975+0000] {logging_mixin.py:188} INFO - [2026-01-08T20:29:33.975+0000] {dag.py:3036} INFO - Sync 1 DAGs
[2026-01-08T20:29:34.002+0000] {logging_mixin.py:188} INFO - [2026-01-08T20:29:34.001+0000] {dag.py:3823} INFO - Setting next_dagrun for notification_workflow to 2026-01-08 00:00:00+00:00, run_after=2026-01-09 00:00:00+00:00
[2026-01-08T20:29:34.026+0000] {processor.py:183} INFO - Processing /opt/airflow/dags/dag5_notification_workflow.py took 0.140 seconds
[2026-01-08T20:30:04.717+0000] {processor.py:161} INFO - Started process (PID=914) to work on /opt/airflow/dags/dag5_notification_workflow.py
[2026-01-08T20:30:04.719+0000] {processor.py:830} INFO - Processing file /opt/airflow/dags/dag5_notification_workflow.py for tasks to queue
[2026-01-08T20:30:04.720+0000] {logging_mixin.py:188} INFO - [2026-01-08T20:30:04.720+0000] {dagbag.py:538} INFO - Filling up the DagBag from /opt/airflow/dags/dag5_notification_workflow.py
[2026-01-08T20:30:04.769+0000] {processor.py:840} INFO - DAG(s) 'notification_workflow' retrieved from /opt/airflow/dags/dag5_notification_workflow.py
[2026-01-08T20:30:04.817+0000] {logging_mixin.py:188} INFO - [2026-01-08T20:30:04.817+0000] {dag.py:3036} INFO - Sync 1 DAGs
[2026-01-08T20:30:04.850+0000] {logging_mixin.py:188} INFO - [2026-01-08T20:30:04.849+0000] {dag.py:3823} INFO - Setting next_dagrun for notification_workflow to 2026-01-08 00:00:00+00:00, run_after=2026-01-09 00:00:00+00:00
[2026-01-08T20:30:04.881+0000] {processor.py:183} INFO - Processing /opt/airflow/dags/dag5_notification_workflow.py took 0.169 seconds
[2026-01-08T20:30:35.495+0000] {processor.py:161} INFO - Started process (PID=942) to work on /opt/airflow/dags/dag5_notification_workflow.py
[2026-01-08T20:30:35.497+0000] {processor.py:830} INFO - Processing file /opt/airflow/dags/dag5_notification_workflow.py for tasks to queue
[2026-01-08T20:30:35.500+0000] {logging_mixin.py:188} INFO - [2026-01-08T20:30:35.499+0000] {dagbag.py:538} INFO - Filling up the DagBag from /opt/airflow/dags/dag5_notification_workflow.py
[2026-01-08T20:30:35.539+0000] {processor.py:840} INFO - DAG(s) 'notification_workflow' retrieved from /opt/airflow/dags/dag5_notification_workflow.py
[2026-01-08T20:30:35.587+0000] {logging_mixin.py:188} INFO - [2026-01-08T20:30:35.586+0000] {dag.py:3036} INFO - Sync 1 DAGs
[2026-01-08T20:30:35.622+0000] {logging_mixin.py:188} INFO - [2026-01-08T20:30:35.622+0000] {dag.py:3823} INFO - Setting next_dagrun for notification_workflow to 2026-01-08 00:00:00+00:00, run_after=2026-01-09 00:00:00+00:00
[2026-01-08T20:30:35.738+0000] {processor.py:183} INFO - Processing /opt/airflow/dags/dag5_notification_workflow.py took 0.248 seconds
[2026-01-08T20:31:06.071+0000] {processor.py:161} INFO - Started process (PID=970) to work on /opt/airflow/dags/dag5_notification_workflow.py
[2026-01-08T20:31:06.072+0000] {processor.py:830} INFO - Processing file /opt/airflow/dags/dag5_notification_workflow.py for tasks to queue
[2026-01-08T20:31:06.074+0000] {logging_mixin.py:188} INFO - [2026-01-08T20:31:06.073+0000] {dagbag.py:538} INFO - Filling up the DagBag from /opt/airflow/dags/dag5_notification_workflow.py
[2026-01-08T20:31:06.105+0000] {processor.py:840} INFO - DAG(s) 'notification_workflow' retrieved from /opt/airflow/dags/dag5_notification_workflow.py
[2026-01-08T20:31:06.153+0000] {logging_mixin.py:188} INFO - [2026-01-08T20:31:06.153+0000] {dag.py:3036} INFO - Sync 1 DAGs
[2026-01-08T20:31:06.213+0000] {logging_mixin.py:188} INFO - [2026-01-08T20:31:06.213+0000] {dag.py:3823} INFO - Setting next_dagrun for notification_workflow to 2026-01-08 00:00:00+00:00, run_after=2026-01-09 00:00:00+00:00
[2026-01-08T20:31:06.274+0000] {processor.py:183} INFO - Processing /opt/airflow/dags/dag5_notification_workflow.py took 0.208 seconds
[2026-01-08T20:31:36.857+0000] {processor.py:161} INFO - Started process (PID=998) to work on /opt/airflow/dags/dag5_notification_workflow.py
[2026-01-08T20:31:36.859+0000] {processor.py:830} INFO - Processing file /opt/airflow/dags/dag5_notification_workflow.py for tasks to queue
[2026-01-08T20:31:36.861+0000] {logging_mixin.py:188} INFO - [2026-01-08T20:31:36.860+0000] {dagbag.py:538} INFO - Filling up the DagBag from /opt/airflow/dags/dag5_notification_workflow.py
[2026-01-08T20:31:36.906+0000] {processor.py:840} INFO - DAG(s) 'notification_workflow' retrieved from /opt/airflow/dags/dag5_notification_workflow.py
[2026-01-08T20:31:36.956+0000] {logging_mixin.py:188} INFO - [2026-01-08T20:31:36.956+0000] {dag.py:3036} INFO - Sync 1 DAGs
[2026-01-08T20:31:36.984+0000] {logging_mixin.py:188} INFO - [2026-01-08T20:31:36.983+0000] {dag.py:3823} INFO - Setting next_dagrun for notification_workflow to 2026-01-08 00:00:00+00:00, run_after=2026-01-09 00:00:00+00:00
[2026-01-08T20:31:37.010+0000] {processor.py:183} INFO - Processing /opt/airflow/dags/dag5_notification_workflow.py took 0.160 seconds
[2026-01-08T20:32:07.698+0000] {processor.py:161} INFO - Started process (PID=1026) to work on /opt/airflow/dags/dag5_notification_workflow.py
[2026-01-08T20:32:07.700+0000] {processor.py:830} INFO - Processing file /opt/airflow/dags/dag5_notification_workflow.py for tasks to queue
[2026-01-08T20:32:07.701+0000] {logging_mixin.py:188} INFO - [2026-01-08T20:32:07.701+0000] {dagbag.py:538} INFO - Filling up the DagBag from /opt/airflow/dags/dag5_notification_workflow.py
[2026-01-08T20:32:07.734+0000] {processor.py:840} INFO - DAG(s) 'notification_workflow' retrieved from /opt/airflow/dags/dag5_notification_workflow.py
[2026-01-08T20:32:07.792+0000] {logging_mixin.py:188} INFO - [2026-01-08T20:32:07.791+0000] {dag.py:3036} INFO - Sync 1 DAGs
[2026-01-08T20:32:07.829+0000] {logging_mixin.py:188} INFO - [2026-01-08T20:32:07.829+0000] {dag.py:3823} INFO - Setting next_dagrun for notification_workflow to 2026-01-08 00:00:00+00:00, run_after=2026-01-09 00:00:00+00:00
[2026-01-08T20:32:07.860+0000] {processor.py:183} INFO - Processing /opt/airflow/dags/dag5_notification_workflow.py took 0.167 seconds
[2026-01-08T20:32:37.953+0000] {processor.py:161} INFO - Started process (PID=1054) to work on /opt/airflow/dags/dag5_notification_workflow.py
[2026-01-08T20:32:37.955+0000] {processor.py:830} INFO - Processing file /opt/airflow/dags/dag5_notification_workflow.py for tasks to queue
[2026-01-08T20:32:37.956+0000] {logging_mixin.py:188} INFO - [2026-01-08T20:32:37.956+0000] {dagbag.py:538} INFO - Filling up the DagBag from /opt/airflow/dags/dag5_notification_workflow.py
[2026-01-08T20:32:37.986+0000] {processor.py:840} INFO - DAG(s) 'notification_workflow' retrieved from /opt/airflow/dags/dag5_notification_workflow.py
[2026-01-08T20:32:38.035+0000] {logging_mixin.py:188} INFO - [2026-01-08T20:32:38.035+0000] {dag.py:3036} INFO - Sync 1 DAGs
[2026-01-08T20:32:38.064+0000] {logging_mixin.py:188} INFO - [2026-01-08T20:32:38.063+0000] {dag.py:3823} INFO - Setting next_dagrun for notification_workflow to 2026-01-08 00:00:00+00:00, run_after=2026-01-09 00:00:00+00:00
[2026-01-08T20:32:38.090+0000] {processor.py:183} INFO - Processing /opt/airflow/dags/dag5_notification_workflow.py took 0.141 seconds
[2026-01-08T20:33:08.652+0000] {processor.py:161} INFO - Started process (PID=1082) to work on /opt/airflow/dags/dag5_notification_workflow.py
[2026-01-08T20:33:08.656+0000] {processor.py:830} INFO - Processing file /opt/airflow/dags/dag5_notification_workflow.py for tasks to queue
[2026-01-08T20:33:08.660+0000] {logging_mixin.py:188} INFO - [2026-01-08T20:33:08.659+0000] {dagbag.py:538} INFO - Filling up the DagBag from /opt/airflow/dags/dag5_notification_workflow.py
[2026-01-08T20:33:08.700+0000] {processor.py:840} INFO - DAG(s) 'notification_workflow' retrieved from /opt/airflow/dags/dag5_notification_workflow.py
[2026-01-08T20:33:08.747+0000] {logging_mixin.py:188} INFO - [2026-01-08T20:33:08.746+0000] {dag.py:3036} INFO - Sync 1 DAGs
[2026-01-08T20:33:08.778+0000] {logging_mixin.py:188} INFO - [2026-01-08T20:33:08.777+0000] {dag.py:3823} INFO - Setting next_dagrun for notification_workflow to 2026-01-08 00:00:00+00:00, run_after=2026-01-09 00:00:00+00:00
[2026-01-08T20:33:08.852+0000] {processor.py:183} INFO - Processing /opt/airflow/dags/dag5_notification_workflow.py took 0.208 seconds
[2026-01-08T20:33:39.177+0000] {processor.py:161} INFO - Started process (PID=1110) to work on /opt/airflow/dags/dag5_notification_workflow.py
[2026-01-08T20:33:39.179+0000] {processor.py:830} INFO - Processing file /opt/airflow/dags/dag5_notification_workflow.py for tasks to queue
[2026-01-08T20:33:39.181+0000] {logging_mixin.py:188} INFO - [2026-01-08T20:33:39.180+0000] {dagbag.py:538} INFO - Filling up the DagBag from /opt/airflow/dags/dag5_notification_workflow.py
[2026-01-08T20:33:39.226+0000] {processor.py:840} INFO - DAG(s) 'notification_workflow' retrieved from /opt/airflow/dags/dag5_notification_workflow.py
[2026-01-08T20:33:39.274+0000] {logging_mixin.py:188} INFO - [2026-01-08T20:33:39.274+0000] {dag.py:3036} INFO - Sync 1 DAGs
[2026-01-08T20:33:39.302+0000] {logging_mixin.py:188} INFO - [2026-01-08T20:33:39.302+0000] {dag.py:3823} INFO - Setting next_dagrun for notification_workflow to 2026-01-08 00:00:00+00:00, run_after=2026-01-09 00:00:00+00:00
[2026-01-08T20:33:39.327+0000] {processor.py:183} INFO - Processing /opt/airflow/dags/dag5_notification_workflow.py took 0.157 seconds
[2026-01-08T20:34:09.717+0000] {processor.py:161} INFO - Started process (PID=1138) to work on /opt/airflow/dags/dag5_notification_workflow.py
[2026-01-08T20:34:09.718+0000] {processor.py:830} INFO - Processing file /opt/airflow/dags/dag5_notification_workflow.py for tasks to queue
[2026-01-08T20:34:09.720+0000] {logging_mixin.py:188} INFO - [2026-01-08T20:34:09.719+0000] {dagbag.py:538} INFO - Filling up the DagBag from /opt/airflow/dags/dag5_notification_workflow.py
[2026-01-08T20:34:09.776+0000] {processor.py:840} INFO - DAG(s) 'notification_workflow' retrieved from /opt/airflow/dags/dag5_notification_workflow.py
[2026-01-08T20:34:09.826+0000] {logging_mixin.py:188} INFO - [2026-01-08T20:34:09.826+0000] {dag.py:3036} INFO - Sync 1 DAGs
[2026-01-08T20:34:09.858+0000] {logging_mixin.py:188} INFO - [2026-01-08T20:34:09.858+0000] {dag.py:3823} INFO - Setting next_dagrun for notification_workflow to 2026-01-08 00:00:00+00:00, run_after=2026-01-09 00:00:00+00:00
[2026-01-08T20:34:09.895+0000] {processor.py:183} INFO - Processing /opt/airflow/dags/dag5_notification_workflow.py took 0.183 seconds
[2026-01-08T20:34:40.150+0000] {processor.py:161} INFO - Started process (PID=1166) to work on /opt/airflow/dags/dag5_notification_workflow.py
[2026-01-08T20:34:40.152+0000] {processor.py:830} INFO - Processing file /opt/airflow/dags/dag5_notification_workflow.py for tasks to queue
[2026-01-08T20:34:40.154+0000] {logging_mixin.py:188} INFO - [2026-01-08T20:34:40.153+0000] {dagbag.py:538} INFO - Filling up the DagBag from /opt/airflow/dags/dag5_notification_workflow.py
[2026-01-08T20:34:40.196+0000] {processor.py:840} INFO - DAG(s) 'notification_workflow' retrieved from /opt/airflow/dags/dag5_notification_workflow.py
[2026-01-08T20:34:40.245+0000] {logging_mixin.py:188} INFO - [2026-01-08T20:34:40.245+0000] {dag.py:3036} INFO - Sync 1 DAGs
[2026-01-08T20:34:40.274+0000] {logging_mixin.py:188} INFO - [2026-01-08T20:34:40.273+0000] {dag.py:3823} INFO - Setting next_dagrun for notification_workflow to 2026-01-08 00:00:00+00:00, run_after=2026-01-09 00:00:00+00:00
[2026-01-08T20:34:40.297+0000] {processor.py:183} INFO - Processing /opt/airflow/dags/dag5_notification_workflow.py took 0.154 seconds
[2026-01-08T20:35:10.886+0000] {processor.py:161} INFO - Started process (PID=1194) to work on /opt/airflow/dags/dag5_notification_workflow.py
[2026-01-08T20:35:10.889+0000] {processor.py:830} INFO - Processing file /opt/airflow/dags/dag5_notification_workflow.py for tasks to queue
[2026-01-08T20:35:10.891+0000] {logging_mixin.py:188} INFO - [2026-01-08T20:35:10.890+0000] {dagbag.py:538} INFO - Filling up the DagBag from /opt/airflow/dags/dag5_notification_workflow.py
[2026-01-08T20:35:10.922+0000] {processor.py:840} INFO - DAG(s) 'notification_workflow' retrieved from /opt/airflow/dags/dag5_notification_workflow.py
[2026-01-08T20:35:10.996+0000] {logging_mixin.py:188} INFO - [2026-01-08T20:35:10.995+0000] {dag.py:3036} INFO - Sync 1 DAGs
[2026-01-08T20:35:11.028+0000] {logging_mixin.py:188} INFO - [2026-01-08T20:35:11.028+0000] {dag.py:3823} INFO - Setting next_dagrun for notification_workflow to 2026-01-08 00:00:00+00:00, run_after=2026-01-09 00:00:00+00:00
[2026-01-08T20:35:11.051+0000] {processor.py:183} INFO - Processing /opt/airflow/dags/dag5_notification_workflow.py took 0.169 seconds
[2026-01-08T20:35:41.126+0000] {processor.py:161} INFO - Started process (PID=1222) to work on /opt/airflow/dags/dag5_notification_workflow.py
[2026-01-08T20:35:41.127+0000] {processor.py:830} INFO - Processing file /opt/airflow/dags/dag5_notification_workflow.py for tasks to queue
[2026-01-08T20:35:41.129+0000] {logging_mixin.py:188} INFO - [2026-01-08T20:35:41.128+0000] {dagbag.py:538} INFO - Filling up the DagBag from /opt/airflow/dags/dag5_notification_workflow.py
[2026-01-08T20:35:41.155+0000] {processor.py:840} INFO - DAG(s) 'notification_workflow' retrieved from /opt/airflow/dags/dag5_notification_workflow.py
[2026-01-08T20:35:41.216+0000] {logging_mixin.py:188} INFO - [2026-01-08T20:35:41.215+0000] {dag.py:3036} INFO - Sync 1 DAGs
[2026-01-08T20:35:41.260+0000] {logging_mixin.py:188} INFO - [2026-01-08T20:35:41.259+0000] {dag.py:3823} INFO - Setting next_dagrun for notification_workflow to 2026-01-08 00:00:00+00:00, run_after=2026-01-09 00:00:00+00:00
[2026-01-08T20:35:41.285+0000] {processor.py:183} INFO - Processing /opt/airflow/dags/dag5_notification_workflow.py took 0.164 seconds
[2026-01-08T20:36:11.603+0000] {processor.py:161} INFO - Started process (PID=1250) to work on /opt/airflow/dags/dag5_notification_workflow.py
[2026-01-08T20:36:11.605+0000] {processor.py:830} INFO - Processing file /opt/airflow/dags/dag5_notification_workflow.py for tasks to queue
[2026-01-08T20:36:11.606+0000] {logging_mixin.py:188} INFO - [2026-01-08T20:36:11.606+0000] {dagbag.py:538} INFO - Filling up the DagBag from /opt/airflow/dags/dag5_notification_workflow.py
[2026-01-08T20:36:11.643+0000] {processor.py:840} INFO - DAG(s) 'notification_workflow' retrieved from /opt/airflow/dags/dag5_notification_workflow.py
[2026-01-08T20:36:11.698+0000] {logging_mixin.py:188} INFO - [2026-01-08T20:36:11.698+0000] {dag.py:3036} INFO - Sync 1 DAGs
[2026-01-08T20:36:11.744+0000] {logging_mixin.py:188} INFO - [2026-01-08T20:36:11.743+0000] {dag.py:3823} INFO - Setting next_dagrun for notification_workflow to 2026-01-08 00:00:00+00:00, run_after=2026-01-09 00:00:00+00:00
[2026-01-08T20:36:11.769+0000] {processor.py:183} INFO - Processing /opt/airflow/dags/dag5_notification_workflow.py took 0.172 seconds
[2026-01-08T20:36:42.406+0000] {processor.py:161} INFO - Started process (PID=1278) to work on /opt/airflow/dags/dag5_notification_workflow.py
[2026-01-08T20:36:42.407+0000] {processor.py:830} INFO - Processing file /opt/airflow/dags/dag5_notification_workflow.py for tasks to queue
[2026-01-08T20:36:42.409+0000] {logging_mixin.py:188} INFO - [2026-01-08T20:36:42.409+0000] {dagbag.py:538} INFO - Filling up the DagBag from /opt/airflow/dags/dag5_notification_workflow.py
[2026-01-08T20:36:42.449+0000] {processor.py:840} INFO - DAG(s) 'notification_workflow' retrieved from /opt/airflow/dags/dag5_notification_workflow.py
[2026-01-08T20:36:42.497+0000] {logging_mixin.py:188} INFO - [2026-01-08T20:36:42.497+0000] {dag.py:3036} INFO - Sync 1 DAGs
[2026-01-08T20:36:42.529+0000] {logging_mixin.py:188} INFO - [2026-01-08T20:36:42.529+0000] {dag.py:3823} INFO - Setting next_dagrun for notification_workflow to 2026-01-08 00:00:00+00:00, run_after=2026-01-09 00:00:00+00:00
[2026-01-08T20:36:42.558+0000] {processor.py:183} INFO - Processing /opt/airflow/dags/dag5_notification_workflow.py took 0.158 seconds
[2026-01-08T20:37:12.797+0000] {processor.py:161} INFO - Started process (PID=1306) to work on /opt/airflow/dags/dag5_notification_workflow.py
[2026-01-08T20:37:12.800+0000] {processor.py:830} INFO - Processing file /opt/airflow/dags/dag5_notification_workflow.py for tasks to queue
[2026-01-08T20:37:12.802+0000] {logging_mixin.py:188} INFO - [2026-01-08T20:37:12.801+0000] {dagbag.py:538} INFO - Filling up the DagBag from /opt/airflow/dags/dag5_notification_workflow.py
[2026-01-08T20:37:12.841+0000] {processor.py:840} INFO - DAG(s) 'notification_workflow' retrieved from /opt/airflow/dags/dag5_notification_workflow.py
[2026-01-08T20:37:12.900+0000] {logging_mixin.py:188} INFO - [2026-01-08T20:37:12.900+0000] {dag.py:3036} INFO - Sync 1 DAGs
[2026-01-08T20:37:12.934+0000] {logging_mixin.py:188} INFO - [2026-01-08T20:37:12.933+0000] {dag.py:3823} INFO - Setting next_dagrun for notification_workflow to 2026-01-08 00:00:00+00:00, run_after=2026-01-09 00:00:00+00:00
[2026-01-08T20:37:12.961+0000] {processor.py:183} INFO - Processing /opt/airflow/dags/dag5_notification_workflow.py took 0.171 seconds
[2026-01-08T20:37:43.608+0000] {processor.py:161} INFO - Started process (PID=1334) to work on /opt/airflow/dags/dag5_notification_workflow.py
[2026-01-08T20:37:43.610+0000] {processor.py:830} INFO - Processing file /opt/airflow/dags/dag5_notification_workflow.py for tasks to queue
[2026-01-08T20:37:43.611+0000] {logging_mixin.py:188} INFO - [2026-01-08T20:37:43.611+0000] {dagbag.py:538} INFO - Filling up the DagBag from /opt/airflow/dags/dag5_notification_workflow.py
[2026-01-08T20:37:43.661+0000] {processor.py:840} INFO - DAG(s) 'notification_workflow' retrieved from /opt/airflow/dags/dag5_notification_workflow.py
[2026-01-08T20:37:43.706+0000] {logging_mixin.py:188} INFO - [2026-01-08T20:37:43.706+0000] {dag.py:3036} INFO - Sync 1 DAGs
[2026-01-08T20:37:43.740+0000] {logging_mixin.py:188} INFO - [2026-01-08T20:37:43.740+0000] {dag.py:3823} INFO - Setting next_dagrun for notification_workflow to 2026-01-08 00:00:00+00:00, run_after=2026-01-09 00:00:00+00:00
[2026-01-08T20:37:43.765+0000] {processor.py:183} INFO - Processing /opt/airflow/dags/dag5_notification_workflow.py took 0.162 seconds
[2026-01-08T20:38:13.829+0000] {processor.py:161} INFO - Started process (PID=1362) to work on /opt/airflow/dags/dag5_notification_workflow.py
[2026-01-08T20:38:13.830+0000] {processor.py:830} INFO - Processing file /opt/airflow/dags/dag5_notification_workflow.py for tasks to queue
[2026-01-08T20:38:13.832+0000] {logging_mixin.py:188} INFO - [2026-01-08T20:38:13.831+0000] {dagbag.py:538} INFO - Filling up the DagBag from /opt/airflow/dags/dag5_notification_workflow.py
[2026-01-08T20:38:13.862+0000] {processor.py:840} INFO - DAG(s) 'notification_workflow' retrieved from /opt/airflow/dags/dag5_notification_workflow.py
[2026-01-08T20:38:13.909+0000] {logging_mixin.py:188} INFO - [2026-01-08T20:38:13.908+0000] {dag.py:3036} INFO - Sync 1 DAGs
[2026-01-08T20:38:13.940+0000] {logging_mixin.py:188} INFO - [2026-01-08T20:38:13.939+0000] {dag.py:3823} INFO - Setting next_dagrun for notification_workflow to 2026-01-08 00:00:00+00:00, run_after=2026-01-09 00:00:00+00:00
[2026-01-08T20:38:14.040+0000] {processor.py:183} INFO - Processing /opt/airflow/dags/dag5_notification_workflow.py took 0.217 seconds
[2026-01-08T20:38:44.741+0000] {processor.py:161} INFO - Started process (PID=1390) to work on /opt/airflow/dags/dag5_notification_workflow.py
[2026-01-08T20:38:44.743+0000] {processor.py:830} INFO - Processing file /opt/airflow/dags/dag5_notification_workflow.py for tasks to queue
[2026-01-08T20:38:44.745+0000] {logging_mixin.py:188} INFO - [2026-01-08T20:38:44.744+0000] {dagbag.py:538} INFO - Filling up the DagBag from /opt/airflow/dags/dag5_notification_workflow.py
[2026-01-08T20:38:44.786+0000] {processor.py:840} INFO - DAG(s) 'notification_workflow' retrieved from /opt/airflow/dags/dag5_notification_workflow.py
[2026-01-08T20:38:44.847+0000] {logging_mixin.py:188} INFO - [2026-01-08T20:38:44.846+0000] {dag.py:3036} INFO - Sync 1 DAGs
[2026-01-08T20:38:44.878+0000] {logging_mixin.py:188} INFO - [2026-01-08T20:38:44.878+0000] {dag.py:3823} INFO - Setting next_dagrun for notification_workflow to 2026-01-08 00:00:00+00:00, run_after=2026-01-09 00:00:00+00:00
[2026-01-08T20:38:44.965+0000] {processor.py:183} INFO - Processing /opt/airflow/dags/dag5_notification_workflow.py took 0.230 seconds
[2026-01-08T20:39:15.253+0000] {processor.py:161} INFO - Started process (PID=1418) to work on /opt/airflow/dags/dag5_notification_workflow.py
[2026-01-08T20:39:15.254+0000] {processor.py:830} INFO - Processing file /opt/airflow/dags/dag5_notification_workflow.py for tasks to queue
[2026-01-08T20:39:15.256+0000] {logging_mixin.py:188} INFO - [2026-01-08T20:39:15.256+0000] {dagbag.py:538} INFO - Filling up the DagBag from /opt/airflow/dags/dag5_notification_workflow.py
[2026-01-08T20:39:15.285+0000] {processor.py:840} INFO - DAG(s) 'notification_workflow' retrieved from /opt/airflow/dags/dag5_notification_workflow.py
[2026-01-08T20:39:15.335+0000] {logging_mixin.py:188} INFO - [2026-01-08T20:39:15.335+0000] {dag.py:3036} INFO - Sync 1 DAGs
[2026-01-08T20:39:15.378+0000] {logging_mixin.py:188} INFO - [2026-01-08T20:39:15.377+0000] {dag.py:3823} INFO - Setting next_dagrun for notification_workflow to 2026-01-08 00:00:00+00:00, run_after=2026-01-09 00:00:00+00:00
[2026-01-08T20:39:15.407+0000] {processor.py:183} INFO - Processing /opt/airflow/dags/dag5_notification_workflow.py took 0.158 seconds
[2026-01-08T20:39:46.006+0000] {processor.py:161} INFO - Started process (PID=1446) to work on /opt/airflow/dags/dag5_notification_workflow.py
[2026-01-08T20:39:46.008+0000] {processor.py:830} INFO - Processing file /opt/airflow/dags/dag5_notification_workflow.py for tasks to queue
[2026-01-08T20:39:46.009+0000] {logging_mixin.py:188} INFO - [2026-01-08T20:39:46.009+0000] {dagbag.py:538} INFO - Filling up the DagBag from /opt/airflow/dags/dag5_notification_workflow.py
[2026-01-08T20:39:46.039+0000] {processor.py:840} INFO - DAG(s) 'notification_workflow' retrieved from /opt/airflow/dags/dag5_notification_workflow.py
[2026-01-08T20:39:46.114+0000] {logging_mixin.py:188} INFO - [2026-01-08T20:39:46.114+0000] {dag.py:3036} INFO - Sync 1 DAGs
[2026-01-08T20:39:46.154+0000] {logging_mixin.py:188} INFO - [2026-01-08T20:39:46.153+0000] {dag.py:3823} INFO - Setting next_dagrun for notification_workflow to 2026-01-08 00:00:00+00:00, run_after=2026-01-09 00:00:00+00:00
[2026-01-08T20:39:46.185+0000] {processor.py:183} INFO - Processing /opt/airflow/dags/dag5_notification_workflow.py took 0.185 seconds
[2026-01-08T20:40:16.317+0000] {processor.py:161} INFO - Started process (PID=1474) to work on /opt/airflow/dags/dag5_notification_workflow.py
[2026-01-08T20:40:16.319+0000] {processor.py:830} INFO - Processing file /opt/airflow/dags/dag5_notification_workflow.py for tasks to queue
[2026-01-08T20:40:16.320+0000] {logging_mixin.py:188} INFO - [2026-01-08T20:40:16.320+0000] {dagbag.py:538} INFO - Filling up the DagBag from /opt/airflow/dags/dag5_notification_workflow.py
[2026-01-08T20:40:16.351+0000] {processor.py:840} INFO - DAG(s) 'notification_workflow' retrieved from /opt/airflow/dags/dag5_notification_workflow.py
[2026-01-08T20:40:16.403+0000] {logging_mixin.py:188} INFO - [2026-01-08T20:40:16.402+0000] {dag.py:3036} INFO - Sync 1 DAGs
[2026-01-08T20:40:16.456+0000] {logging_mixin.py:188} INFO - [2026-01-08T20:40:16.456+0000] {dag.py:3823} INFO - Setting next_dagrun for notification_workflow to 2026-01-08 00:00:00+00:00, run_after=2026-01-09 00:00:00+00:00
[2026-01-08T20:40:16.497+0000] {processor.py:183} INFO - Processing /opt/airflow/dags/dag5_notification_workflow.py took 0.185 seconds
[2026-01-08T20:40:47.084+0000] {processor.py:161} INFO - Started process (PID=1502) to work on /opt/airflow/dags/dag5_notification_workflow.py
[2026-01-08T20:40:47.085+0000] {processor.py:830} INFO - Processing file /opt/airflow/dags/dag5_notification_workflow.py for tasks to queue
[2026-01-08T20:40:47.086+0000] {logging_mixin.py:188} INFO - [2026-01-08T20:40:47.086+0000] {dagbag.py:538} INFO - Filling up the DagBag from /opt/airflow/dags/dag5_notification_workflow.py
[2026-01-08T20:40:47.120+0000] {processor.py:840} INFO - DAG(s) 'notification_workflow' retrieved from /opt/airflow/dags/dag5_notification_workflow.py
[2026-01-08T20:40:47.176+0000] {logging_mixin.py:188} INFO - [2026-01-08T20:40:47.176+0000] {dag.py:3036} INFO - Sync 1 DAGs
[2026-01-08T20:40:47.209+0000] {logging_mixin.py:188} INFO - [2026-01-08T20:40:47.209+0000] {dag.py:3823} INFO - Setting next_dagrun for notification_workflow to 2026-01-08 00:00:00+00:00, run_after=2026-01-09 00:00:00+00:00
[2026-01-08T20:40:47.231+0000] {processor.py:183} INFO - Processing /opt/airflow/dags/dag5_notification_workflow.py took 0.152 seconds
[2026-01-08T20:41:17.839+0000] {processor.py:161} INFO - Started process (PID=1530) to work on /opt/airflow/dags/dag5_notification_workflow.py
[2026-01-08T20:41:17.840+0000] {processor.py:830} INFO - Processing file /opt/airflow/dags/dag5_notification_workflow.py for tasks to queue
[2026-01-08T20:41:17.842+0000] {logging_mixin.py:188} INFO - [2026-01-08T20:41:17.842+0000] {dagbag.py:538} INFO - Filling up the DagBag from /opt/airflow/dags/dag5_notification_workflow.py
[2026-01-08T20:41:17.882+0000] {processor.py:840} INFO - DAG(s) 'notification_workflow' retrieved from /opt/airflow/dags/dag5_notification_workflow.py
[2026-01-08T20:41:17.930+0000] {logging_mixin.py:188} INFO - [2026-01-08T20:41:17.929+0000] {dag.py:3036} INFO - Sync 1 DAGs
[2026-01-08T20:41:17.957+0000] {logging_mixin.py:188} INFO - [2026-01-08T20:41:17.956+0000] {dag.py:3823} INFO - Setting next_dagrun for notification_workflow to 2026-01-08 00:00:00+00:00, run_after=2026-01-09 00:00:00+00:00
[2026-01-08T20:41:17.982+0000] {processor.py:183} INFO - Processing /opt/airflow/dags/dag5_notification_workflow.py took 0.149 seconds
[2026-01-08T20:41:48.134+0000] {processor.py:161} INFO - Started process (PID=1558) to work on /opt/airflow/dags/dag5_notification_workflow.py
[2026-01-08T20:41:48.136+0000] {processor.py:830} INFO - Processing file /opt/airflow/dags/dag5_notification_workflow.py for tasks to queue
[2026-01-08T20:41:48.138+0000] {logging_mixin.py:188} INFO - [2026-01-08T20:41:48.137+0000] {dagbag.py:538} INFO - Filling up the DagBag from /opt/airflow/dags/dag5_notification_workflow.py
[2026-01-08T20:41:48.173+0000] {processor.py:840} INFO - DAG(s) 'notification_workflow' retrieved from /opt/airflow/dags/dag5_notification_workflow.py
[2026-01-08T20:41:48.219+0000] {logging_mixin.py:188} INFO - [2026-01-08T20:41:48.219+0000] {dag.py:3036} INFO - Sync 1 DAGs
[2026-01-08T20:41:48.253+0000] {logging_mixin.py:188} INFO - [2026-01-08T20:41:48.253+0000] {dag.py:3823} INFO - Setting next_dagrun for notification_workflow to 2026-01-08 00:00:00+00:00, run_after=2026-01-09 00:00:00+00:00
[2026-01-08T20:41:48.278+0000] {processor.py:183} INFO - Processing /opt/airflow/dags/dag5_notification_workflow.py took 0.151 seconds
[2026-01-08T20:42:18.387+0000] {processor.py:161} INFO - Started process (PID=1586) to work on /opt/airflow/dags/dag5_notification_workflow.py
[2026-01-08T20:42:18.388+0000] {processor.py:830} INFO - Processing file /opt/airflow/dags/dag5_notification_workflow.py for tasks to queue
[2026-01-08T20:42:18.390+0000] {logging_mixin.py:188} INFO - [2026-01-08T20:42:18.390+0000] {dagbag.py:538} INFO - Filling up the DagBag from /opt/airflow/dags/dag5_notification_workflow.py
[2026-01-08T20:42:18.425+0000] {processor.py:840} INFO - DAG(s) 'notification_workflow' retrieved from /opt/airflow/dags/dag5_notification_workflow.py
[2026-01-08T20:42:18.479+0000] {logging_mixin.py:188} INFO - [2026-01-08T20:42:18.478+0000] {dag.py:3036} INFO - Sync 1 DAGs
[2026-01-08T20:42:18.511+0000] {logging_mixin.py:188} INFO - [2026-01-08T20:42:18.511+0000] {dag.py:3823} INFO - Setting next_dagrun for notification_workflow to 2026-01-08 00:00:00+00:00, run_after=2026-01-09 00:00:00+00:00
[2026-01-08T20:42:18.539+0000] {processor.py:183} INFO - Processing /opt/airflow/dags/dag5_notification_workflow.py took 0.157 seconds
[2026-01-08T20:42:49.052+0000] {processor.py:161} INFO - Started process (PID=1614) to work on /opt/airflow/dags/dag5_notification_workflow.py
[2026-01-08T20:42:49.053+0000] {processor.py:830} INFO - Processing file /opt/airflow/dags/dag5_notification_workflow.py for tasks to queue
[2026-01-08T20:42:49.055+0000] {logging_mixin.py:188} INFO - [2026-01-08T20:42:49.055+0000] {dagbag.py:538} INFO - Filling up the DagBag from /opt/airflow/dags/dag5_notification_workflow.py
[2026-01-08T20:42:49.084+0000] {processor.py:840} INFO - DAG(s) 'notification_workflow' retrieved from /opt/airflow/dags/dag5_notification_workflow.py
[2026-01-08T20:42:49.138+0000] {logging_mixin.py:188} INFO - [2026-01-08T20:42:49.137+0000] {dag.py:3036} INFO - Sync 1 DAGs
[2026-01-08T20:42:49.178+0000] {logging_mixin.py:188} INFO - [2026-01-08T20:42:49.178+0000] {dag.py:3823} INFO - Setting next_dagrun for notification_workflow to 2026-01-08 00:00:00+00:00, run_after=2026-01-09 00:00:00+00:00
[2026-01-08T20:42:49.209+0000] {processor.py:183} INFO - Processing /opt/airflow/dags/dag5_notification_workflow.py took 0.163 seconds
[2026-01-08T20:43:19.765+0000] {processor.py:161} INFO - Started process (PID=1642) to work on /opt/airflow/dags/dag5_notification_workflow.py
[2026-01-08T20:43:19.767+0000] {processor.py:830} INFO - Processing file /opt/airflow/dags/dag5_notification_workflow.py for tasks to queue
[2026-01-08T20:43:19.768+0000] {logging_mixin.py:188} INFO - [2026-01-08T20:43:19.767+0000] {dagbag.py:538} INFO - Filling up the DagBag from /opt/airflow/dags/dag5_notification_workflow.py
[2026-01-08T20:43:19.798+0000] {processor.py:840} INFO - DAG(s) 'notification_workflow' retrieved from /opt/airflow/dags/dag5_notification_workflow.py
[2026-01-08T20:43:19.841+0000] {logging_mixin.py:188} INFO - [2026-01-08T20:43:19.841+0000] {dag.py:3036} INFO - Sync 1 DAGs
[2026-01-08T20:43:19.867+0000] {logging_mixin.py:188} INFO - [2026-01-08T20:43:19.866+0000] {dag.py:3823} INFO - Setting next_dagrun for notification_workflow to 2026-01-08 00:00:00+00:00, run_after=2026-01-09 00:00:00+00:00
[2026-01-08T20:43:19.950+0000] {processor.py:183} INFO - Processing /opt/airflow/dags/dag5_notification_workflow.py took 0.190 seconds
[2026-01-08T20:43:50.652+0000] {processor.py:161} INFO - Started process (PID=1670) to work on /opt/airflow/dags/dag5_notification_workflow.py
[2026-01-08T20:43:50.654+0000] {processor.py:830} INFO - Processing file /opt/airflow/dags/dag5_notification_workflow.py for tasks to queue
[2026-01-08T20:43:50.656+0000] {logging_mixin.py:188} INFO - [2026-01-08T20:43:50.655+0000] {dagbag.py:538} INFO - Filling up the DagBag from /opt/airflow/dags/dag5_notification_workflow.py
[2026-01-08T20:43:50.685+0000] {processor.py:840} INFO - DAG(s) 'notification_workflow' retrieved from /opt/airflow/dags/dag5_notification_workflow.py
[2026-01-08T20:43:50.726+0000] {logging_mixin.py:188} INFO - [2026-01-08T20:43:50.725+0000] {dag.py:3036} INFO - Sync 1 DAGs
[2026-01-08T20:43:50.752+0000] {logging_mixin.py:188} INFO - [2026-01-08T20:43:50.752+0000] {dag.py:3823} INFO - Setting next_dagrun for notification_workflow to 2026-01-08 00:00:00+00:00, run_after=2026-01-09 00:00:00+00:00
[2026-01-08T20:43:50.776+0000] {processor.py:183} INFO - Processing /opt/airflow/dags/dag5_notification_workflow.py took 0.128 seconds
[2026-01-08T20:44:21.337+0000] {processor.py:161} INFO - Started process (PID=1698) to work on /opt/airflow/dags/dag5_notification_workflow.py
[2026-01-08T20:44:21.338+0000] {processor.py:830} INFO - Processing file /opt/airflow/dags/dag5_notification_workflow.py for tasks to queue
[2026-01-08T20:44:21.339+0000] {logging_mixin.py:188} INFO - [2026-01-08T20:44:21.339+0000] {dagbag.py:538} INFO - Filling up the DagBag from /opt/airflow/dags/dag5_notification_workflow.py
[2026-01-08T20:44:21.369+0000] {processor.py:840} INFO - DAG(s) 'notification_workflow' retrieved from /opt/airflow/dags/dag5_notification_workflow.py
[2026-01-08T20:44:21.412+0000] {logging_mixin.py:188} INFO - [2026-01-08T20:44:21.412+0000] {dag.py:3036} INFO - Sync 1 DAGs
[2026-01-08T20:44:21.439+0000] {logging_mixin.py:188} INFO - [2026-01-08T20:44:21.438+0000] {dag.py:3823} INFO - Setting next_dagrun for notification_workflow to 2026-01-08 00:00:00+00:00, run_after=2026-01-09 00:00:00+00:00
[2026-01-08T20:44:21.462+0000] {processor.py:183} INFO - Processing /opt/airflow/dags/dag5_notification_workflow.py took 0.132 seconds
[2026-01-08T20:44:52.131+0000] {processor.py:161} INFO - Started process (PID=1726) to work on /opt/airflow/dags/dag5_notification_workflow.py
[2026-01-08T20:44:52.133+0000] {processor.py:830} INFO - Processing file /opt/airflow/dags/dag5_notification_workflow.py for tasks to queue
[2026-01-08T20:44:52.134+0000] {logging_mixin.py:188} INFO - [2026-01-08T20:44:52.134+0000] {dagbag.py:538} INFO - Filling up the DagBag from /opt/airflow/dags/dag5_notification_workflow.py
[2026-01-08T20:44:52.164+0000] {processor.py:840} INFO - DAG(s) 'notification_workflow' retrieved from /opt/airflow/dags/dag5_notification_workflow.py
[2026-01-08T20:44:52.207+0000] {logging_mixin.py:188} INFO - [2026-01-08T20:44:52.207+0000] {dag.py:3036} INFO - Sync 1 DAGs
[2026-01-08T20:44:52.233+0000] {logging_mixin.py:188} INFO - [2026-01-08T20:44:52.233+0000] {dag.py:3823} INFO - Setting next_dagrun for notification_workflow to 2026-01-08 00:00:00+00:00, run_after=2026-01-09 00:00:00+00:00
[2026-01-08T20:44:52.257+0000] {processor.py:183} INFO - Processing /opt/airflow/dags/dag5_notification_workflow.py took 0.131 seconds
[2026-01-08T20:45:22.697+0000] {processor.py:161} INFO - Started process (PID=1752) to work on /opt/airflow/dags/dag5_notification_workflow.py
[2026-01-08T20:45:22.699+0000] {processor.py:830} INFO - Processing file /opt/airflow/dags/dag5_notification_workflow.py for tasks to queue
[2026-01-08T20:45:22.700+0000] {logging_mixin.py:188} INFO - [2026-01-08T20:45:22.700+0000] {dagbag.py:538} INFO - Filling up the DagBag from /opt/airflow/dags/dag5_notification_workflow.py
[2026-01-08T20:45:22.730+0000] {processor.py:840} INFO - DAG(s) 'notification_workflow' retrieved from /opt/airflow/dags/dag5_notification_workflow.py
[2026-01-08T20:45:22.781+0000] {logging_mixin.py:188} INFO - [2026-01-08T20:45:22.780+0000] {dag.py:3036} INFO - Sync 1 DAGs
[2026-01-08T20:45:22.814+0000] {logging_mixin.py:188} INFO - [2026-01-08T20:45:22.813+0000] {dag.py:3823} INFO - Setting next_dagrun for notification_workflow to 2026-01-08 00:00:00+00:00, run_after=2026-01-09 00:00:00+00:00
[2026-01-08T20:45:22.879+0000] {processor.py:183} INFO - Processing /opt/airflow/dags/dag5_notification_workflow.py took 0.186 seconds
[2026-01-08T20:45:53.318+0000] {processor.py:161} INFO - Started process (PID=1776) to work on /opt/airflow/dags/dag5_notification_workflow.py
[2026-01-08T20:45:53.320+0000] {processor.py:830} INFO - Processing file /opt/airflow/dags/dag5_notification_workflow.py for tasks to queue
[2026-01-08T20:45:53.321+0000] {logging_mixin.py:188} INFO - [2026-01-08T20:45:53.321+0000] {dagbag.py:538} INFO - Filling up the DagBag from /opt/airflow/dags/dag5_notification_workflow.py
[2026-01-08T20:45:53.346+0000] {processor.py:840} INFO - DAG(s) 'notification_workflow' retrieved from /opt/airflow/dags/dag5_notification_workflow.py
[2026-01-08T20:45:53.383+0000] {logging_mixin.py:188} INFO - [2026-01-08T20:45:53.382+0000] {dag.py:3036} INFO - Sync 1 DAGs
[2026-01-08T20:45:53.408+0000] {logging_mixin.py:188} INFO - [2026-01-08T20:45:53.408+0000] {dag.py:3823} INFO - Setting next_dagrun for notification_workflow to 2026-01-08 00:00:00+00:00, run_after=2026-01-09 00:00:00+00:00
[2026-01-08T20:45:53.435+0000] {processor.py:183} INFO - Processing /opt/airflow/dags/dag5_notification_workflow.py took 0.124 seconds
[2026-01-08T20:46:23.774+0000] {processor.py:161} INFO - Started process (PID=1792) to work on /opt/airflow/dags/dag5_notification_workflow.py
[2026-01-08T20:46:23.776+0000] {processor.py:830} INFO - Processing file /opt/airflow/dags/dag5_notification_workflow.py for tasks to queue
[2026-01-08T20:46:23.777+0000] {logging_mixin.py:188} INFO - [2026-01-08T20:46:23.777+0000] {dagbag.py:538} INFO - Filling up the DagBag from /opt/airflow/dags/dag5_notification_workflow.py
[2026-01-08T20:46:23.812+0000] {processor.py:840} INFO - DAG(s) 'notification_workflow' retrieved from /opt/airflow/dags/dag5_notification_workflow.py
[2026-01-08T20:46:23.862+0000] {logging_mixin.py:188} INFO - [2026-01-08T20:46:23.862+0000] {dag.py:3036} INFO - Sync 1 DAGs
[2026-01-08T20:46:23.892+0000] {logging_mixin.py:188} INFO - [2026-01-08T20:46:23.892+0000] {dag.py:3823} INFO - Setting next_dagrun for notification_workflow to 2026-01-08 00:00:00+00:00, run_after=2026-01-09 00:00:00+00:00
[2026-01-08T20:46:23.922+0000] {processor.py:183} INFO - Processing /opt/airflow/dags/dag5_notification_workflow.py took 0.153 seconds
[2026-01-08T20:46:54.367+0000] {processor.py:161} INFO - Started process (PID=1820) to work on /opt/airflow/dags/dag5_notification_workflow.py
[2026-01-08T20:46:54.368+0000] {processor.py:830} INFO - Processing file /opt/airflow/dags/dag5_notification_workflow.py for tasks to queue
[2026-01-08T20:46:54.370+0000] {logging_mixin.py:188} INFO - [2026-01-08T20:46:54.370+0000] {dagbag.py:538} INFO - Filling up the DagBag from /opt/airflow/dags/dag5_notification_workflow.py
[2026-01-08T20:46:54.403+0000] {processor.py:840} INFO - DAG(s) 'notification_workflow' retrieved from /opt/airflow/dags/dag5_notification_workflow.py
[2026-01-08T20:46:54.454+0000] {logging_mixin.py:188} INFO - [2026-01-08T20:46:54.454+0000] {dag.py:3036} INFO - Sync 1 DAGs
[2026-01-08T20:46:54.492+0000] {logging_mixin.py:188} INFO - [2026-01-08T20:46:54.492+0000] {dag.py:3823} INFO - Setting next_dagrun for notification_workflow to 2026-01-08 00:00:00+00:00, run_after=2026-01-09 00:00:00+00:00
[2026-01-08T20:46:54.525+0000] {processor.py:183} INFO - Processing /opt/airflow/dags/dag5_notification_workflow.py took 0.183 seconds
[2026-01-08T20:47:25.129+0000] {processor.py:161} INFO - Started process (PID=1848) to work on /opt/airflow/dags/dag5_notification_workflow.py
[2026-01-08T20:47:25.131+0000] {processor.py:830} INFO - Processing file /opt/airflow/dags/dag5_notification_workflow.py for tasks to queue
[2026-01-08T20:47:25.132+0000] {logging_mixin.py:188} INFO - [2026-01-08T20:47:25.132+0000] {dagbag.py:538} INFO - Filling up the DagBag from /opt/airflow/dags/dag5_notification_workflow.py
[2026-01-08T20:47:25.163+0000] {processor.py:840} INFO - DAG(s) 'notification_workflow' retrieved from /opt/airflow/dags/dag5_notification_workflow.py
[2026-01-08T20:47:25.217+0000] {logging_mixin.py:188} INFO - [2026-01-08T20:47:25.216+0000] {dag.py:3036} INFO - Sync 1 DAGs
[2026-01-08T20:47:25.246+0000] {logging_mixin.py:188} INFO - [2026-01-08T20:47:25.246+0000] {dag.py:3823} INFO - Setting next_dagrun for notification_workflow to 2026-01-08 00:00:00+00:00, run_after=2026-01-09 00:00:00+00:00
[2026-01-08T20:47:25.331+0000] {processor.py:183} INFO - Processing /opt/airflow/dags/dag5_notification_workflow.py took 0.208 seconds
[2026-01-08T20:47:55.438+0000] {processor.py:161} INFO - Started process (PID=1876) to work on /opt/airflow/dags/dag5_notification_workflow.py
[2026-01-08T20:47:55.440+0000] {processor.py:830} INFO - Processing file /opt/airflow/dags/dag5_notification_workflow.py for tasks to queue
[2026-01-08T20:47:55.441+0000] {logging_mixin.py:188} INFO - [2026-01-08T20:47:55.441+0000] {dagbag.py:538} INFO - Filling up the DagBag from /opt/airflow/dags/dag5_notification_workflow.py
[2026-01-08T20:47:55.473+0000] {processor.py:840} INFO - DAG(s) 'notification_workflow' retrieved from /opt/airflow/dags/dag5_notification_workflow.py
[2026-01-08T20:47:55.522+0000] {logging_mixin.py:188} INFO - [2026-01-08T20:47:55.521+0000] {dag.py:3036} INFO - Sync 1 DAGs
[2026-01-08T20:47:55.549+0000] {logging_mixin.py:188} INFO - [2026-01-08T20:47:55.549+0000] {dag.py:3823} INFO - Setting next_dagrun for notification_workflow to 2026-01-08 00:00:00+00:00, run_after=2026-01-09 00:00:00+00:00
[2026-01-08T20:47:55.630+0000] {processor.py:183} INFO - Processing /opt/airflow/dags/dag5_notification_workflow.py took 0.197 seconds
[2026-01-08T20:48:26.163+0000] {processor.py:161} INFO - Started process (PID=1904) to work on /opt/airflow/dags/dag5_notification_workflow.py
[2026-01-08T20:48:26.165+0000] {processor.py:830} INFO - Processing file /opt/airflow/dags/dag5_notification_workflow.py for tasks to queue
[2026-01-08T20:48:26.166+0000] {logging_mixin.py:188} INFO - [2026-01-08T20:48:26.166+0000] {dagbag.py:538} INFO - Filling up the DagBag from /opt/airflow/dags/dag5_notification_workflow.py
[2026-01-08T20:48:26.202+0000] {processor.py:840} INFO - DAG(s) 'notification_workflow' retrieved from /opt/airflow/dags/dag5_notification_workflow.py
[2026-01-08T20:48:26.254+0000] {logging_mixin.py:188} INFO - [2026-01-08T20:48:26.254+0000] {dag.py:3036} INFO - Sync 1 DAGs
[2026-01-08T20:48:26.302+0000] {logging_mixin.py:188} INFO - [2026-01-08T20:48:26.302+0000] {dag.py:3823} INFO - Setting next_dagrun for notification_workflow to 2026-01-08 00:00:00+00:00, run_after=2026-01-09 00:00:00+00:00
[2026-01-08T20:48:26.338+0000] {processor.py:183} INFO - Processing /opt/airflow/dags/dag5_notification_workflow.py took 0.181 seconds
[2026-01-08T20:48:56.463+0000] {processor.py:161} INFO - Started process (PID=1932) to work on /opt/airflow/dags/dag5_notification_workflow.py
[2026-01-08T20:48:56.465+0000] {processor.py:830} INFO - Processing file /opt/airflow/dags/dag5_notification_workflow.py for tasks to queue
[2026-01-08T20:48:56.466+0000] {logging_mixin.py:188} INFO - [2026-01-08T20:48:56.466+0000] {dagbag.py:538} INFO - Filling up the DagBag from /opt/airflow/dags/dag5_notification_workflow.py
[2026-01-08T20:48:56.502+0000] {processor.py:840} INFO - DAG(s) 'notification_workflow' retrieved from /opt/airflow/dags/dag5_notification_workflow.py
[2026-01-08T20:48:56.554+0000] {logging_mixin.py:188} INFO - [2026-01-08T20:48:56.553+0000] {dag.py:3036} INFO - Sync 1 DAGs
[2026-01-08T20:48:56.582+0000] {logging_mixin.py:188} INFO - [2026-01-08T20:48:56.582+0000] {dag.py:3823} INFO - Setting next_dagrun for notification_workflow to 2026-01-08 00:00:00+00:00, run_after=2026-01-09 00:00:00+00:00
[2026-01-08T20:48:56.670+0000] {processor.py:183} INFO - Processing /opt/airflow/dags/dag5_notification_workflow.py took 0.215 seconds
[2026-01-08T20:49:27.294+0000] {processor.py:161} INFO - Started process (PID=1960) to work on /opt/airflow/dags/dag5_notification_workflow.py
[2026-01-08T20:49:27.296+0000] {processor.py:830} INFO - Processing file /opt/airflow/dags/dag5_notification_workflow.py for tasks to queue
[2026-01-08T20:49:27.298+0000] {logging_mixin.py:188} INFO - [2026-01-08T20:49:27.297+0000] {dagbag.py:538} INFO - Filling up the DagBag from /opt/airflow/dags/dag5_notification_workflow.py
[2026-01-08T20:49:27.330+0000] {processor.py:840} INFO - DAG(s) 'notification_workflow' retrieved from /opt/airflow/dags/dag5_notification_workflow.py
[2026-01-08T20:49:27.374+0000] {logging_mixin.py:188} INFO - [2026-01-08T20:49:27.374+0000] {dag.py:3036} INFO - Sync 1 DAGs
[2026-01-08T20:49:27.407+0000] {logging_mixin.py:188} INFO - [2026-01-08T20:49:27.406+0000] {dag.py:3823} INFO - Setting next_dagrun for notification_workflow to 2026-01-08 00:00:00+00:00, run_after=2026-01-09 00:00:00+00:00
[2026-01-08T20:49:27.437+0000] {processor.py:183} INFO - Processing /opt/airflow/dags/dag5_notification_workflow.py took 0.148 seconds
[2026-01-08T20:49:57.972+0000] {processor.py:161} INFO - Started process (PID=1988) to work on /opt/airflow/dags/dag5_notification_workflow.py
[2026-01-08T20:49:57.974+0000] {processor.py:830} INFO - Processing file /opt/airflow/dags/dag5_notification_workflow.py for tasks to queue
[2026-01-08T20:49:57.975+0000] {logging_mixin.py:188} INFO - [2026-01-08T20:49:57.975+0000] {dagbag.py:538} INFO - Filling up the DagBag from /opt/airflow/dags/dag5_notification_workflow.py
[2026-01-08T20:49:58.015+0000] {processor.py:840} INFO - DAG(s) 'notification_workflow' retrieved from /opt/airflow/dags/dag5_notification_workflow.py
[2026-01-08T20:49:58.069+0000] {logging_mixin.py:188} INFO - [2026-01-08T20:49:58.069+0000] {dag.py:3036} INFO - Sync 1 DAGs
[2026-01-08T20:49:58.103+0000] {logging_mixin.py:188} INFO - [2026-01-08T20:49:58.103+0000] {dag.py:3823} INFO - Setting next_dagrun for notification_workflow to 2026-01-08 00:00:00+00:00, run_after=2026-01-09 00:00:00+00:00
[2026-01-08T20:49:58.135+0000] {processor.py:183} INFO - Processing /opt/airflow/dags/dag5_notification_workflow.py took 0.168 seconds
[2026-01-08T20:50:28.507+0000] {processor.py:161} INFO - Started process (PID=2016) to work on /opt/airflow/dags/dag5_notification_workflow.py
[2026-01-08T20:50:28.508+0000] {processor.py:830} INFO - Processing file /opt/airflow/dags/dag5_notification_workflow.py for tasks to queue
[2026-01-08T20:50:28.510+0000] {logging_mixin.py:188} INFO - [2026-01-08T20:50:28.510+0000] {dagbag.py:538} INFO - Filling up the DagBag from /opt/airflow/dags/dag5_notification_workflow.py
[2026-01-08T20:50:28.542+0000] {processor.py:840} INFO - DAG(s) 'notification_workflow' retrieved from /opt/airflow/dags/dag5_notification_workflow.py
[2026-01-08T20:50:28.604+0000] {logging_mixin.py:188} INFO - [2026-01-08T20:50:28.604+0000] {dag.py:3036} INFO - Sync 1 DAGs
[2026-01-08T20:50:28.632+0000] {logging_mixin.py:188} INFO - [2026-01-08T20:50:28.631+0000] {dag.py:3823} INFO - Setting next_dagrun for notification_workflow to 2026-01-08 00:00:00+00:00, run_after=2026-01-09 00:00:00+00:00
[2026-01-08T20:50:28.657+0000] {processor.py:183} INFO - Processing /opt/airflow/dags/dag5_notification_workflow.py took 0.155 seconds
[2026-01-08T20:50:59.217+0000] {processor.py:161} INFO - Started process (PID=2044) to work on /opt/airflow/dags/dag5_notification_workflow.py
[2026-01-08T20:50:59.218+0000] {processor.py:830} INFO - Processing file /opt/airflow/dags/dag5_notification_workflow.py for tasks to queue
[2026-01-08T20:50:59.219+0000] {logging_mixin.py:188} INFO - [2026-01-08T20:50:59.219+0000] {dagbag.py:538} INFO - Filling up the DagBag from /opt/airflow/dags/dag5_notification_workflow.py
[2026-01-08T20:50:59.254+0000] {processor.py:840} INFO - DAG(s) 'notification_workflow' retrieved from /opt/airflow/dags/dag5_notification_workflow.py
[2026-01-08T20:50:59.302+0000] {logging_mixin.py:188} INFO - [2026-01-08T20:50:59.302+0000] {dag.py:3036} INFO - Sync 1 DAGs
[2026-01-08T20:50:59.386+0000] {logging_mixin.py:188} INFO - [2026-01-08T20:50:59.386+0000] {dag.py:3823} INFO - Setting next_dagrun for notification_workflow to 2026-01-08 00:00:00+00:00, run_after=2026-01-09 00:00:00+00:00
[2026-01-08T20:50:59.422+0000] {processor.py:183} INFO - Processing /opt/airflow/dags/dag5_notification_workflow.py took 0.210 seconds
[2026-01-08T20:51:30.023+0000] {processor.py:161} INFO - Started process (PID=2072) to work on /opt/airflow/dags/dag5_notification_workflow.py
[2026-01-08T20:51:30.025+0000] {processor.py:830} INFO - Processing file /opt/airflow/dags/dag5_notification_workflow.py for tasks to queue
[2026-01-08T20:51:30.026+0000] {logging_mixin.py:188} INFO - [2026-01-08T20:51:30.026+0000] {dagbag.py:538} INFO - Filling up the DagBag from /opt/airflow/dags/dag5_notification_workflow.py
[2026-01-08T20:51:30.056+0000] {processor.py:840} INFO - DAG(s) 'notification_workflow' retrieved from /opt/airflow/dags/dag5_notification_workflow.py
[2026-01-08T20:51:30.106+0000] {logging_mixin.py:188} INFO - [2026-01-08T20:51:30.106+0000] {dag.py:3036} INFO - Sync 1 DAGs
[2026-01-08T20:51:30.136+0000] {logging_mixin.py:188} INFO - [2026-01-08T20:51:30.135+0000] {dag.py:3823} INFO - Setting next_dagrun for notification_workflow to 2026-01-08 00:00:00+00:00, run_after=2026-01-09 00:00:00+00:00
[2026-01-08T20:51:30.233+0000] {processor.py:183} INFO - Processing /opt/airflow/dags/dag5_notification_workflow.py took 0.214 seconds
[2026-01-08T20:52:00.668+0000] {processor.py:161} INFO - Started process (PID=2100) to work on /opt/airflow/dags/dag5_notification_workflow.py
[2026-01-08T20:52:00.670+0000] {processor.py:830} INFO - Processing file /opt/airflow/dags/dag5_notification_workflow.py for tasks to queue
[2026-01-08T20:52:00.673+0000] {logging_mixin.py:188} INFO - [2026-01-08T20:52:00.673+0000] {dagbag.py:538} INFO - Filling up the DagBag from /opt/airflow/dags/dag5_notification_workflow.py
[2026-01-08T20:52:00.711+0000] {processor.py:840} INFO - DAG(s) 'notification_workflow' retrieved from /opt/airflow/dags/dag5_notification_workflow.py
[2026-01-08T20:52:00.761+0000] {logging_mixin.py:188} INFO - [2026-01-08T20:52:00.760+0000] {dag.py:3036} INFO - Sync 1 DAGs
[2026-01-08T20:52:00.790+0000] {logging_mixin.py:188} INFO - [2026-01-08T20:52:00.790+0000] {dag.py:3823} INFO - Setting next_dagrun for notification_workflow to 2026-01-08 00:00:00+00:00, run_after=2026-01-09 00:00:00+00:00
[2026-01-08T20:52:00.815+0000] {processor.py:183} INFO - Processing /opt/airflow/dags/dag5_notification_workflow.py took 0.151 seconds
[2026-01-08T20:52:30.937+0000] {processor.py:161} INFO - Started process (PID=2128) to work on /opt/airflow/dags/dag5_notification_workflow.py
[2026-01-08T20:52:30.938+0000] {processor.py:830} INFO - Processing file /opt/airflow/dags/dag5_notification_workflow.py for tasks to queue
[2026-01-08T20:52:30.939+0000] {logging_mixin.py:188} INFO - [2026-01-08T20:52:30.939+0000] {dagbag.py:538} INFO - Filling up the DagBag from /opt/airflow/dags/dag5_notification_workflow.py
[2026-01-08T20:52:30.972+0000] {processor.py:840} INFO - DAG(s) 'notification_workflow' retrieved from /opt/airflow/dags/dag5_notification_workflow.py
[2026-01-08T20:52:31.018+0000] {logging_mixin.py:188} INFO - [2026-01-08T20:52:31.018+0000] {dag.py:3036} INFO - Sync 1 DAGs
[2026-01-08T20:52:31.049+0000] {logging_mixin.py:188} INFO - [2026-01-08T20:52:31.048+0000] {dag.py:3823} INFO - Setting next_dagrun for notification_workflow to 2026-01-08 00:00:00+00:00, run_after=2026-01-09 00:00:00+00:00
[2026-01-08T20:52:31.127+0000] {processor.py:183} INFO - Processing /opt/airflow/dags/dag5_notification_workflow.py took 0.195 seconds
[2026-01-08T20:53:01.251+0000] {processor.py:161} INFO - Started process (PID=2156) to work on /opt/airflow/dags/dag5_notification_workflow.py
[2026-01-08T20:53:01.252+0000] {processor.py:830} INFO - Processing file /opt/airflow/dags/dag5_notification_workflow.py for tasks to queue
[2026-01-08T20:53:01.254+0000] {logging_mixin.py:188} INFO - [2026-01-08T20:53:01.253+0000] {dagbag.py:538} INFO - Filling up the DagBag from /opt/airflow/dags/dag5_notification_workflow.py
[2026-01-08T20:53:01.284+0000] {processor.py:840} INFO - DAG(s) 'notification_workflow' retrieved from /opt/airflow/dags/dag5_notification_workflow.py
[2026-01-08T20:53:01.331+0000] {logging_mixin.py:188} INFO - [2026-01-08T20:53:01.331+0000] {dag.py:3036} INFO - Sync 1 DAGs
[2026-01-08T20:53:01.360+0000] {logging_mixin.py:188} INFO - [2026-01-08T20:53:01.359+0000] {dag.py:3823} INFO - Setting next_dagrun for notification_workflow to 2026-01-08 00:00:00+00:00, run_after=2026-01-09 00:00:00+00:00
[2026-01-08T20:53:01.385+0000] {processor.py:183} INFO - Processing /opt/airflow/dags/dag5_notification_workflow.py took 0.140 seconds
[2026-01-08T20:53:31.967+0000] {processor.py:161} INFO - Started process (PID=2184) to work on /opt/airflow/dags/dag5_notification_workflow.py
[2026-01-08T20:53:31.968+0000] {processor.py:830} INFO - Processing file /opt/airflow/dags/dag5_notification_workflow.py for tasks to queue
[2026-01-08T20:53:31.970+0000] {logging_mixin.py:188} INFO - [2026-01-08T20:53:31.969+0000] {dagbag.py:538} INFO - Filling up the DagBag from /opt/airflow/dags/dag5_notification_workflow.py
[2026-01-08T20:53:32.008+0000] {processor.py:840} INFO - DAG(s) 'notification_workflow' retrieved from /opt/airflow/dags/dag5_notification_workflow.py
[2026-01-08T20:53:32.074+0000] {logging_mixin.py:188} INFO - [2026-01-08T20:53:32.074+0000] {dag.py:3036} INFO - Sync 1 DAGs
[2026-01-08T20:53:32.113+0000] {logging_mixin.py:188} INFO - [2026-01-08T20:53:32.111+0000] {dag.py:3823} INFO - Setting next_dagrun for notification_workflow to 2026-01-08 00:00:00+00:00, run_after=2026-01-09 00:00:00+00:00
[2026-01-08T20:53:32.206+0000] {processor.py:183} INFO - Processing /opt/airflow/dags/dag5_notification_workflow.py took 0.245 seconds
