[2026-01-07T18:40:27.975+0000] {manager.py:469} INFO - Processing files using up to 2 processes at a time 
[2026-01-07T18:40:27.976+0000] {manager.py:470} INFO - Process each file at most once every 30 seconds
[2026-01-07T18:40:27.978+0000] {manager.py:471} INFO - Checking for new files in /opt/airflow/dags every 300 seconds
[2026-01-07T18:40:27.979+0000] {manager.py:738} INFO - Searching for files in /opt/airflow/dags
[2026-01-07T18:40:27.995+0000] {manager.py:741} INFO - There are 0 files in /opt/airflow/dags
[2026-01-07T18:45:28.197+0000] {manager.py:738} INFO - Searching for files in /opt/airflow/dags
[2026-01-07T18:45:28.271+0000] {manager.py:741} INFO - There are 0 files in /opt/airflow/dags
[2026-01-07T21:46:04.904+0000] {manager.py:738} INFO - Searching for files in /opt/airflow/dags
[2026-01-07T21:46:05.260+0000] {manager.py:741} INFO - There are 0 files in /opt/airflow/dags
[2026-01-08T04:10:49.153+0000] {manager.py:738} INFO - Searching for files in /opt/airflow/dags
[2026-01-08T04:10:52.007+0000] {manager.py:741} INFO - There are 0 files in /opt/airflow/dags
[2026-01-08T04:15:49.635+0000] {manager.py:738} INFO - Searching for files in /opt/airflow/dags
[2026-01-08T04:15:49.681+0000] {manager.py:741} INFO - There are 0 files in /opt/airflow/dags
[2026-01-08T04:20:49.917+0000] {manager.py:738} INFO - Searching for files in /opt/airflow/dags
[2026-01-08T04:20:49.940+0000] {manager.py:741} INFO - There are 0 files in /opt/airflow/dags
[2026-01-08T04:25:50.145+0000] {manager.py:738} INFO - Searching for files in /opt/airflow/dags
[2026-01-08T04:25:50.171+0000] {manager.py:741} INFO - There are 0 files in /opt/airflow/dags
[2026-01-08T04:30:50.355+0000] {manager.py:738} INFO - Searching for files in /opt/airflow/dags
[2026-01-08T04:30:50.379+0000] {manager.py:741} INFO - There are 0 files in /opt/airflow/dags
[2026-01-08T04:35:50.566+0000] {manager.py:738} INFO - Searching for files in /opt/airflow/dags
[2026-01-08T04:35:50.608+0000] {manager.py:741} INFO - There are 0 files in /opt/airflow/dags
[2026-01-08T04:40:50.956+0000] {manager.py:738} INFO - Searching for files in /opt/airflow/dags
[2026-01-08T04:40:50.996+0000] {manager.py:741} INFO - There are 0 files in /opt/airflow/dags
[2026-01-08T04:45:51.324+0000] {manager.py:738} INFO - Searching for files in /opt/airflow/dags
[2026-01-08T04:45:51.350+0000] {manager.py:741} INFO - There are 0 files in /opt/airflow/dags
[2026-01-08T05:40:44.857+0000] {manager.py:738} INFO - Searching for files in /opt/airflow/dags
[2026-01-08T05:40:48.515+0000] {manager.py:741} INFO - There are 0 files in /opt/airflow/dags
[2026-01-08T05:45:45.832+0000] {manager.py:738} INFO - Searching for files in /opt/airflow/dags
[2026-01-08T05:45:45.885+0000] {manager.py:741} INFO - There are 0 files in /opt/airflow/dags
[2026-01-08T05:50:46.270+0000] {manager.py:738} INFO - Searching for files in /opt/airflow/dags
[2026-01-08T05:50:46.301+0000] {manager.py:741} INFO - There are 0 files in /opt/airflow/dags
[2026-01-08T05:55:46.359+0000] {manager.py:738} INFO - Searching for files in /opt/airflow/dags
[2026-01-08T05:55:46.400+0000] {manager.py:741} INFO - There are 0 files in /opt/airflow/dags
[2026-01-08T06:00:46.717+0000] {manager.py:738} INFO - Searching for files in /opt/airflow/dags
[2026-01-08T06:00:46.732+0000] {manager.py:741} INFO - There are 0 files in /opt/airflow/dags
[2026-01-08T06:05:46.942+0000] {manager.py:738} INFO - Searching for files in /opt/airflow/dags
[2026-01-08T06:05:46.994+0000] {manager.py:741} INFO - There are 0 files in /opt/airflow/dags
[2026-01-08T06:08:28.709+0000] {manager.py:469} INFO - Processing files using up to 2 processes at a time 
[2026-01-08T06:08:28.711+0000] {manager.py:470} INFO - Process each file at most once every 30 seconds
[2026-01-08T06:08:28.712+0000] {manager.py:471} INFO - Checking for new files in /opt/airflow/dags every 300 seconds
[2026-01-08T06:08:28.713+0000] {manager.py:738} INFO - Searching for files in /opt/airflow/dags
[2026-01-08T06:08:28.732+0000] {manager.py:741} INFO - There are 0 files in /opt/airflow/dags
[2026-01-08T06:13:28.924+0000] {manager.py:738} INFO - Searching for files in /opt/airflow/dags
[2026-01-08T06:13:28.974+0000] {manager.py:741} INFO - There are 0 files in /opt/airflow/dags
[2026-01-08T06:14:16.175+0000] {manager.py:451} INFO - Exiting gracefully upon receiving signal 15
[2026-01-08T06:16:10.978+0000] {manager.py:469} INFO - Processing files using up to 2 processes at a time 
[2026-01-08T06:16:10.980+0000] {manager.py:470} INFO - Process each file at most once every 30 seconds
[2026-01-08T06:16:10.981+0000] {manager.py:471} INFO - Checking for new files in /opt/airflow/dags every 300 seconds
[2026-01-08T06:16:10.983+0000] {manager.py:738} INFO - Searching for files in /opt/airflow/dags
[2026-01-08T06:16:11.054+0000] {manager.py:741} INFO - There are 1 files in /opt/airflow/dags
[2026-01-08T06:16:11.374+0000] {manager.py:879} INFO - 
================================================================================
DAG File Processing Stats

File Path                                    PID  Runtime      # DAGs    # Errors  Last Runtime    Last Run
-----------------------------------------  -----  ---------  --------  ----------  --------------  ----------
/opt/airflow/dags/dag1_csv_to_postgres.py    167  0.10s             0           0
================================================================================
[2026-01-08T06:16:41.688+0000] {manager.py:879} INFO - 
================================================================================
DAG File Processing Stats

File Path                                  PID    Runtime      # DAGs    # Errors  Last Runtime    Last Run
-----------------------------------------  -----  ---------  --------  ----------  --------------  -------------------
/opt/airflow/dags/dag1_csv_to_postgres.py                           1           0  3.51s           2026-01-08T06:16:14
================================================================================
[2026-01-08T06:17:12.290+0000] {manager.py:879} INFO - 
================================================================================
DAG File Processing Stats

File Path                                  PID    Runtime      # DAGs    # Errors  Last Runtime    Last Run
-----------------------------------------  -----  ---------  --------  ----------  --------------  -------------------
/opt/airflow/dags/dag1_csv_to_postgres.py                           1           0  1.63s           2026-01-08T06:16:46
================================================================================
[2026-01-08T06:17:42.435+0000] {manager.py:879} INFO - 
================================================================================
DAG File Processing Stats

File Path                                  PID    Runtime      # DAGs    # Errors  Last Runtime    Last Run
-----------------------------------------  -----  ---------  --------  ----------  --------------  -------------------
/opt/airflow/dags/dag1_csv_to_postgres.py                           1           0  1.63s           2026-01-08T06:17:19
================================================================================
[2026-01-08T06:18:12.919+0000] {manager.py:879} INFO - 
================================================================================
DAG File Processing Stats

File Path                                  PID    Runtime      # DAGs    # Errors  Last Runtime    Last Run
-----------------------------------------  -----  ---------  --------  ----------  --------------  -------------------
/opt/airflow/dags/dag1_csv_to_postgres.py                           1           0  1.65s           2026-01-08T06:17:50
================================================================================
[2026-01-08T06:18:43.486+0000] {manager.py:879} INFO - 
================================================================================
DAG File Processing Stats

File Path                                  PID    Runtime      # DAGs    # Errors  Last Runtime    Last Run
-----------------------------------------  -----  ---------  --------  ----------  --------------  -------------------
/opt/airflow/dags/dag1_csv_to_postgres.py                           1           0  1.32s           2026-01-08T06:18:22
================================================================================
[2026-01-08T06:19:14.026+0000] {manager.py:879} INFO - 
================================================================================
DAG File Processing Stats

File Path                                  PID    Runtime      # DAGs    # Errors  Last Runtime    Last Run
-----------------------------------------  -----  ---------  --------  ----------  --------------  -------------------
/opt/airflow/dags/dag1_csv_to_postgres.py                           1           0  1.18s           2026-01-08T06:18:53
================================================================================
[2026-01-08T06:19:44.679+0000] {manager.py:879} INFO - 
================================================================================
DAG File Processing Stats

File Path                                  PID    Runtime      # DAGs    # Errors  Last Runtime    Last Run
-----------------------------------------  -----  ---------  --------  ----------  --------------  -------------------
/opt/airflow/dags/dag1_csv_to_postgres.py                           1           0  1.30s           2026-01-08T06:19:25
================================================================================
[2026-01-08T06:20:15.366+0000] {manager.py:879} INFO - 
================================================================================
DAG File Processing Stats

File Path                                  PID    Runtime      # DAGs    # Errors  Last Runtime    Last Run
-----------------------------------------  -----  ---------  --------  ----------  --------------  -------------------
/opt/airflow/dags/dag1_csv_to_postgres.py                           1           0  1.25s           2026-01-08T06:19:57
================================================================================
[2026-01-08T06:20:45.783+0000] {manager.py:879} INFO - 
================================================================================
DAG File Processing Stats

File Path                                  PID    Runtime      # DAGs    # Errors  Last Runtime    Last Run
-----------------------------------------  -----  ---------  --------  ----------  --------------  -------------------
/opt/airflow/dags/dag1_csv_to_postgres.py                           1           0  1.90s           2026-01-08T06:20:29
================================================================================
[2026-01-08T06:21:11.302+0000] {manager.py:738} INFO - Searching for files in /opt/airflow/dags
[2026-01-08T06:21:11.340+0000] {manager.py:741} INFO - There are 1 files in /opt/airflow/dags
[2026-01-08T06:21:16.441+0000] {manager.py:879} INFO - 
================================================================================
DAG File Processing Stats

File Path                                  PID    Runtime      # DAGs    # Errors  Last Runtime    Last Run
-----------------------------------------  -----  ---------  --------  ----------  --------------  -------------------
/opt/airflow/dags/dag1_csv_to_postgres.py                           1           0  1.47s           2026-01-08T06:21:01
================================================================================
[2026-01-08T06:21:46.445+0000] {manager.py:879} INFO - 
================================================================================
DAG File Processing Stats

File Path                                  PID    Runtime      # DAGs    # Errors  Last Runtime    Last Run
-----------------------------------------  -----  ---------  --------  ----------  --------------  -------------------
/opt/airflow/dags/dag1_csv_to_postgres.py                           1           0  1.53s           2026-01-08T06:21:33
================================================================================
[2026-01-08T06:22:16.952+0000] {manager.py:879} INFO - 
================================================================================
DAG File Processing Stats

File Path                                  PID    Runtime      # DAGs    # Errors  Last Runtime    Last Run
-----------------------------------------  -----  ---------  --------  ----------  --------------  -------------------
/opt/airflow/dags/dag1_csv_to_postgres.py                           1           0  1.40s           2026-01-08T06:22:04
================================================================================
[2026-01-08T06:22:47.644+0000] {manager.py:879} INFO - 
================================================================================
DAG File Processing Stats

File Path                                  PID    Runtime      # DAGs    # Errors  Last Runtime    Last Run
-----------------------------------------  -----  ---------  --------  ----------  --------------  -------------------
/opt/airflow/dags/dag1_csv_to_postgres.py                           1           0  1.40s           2026-01-08T06:22:36
================================================================================
[2026-01-08T06:23:18.270+0000] {manager.py:879} INFO - 
================================================================================
DAG File Processing Stats

File Path                                  PID    Runtime      # DAGs    # Errors  Last Runtime    Last Run
-----------------------------------------  -----  ---------  --------  ----------  --------------  -------------------
/opt/airflow/dags/dag1_csv_to_postgres.py                           1           0  2.03s           2026-01-08T06:23:09
================================================================================
[2026-01-08T06:23:48.882+0000] {manager.py:879} INFO - 
================================================================================
DAG File Processing Stats

File Path                                  PID    Runtime      # DAGs    # Errors  Last Runtime    Last Run
-----------------------------------------  -----  ---------  --------  ----------  --------------  -------------------
/opt/airflow/dags/dag1_csv_to_postgres.py                           1           0  1.14s           2026-01-08T06:23:40
================================================================================
[2026-01-08T06:24:19.619+0000] {manager.py:879} INFO - 
================================================================================
DAG File Processing Stats

File Path                                  PID    Runtime      # DAGs    # Errors  Last Runtime    Last Run
-----------------------------------------  -----  ---------  --------  ----------  --------------  -------------------
/opt/airflow/dags/dag1_csv_to_postgres.py                           1           0  1.23s           2026-01-08T06:24:12
================================================================================
[2026-01-08T06:24:50.316+0000] {manager.py:879} INFO - 
================================================================================
DAG File Processing Stats

File Path                                  PID    Runtime      # DAGs    # Errors  Last Runtime    Last Run
-----------------------------------------  -----  ---------  --------  ----------  --------------  -------------------
/opt/airflow/dags/dag1_csv_to_postgres.py                           1           0  1.33s           2026-01-08T06:24:44
================================================================================
[2026-01-08T06:25:20.376+0000] {manager.py:879} INFO - 
================================================================================
DAG File Processing Stats

File Path                                  PID    Runtime      # DAGs    # Errors  Last Runtime    Last Run
-----------------------------------------  -----  ---------  --------  ----------  --------------  -------------------
/opt/airflow/dags/dag1_csv_to_postgres.py                           1           0  1.52s           2026-01-08T06:25:16
================================================================================
[2026-01-08T06:25:50.570+0000] {manager.py:879} INFO - 
================================================================================
DAG File Processing Stats

File Path                                  PID    Runtime      # DAGs    # Errors  Last Runtime    Last Run
-----------------------------------------  -----  ---------  --------  ----------  --------------  -------------------
/opt/airflow/dags/dag1_csv_to_postgres.py                           1           0  1.04s           2026-01-08T06:25:47
================================================================================
[2026-01-08T06:26:11.955+0000] {manager.py:738} INFO - Searching for files in /opt/airflow/dags
[2026-01-08T06:26:12.076+0000] {manager.py:741} INFO - There are 1 files in /opt/airflow/dags
[2026-01-08T06:26:21.396+0000] {manager.py:879} INFO - 
================================================================================
DAG File Processing Stats

File Path                                  PID    Runtime      # DAGs    # Errors  Last Runtime    Last Run
-----------------------------------------  -----  ---------  --------  ----------  --------------  -------------------
/opt/airflow/dags/dag1_csv_to_postgres.py                           1           0  1.19s           2026-01-08T06:26:19
================================================================================
[2026-01-08T06:26:51.999+0000] {manager.py:879} INFO - 
================================================================================
DAG File Processing Stats

File Path                                  PID    Runtime      # DAGs    # Errors  Last Runtime    Last Run
-----------------------------------------  -----  ---------  --------  ----------  --------------  -------------------
/opt/airflow/dags/dag1_csv_to_postgres.py                           1           0  1.43s           2026-01-08T06:26:51
================================================================================
[2026-01-08T06:27:22.602+0000] {manager.py:879} INFO - 
================================================================================
DAG File Processing Stats

File Path                                    PID  Runtime      # DAGs    # Errors  Last Runtime    Last Run
-----------------------------------------  -----  ---------  --------  ----------  --------------  -------------------
/opt/airflow/dags/dag1_csv_to_postgres.py    293  1.03s             1           0  1.43s           2026-01-08T06:26:51
================================================================================
[2026-01-08T06:27:53.181+0000] {manager.py:879} INFO - 
================================================================================
DAG File Processing Stats

File Path                                    PID  Runtime      # DAGs    # Errors  Last Runtime    Last Run
-----------------------------------------  -----  ---------  --------  ----------  --------------  -------------------
/opt/airflow/dags/dag1_csv_to_postgres.py    299  0.01s             1           0  1.08s           2026-01-08T06:27:22
================================================================================
[2026-01-08T06:28:23.738+0000] {manager.py:879} INFO - 
================================================================================
DAG File Processing Stats

File Path                                  PID    Runtime      # DAGs    # Errors  Last Runtime    Last Run
-----------------------------------------  -----  ---------  --------  ----------  --------------  -------------------
/opt/airflow/dags/dag1_csv_to_postgres.py                           1           0  1.24s           2026-01-08T06:27:54
================================================================================
[2026-01-08T06:28:54.515+0000] {manager.py:879} INFO - 
================================================================================
DAG File Processing Stats

File Path                                  PID    Runtime      # DAGs    # Errors  Last Runtime    Last Run
-----------------------------------------  -----  ---------  --------  ----------  --------------  -------------------
/opt/airflow/dags/dag1_csv_to_postgres.py                           1           0  1.18s           2026-01-08T06:28:25
================================================================================
[2026-01-08T06:29:25.200+0000] {manager.py:879} INFO - 
================================================================================
DAG File Processing Stats

File Path                                  PID    Runtime      # DAGs    # Errors  Last Runtime    Last Run
-----------------------------------------  -----  ---------  --------  ----------  --------------  -------------------
/opt/airflow/dags/dag1_csv_to_postgres.py                           1           0  1.34s           2026-01-08T06:28:57
================================================================================
[2026-01-08T06:29:55.938+0000] {manager.py:879} INFO - 
================================================================================
DAG File Processing Stats

File Path                                  PID    Runtime      # DAGs    # Errors  Last Runtime    Last Run
-----------------------------------------  -----  ---------  --------  ----------  --------------  -------------------
/opt/airflow/dags/dag1_csv_to_postgres.py                           1           0  1.23s           2026-01-08T06:29:29
================================================================================
[2026-01-08T06:30:26.380+0000] {manager.py:879} INFO - 
================================================================================
DAG File Processing Stats

File Path                                  PID    Runtime      # DAGs    # Errors  Last Runtime    Last Run
-----------------------------------------  -----  ---------  --------  ----------  --------------  -------------------
/opt/airflow/dags/dag1_csv_to_postgres.py                           1           0  0.88s           2026-01-08T06:30:00
================================================================================
[2026-01-08T06:30:56.833+0000] {manager.py:879} INFO - 
================================================================================
DAG File Processing Stats

File Path                                  PID    Runtime      # DAGs    # Errors  Last Runtime    Last Run
-----------------------------------------  -----  ---------  --------  ----------  --------------  -------------------
/opt/airflow/dags/dag1_csv_to_postgres.py                           1           0  1.87s           2026-01-08T06:30:33
================================================================================
[2026-01-08T06:31:12.172+0000] {manager.py:738} INFO - Searching for files in /opt/airflow/dags
[2026-01-08T06:31:12.298+0000] {manager.py:741} INFO - There are 1 files in /opt/airflow/dags
[2026-01-08T06:31:27.699+0000] {manager.py:879} INFO - 
================================================================================
DAG File Processing Stats

File Path                                  PID    Runtime      # DAGs    # Errors  Last Runtime    Last Run
-----------------------------------------  -----  ---------  --------  ----------  --------------  -------------------
/opt/airflow/dags/dag1_csv_to_postgres.py                           1           0  1.15s           2026-01-08T06:31:05
================================================================================
[2026-01-08T06:31:58.284+0000] {manager.py:879} INFO - 
================================================================================
DAG File Processing Stats

File Path                                  PID    Runtime      # DAGs    # Errors  Last Runtime    Last Run
-----------------------------------------  -----  ---------  --------  ----------  --------------  -------------------
/opt/airflow/dags/dag1_csv_to_postgres.py                           1           0  1.36s           2026-01-08T06:31:37
================================================================================
[2026-01-08T06:32:28.789+0000] {manager.py:879} INFO - 
================================================================================
DAG File Processing Stats

File Path                                  PID    Runtime      # DAGs    # Errors  Last Runtime    Last Run
-----------------------------------------  -----  ---------  --------  ----------  --------------  -------------------
/opt/airflow/dags/dag1_csv_to_postgres.py                           1           0  1.08s           2026-01-08T06:32:08
================================================================================
[2026-01-08T06:32:59.435+0000] {manager.py:879} INFO - 
================================================================================
DAG File Processing Stats

File Path                                  PID    Runtime      # DAGs    # Errors  Last Runtime    Last Run
-----------------------------------------  -----  ---------  --------  ----------  --------------  -------------------
/opt/airflow/dags/dag1_csv_to_postgres.py                           1           0  1.40s           2026-01-08T06:32:40
================================================================================
[2026-01-08T06:33:30.201+0000] {manager.py:879} INFO - 
================================================================================
DAG File Processing Stats

File Path                                  PID    Runtime      # DAGs    # Errors  Last Runtime    Last Run
-----------------------------------------  -----  ---------  --------  ----------  --------------  -------------------
/opt/airflow/dags/dag1_csv_to_postgres.py                           1           0  2.26s           2026-01-08T06:33:12
================================================================================
[2026-01-08T06:34:00.788+0000] {manager.py:879} INFO - 
================================================================================
DAG File Processing Stats

File Path                                  PID    Runtime      # DAGs    # Errors  Last Runtime    Last Run
-----------------------------------------  -----  ---------  --------  ----------  --------------  -------------------
/opt/airflow/dags/dag1_csv_to_postgres.py                           1           0  1.33s           2026-01-08T06:33:44
================================================================================
[2026-01-08T06:34:31.334+0000] {manager.py:879} INFO - 
================================================================================
DAG File Processing Stats

File Path                                  PID    Runtime      # DAGs    # Errors  Last Runtime    Last Run
-----------------------------------------  -----  ---------  --------  ----------  --------------  -------------------
/opt/airflow/dags/dag1_csv_to_postgres.py                           1           0  1.03s           2026-01-08T06:34:16
================================================================================
[2026-01-08T06:35:01.639+0000] {manager.py:879} INFO - 
================================================================================
DAG File Processing Stats

File Path                                  PID    Runtime      # DAGs    # Errors  Last Runtime    Last Run
-----------------------------------------  -----  ---------  --------  ----------  --------------  -------------------
/opt/airflow/dags/dag1_csv_to_postgres.py                           1           0  1.75s           2026-01-08T06:34:48
================================================================================
[2026-01-08T06:35:32.018+0000] {manager.py:879} INFO - 
================================================================================
DAG File Processing Stats

File Path                                  PID    Runtime      # DAGs    # Errors  Last Runtime    Last Run
-----------------------------------------  -----  ---------  --------  ----------  --------------  -------------------
/opt/airflow/dags/dag1_csv_to_postgres.py                           1           0  1.16s           2026-01-08T06:35:20
================================================================================
[2026-01-08T06:36:02.148+0000] {manager.py:879} INFO - 
================================================================================
DAG File Processing Stats

File Path                                  PID    Runtime      # DAGs    # Errors  Last Runtime    Last Run
-----------------------------------------  -----  ---------  --------  ----------  --------------  -------------------
/opt/airflow/dags/dag1_csv_to_postgres.py                           1           0  1.70s           2026-01-08T06:35:51
================================================================================
[2026-01-08T06:36:12.282+0000] {manager.py:738} INFO - Searching for files in /opt/airflow/dags
[2026-01-08T06:36:12.423+0000] {manager.py:741} INFO - There are 1 files in /opt/airflow/dags
[2026-01-08T06:36:32.840+0000] {manager.py:879} INFO - 
================================================================================
DAG File Processing Stats

File Path                                  PID    Runtime      # DAGs    # Errors  Last Runtime    Last Run
-----------------------------------------  -----  ---------  --------  ----------  --------------  -------------------
/opt/airflow/dags/dag1_csv_to_postgres.py                           1           0  1.24s           2026-01-08T06:36:23
================================================================================
[2026-01-08T06:37:03.370+0000] {manager.py:879} INFO - 
================================================================================
DAG File Processing Stats

File Path                                  PID    Runtime      # DAGs    # Errors  Last Runtime    Last Run
-----------------------------------------  -----  ---------  --------  ----------  --------------  -------------------
/opt/airflow/dags/dag1_csv_to_postgres.py                           1           0  1.08s           2026-01-08T06:36:55
================================================================================
[2026-01-08T06:37:33.974+0000] {manager.py:879} INFO - 
================================================================================
DAG File Processing Stats

File Path                                  PID    Runtime      # DAGs    # Errors  Last Runtime    Last Run
-----------------------------------------  -----  ---------  --------  ----------  --------------  -------------------
/opt/airflow/dags/dag1_csv_to_postgres.py                           1           0  1.15s           2026-01-08T06:37:26
================================================================================
[2026-01-08T06:38:04.591+0000] {manager.py:879} INFO - 
================================================================================
DAG File Processing Stats

File Path                                  PID    Runtime      # DAGs    # Errors  Last Runtime    Last Run
-----------------------------------------  -----  ---------  --------  ----------  --------------  -------------------
/opt/airflow/dags/dag1_csv_to_postgres.py                           1           0  1.14s           2026-01-08T06:37:58
================================================================================
[2026-01-08T06:38:34.841+0000] {manager.py:879} INFO - 
================================================================================
DAG File Processing Stats

File Path                                  PID    Runtime      # DAGs    # Errors  Last Runtime    Last Run
-----------------------------------------  -----  ---------  --------  ----------  --------------  -------------------
/opt/airflow/dags/dag1_csv_to_postgres.py                           1           0  0.82s           2026-01-08T06:38:29
================================================================================
[2026-01-08T09:39:00.265+0000] {manager.py:738} INFO - Searching for files in /opt/airflow/dags
[2026-01-08T09:39:01.856+0000] {manager.py:741} INFO - There are 1 files in /opt/airflow/dags
[2026-01-08T09:39:06.539+0000] {manager.py:879} INFO - 
================================================================================
DAG File Processing Stats

File Path                                    PID  Runtime      # DAGs    # Errors  Last Runtime    Last Run
-----------------------------------------  -----  ---------  --------  ----------  --------------  -------------------
/opt/airflow/dags/dag1_csv_to_postgres.py    430  4.39s             1           0  0.82s           2026-01-08T06:38:29
================================================================================
[2026-01-08T14:53:10.970+0000] {manager.py:738} INFO - Searching for files in /opt/airflow/dags
[2026-01-08T14:53:18.519+0000] {manager.py:741} INFO - There are 1 files in /opt/airflow/dags
[2026-01-08T14:53:18.690+0000] {manager.py:1201} ERROR - Processor for /opt/airflow/dags/dag1_csv_to_postgres.py with PID 430 started at 2026-01-08T09:39:02.148930+00:00 has timed out, killing it.
[2026-01-08T14:53:19.019+0000] {manager.py:879} INFO - 
================================================================================
DAG File Processing Stats

File Path                                  PID    Runtime      # DAGs    # Errors  Last Runtime    Last Run
-----------------------------------------  -----  ---------  --------  ----------  --------------  -------------------
/opt/airflow/dags/dag1_csv_to_postgres.py                           0           1  18856.54s       2026-01-08T14:53:18
================================================================================
[2026-01-08T14:53:54.989+0000] {manager.py:879} INFO - 
================================================================================
DAG File Processing Stats

File Path                                    PID  Runtime      # DAGs    # Errors  Last Runtime    Last Run
-----------------------------------------  -----  ---------  --------  ----------  --------------  -------------------
/opt/airflow/dags/dag1_csv_to_postgres.py    438  5.95s             0           1  18856.54s       2026-01-08T14:53:18
================================================================================
[2026-01-08T14:54:25.561+0000] {manager.py:879} INFO - 
================================================================================
DAG File Processing Stats

File Path                                  PID    Runtime      # DAGs    # Errors  Last Runtime    Last Run
-----------------------------------------  -----  ---------  --------  ----------  --------------  -------------------
/opt/airflow/dags/dag1_csv_to_postgres.py                           1           0  21.16s          2026-01-08T14:54:10
================================================================================
[2026-01-08T14:54:55.620+0000] {manager.py:879} INFO - 
================================================================================
DAG File Processing Stats

File Path                                  PID    Runtime      # DAGs    # Errors  Last Runtime    Last Run
-----------------------------------------  -----  ---------  --------  ----------  --------------  -------------------
/opt/airflow/dags/dag1_csv_to_postgres.py                           1           0  4.44s           2026-01-08T14:54:45
================================================================================
[2026-01-08T14:55:25.734+0000] {manager.py:879} INFO - 
================================================================================
DAG File Processing Stats

File Path                                  PID    Runtime      # DAGs    # Errors  Last Runtime    Last Run
-----------------------------------------  -----  ---------  --------  ----------  --------------  -------------------
/opt/airflow/dags/dag1_csv_to_postgres.py                           1           0  1.94s           2026-01-08T14:55:17
================================================================================
[2026-01-08T14:55:56.289+0000] {manager.py:879} INFO - 
================================================================================
DAG File Processing Stats

File Path                                  PID    Runtime      # DAGs    # Errors  Last Runtime    Last Run
-----------------------------------------  -----  ---------  --------  ----------  --------------  -------------------
/opt/airflow/dags/dag1_csv_to_postgres.py                           1           0  2.26s           2026-01-08T14:55:50
================================================================================
[2026-01-08T14:56:26.911+0000] {manager.py:879} INFO - 
================================================================================
DAG File Processing Stats

File Path                                  PID    Runtime      # DAGs    # Errors  Last Runtime    Last Run
-----------------------------------------  -----  ---------  --------  ----------  --------------  -------------------
/opt/airflow/dags/dag1_csv_to_postgres.py                           1           0  3.22s           2026-01-08T14:56:23
================================================================================
[2026-01-08T14:56:56.968+0000] {manager.py:879} INFO - 
================================================================================
DAG File Processing Stats

File Path                                  PID    Runtime      # DAGs    # Errors  Last Runtime    Last Run
-----------------------------------------  -----  ---------  --------  ----------  --------------  -------------------
/opt/airflow/dags/dag1_csv_to_postgres.py                           1           0  1.58s           2026-01-08T14:56:55
================================================================================
[2026-01-08T14:57:27.127+0000] {manager.py:879} INFO - 
================================================================================
DAG File Processing Stats

File Path                                    PID  Runtime      # DAGs    # Errors  Last Runtime    Last Run
-----------------------------------------  -----  ---------  --------  ----------  --------------  -------------------
/opt/airflow/dags/dag1_csv_to_postgres.py    474  1.04s             1           0  1.58s           2026-01-08T14:56:55
================================================================================
[2026-01-08T14:57:57.260+0000] {manager.py:879} INFO - 
================================================================================
DAG File Processing Stats

File Path                                  PID    Runtime      # DAGs    # Errors  Last Runtime    Last Run
-----------------------------------------  -----  ---------  --------  ----------  --------------  -------------------
/opt/airflow/dags/dag1_csv_to_postgres.py                           1           0  4.58s           2026-01-08T14:57:30
================================================================================
[2026-01-08T14:58:11.187+0000] {manager.py:738} INFO - Searching for files in /opt/airflow/dags
[2026-01-08T14:58:11.275+0000] {manager.py:741} INFO - There are 1 files in /opt/airflow/dags
[2026-01-08T14:58:27.511+0000] {manager.py:879} INFO - 
================================================================================
DAG File Processing Stats

File Path                                  PID    Runtime      # DAGs    # Errors  Last Runtime    Last Run
-----------------------------------------  -----  ---------  --------  ----------  --------------  -------------------
/opt/airflow/dags/dag1_csv_to_postgres.py                           1           0  2.07s           2026-01-08T14:58:03
================================================================================
[2026-01-08T14:58:58.107+0000] {manager.py:879} INFO - 
================================================================================
DAG File Processing Stats

File Path                                  PID    Runtime      # DAGs    # Errors  Last Runtime    Last Run
-----------------------------------------  -----  ---------  --------  ----------  --------------  -------------------
/opt/airflow/dags/dag1_csv_to_postgres.py                           1           0  2.11s           2026-01-08T14:58:35
================================================================================
[2026-01-08T14:59:28.482+0000] {manager.py:879} INFO - 
================================================================================
DAG File Processing Stats

File Path                                  PID    Runtime      # DAGs    # Errors  Last Runtime    Last Run
-----------------------------------------  -----  ---------  --------  ----------  --------------  -------------------
/opt/airflow/dags/dag1_csv_to_postgres.py                           1           0  2.79s           2026-01-08T14:59:09
================================================================================
[2026-01-08T14:59:58.894+0000] {manager.py:879} INFO - 
================================================================================
DAG File Processing Stats

File Path                                  PID    Runtime      # DAGs    # Errors  Last Runtime    Last Run
-----------------------------------------  -----  ---------  --------  ----------  --------------  -------------------
/opt/airflow/dags/dag1_csv_to_postgres.py                           1           0  1.89s           2026-01-08T14:59:41
================================================================================
[2026-01-08T15:00:29.168+0000] {manager.py:879} INFO - 
================================================================================
DAG File Processing Stats

File Path                                  PID    Runtime      # DAGs    # Errors  Last Runtime    Last Run
-----------------------------------------  -----  ---------  --------  ----------  --------------  -------------------
/opt/airflow/dags/dag1_csv_to_postgres.py                           1           0  1.72s           2026-01-08T15:00:13
================================================================================
[2026-01-08T15:00:59.656+0000] {manager.py:879} INFO - 
================================================================================
DAG File Processing Stats

File Path                                  PID    Runtime      # DAGs    # Errors  Last Runtime    Last Run
-----------------------------------------  -----  ---------  --------  ----------  --------------  -------------------
/opt/airflow/dags/dag1_csv_to_postgres.py                           1           0  1.37s           2026-01-08T15:00:45
================================================================================
[2026-01-08T15:01:30.121+0000] {manager.py:879} INFO - 
================================================================================
DAG File Processing Stats

File Path                                  PID    Runtime      # DAGs    # Errors  Last Runtime    Last Run
-----------------------------------------  -----  ---------  --------  ----------  --------------  -------------------
/opt/airflow/dags/dag1_csv_to_postgres.py                           1           0  0.94s           2026-01-08T15:01:16
================================================================================
[2026-01-08T15:02:00.784+0000] {manager.py:879} INFO - 
================================================================================
DAG File Processing Stats

File Path                                  PID    Runtime      # DAGs    # Errors  Last Runtime    Last Run
-----------------------------------------  -----  ---------  --------  ----------  --------------  -------------------
/opt/airflow/dags/dag1_csv_to_postgres.py                           1           0  1.15s           2026-01-08T15:01:48
================================================================================
[2026-01-08T15:02:30.922+0000] {manager.py:879} INFO - 
================================================================================
DAG File Processing Stats

File Path                                  PID    Runtime      # DAGs    # Errors  Last Runtime    Last Run
-----------------------------------------  -----  ---------  --------  ----------  --------------  -------------------
/opt/airflow/dags/dag1_csv_to_postgres.py                           1           0  1.66s           2026-01-08T15:02:20
================================================================================
[2026-01-08T15:03:01.508+0000] {manager.py:879} INFO - 
================================================================================
DAG File Processing Stats

File Path                                  PID    Runtime      # DAGs    # Errors  Last Runtime    Last Run
-----------------------------------------  -----  ---------  --------  ----------  --------------  -------------------
/opt/airflow/dags/dag1_csv_to_postgres.py                           1           0  3.04s           2026-01-08T15:02:54
================================================================================
[2026-01-08T15:03:11.754+0000] {manager.py:738} INFO - Searching for files in /opt/airflow/dags
[2026-01-08T15:03:11.883+0000] {manager.py:741} INFO - There are 1 files in /opt/airflow/dags
[2026-01-08T15:03:31.779+0000] {manager.py:879} INFO - 
================================================================================
DAG File Processing Stats

File Path                                  PID    Runtime      # DAGs    # Errors  Last Runtime    Last Run
-----------------------------------------  -----  ---------  --------  ----------  --------------  -------------------
/opt/airflow/dags/dag1_csv_to_postgres.py                           1           0  1.47s           2026-01-08T15:03:26
================================================================================
[2026-01-08T16:11:22.538+0000] {manager.py:879} INFO - 
================================================================================
DAG File Processing Stats

File Path                                  PID    Runtime      # DAGs    # Errors  Last Runtime    Last Run
-----------------------------------------  -----  ---------  --------  ----------  --------------  -------------------
/opt/airflow/dags/dag1_csv_to_postgres.py                           1           0  1.00s           2026-01-08T15:03:57
================================================================================
[2026-01-08T16:11:22.743+0000] {manager.py:738} INFO - Searching for files in /opt/airflow/dags
[2026-01-08T16:11:31.385+0000] {manager.py:741} INFO - There are 1 files in /opt/airflow/dags
[2026-01-08T16:11:53.045+0000] {manager.py:879} INFO - 
================================================================================
DAG File Processing Stats

File Path                                  PID    Runtime      # DAGs    # Errors  Last Runtime    Last Run
-----------------------------------------  -----  ---------  --------  ----------  --------------  -------------------
/opt/airflow/dags/dag1_csv_to_postgres.py                           1           0  12.66s          2026-01-08T16:11:50
================================================================================
[2026-01-08T16:12:23.501+0000] {manager.py:879} INFO - 
================================================================================
DAG File Processing Stats

File Path                                    PID  Runtime      # DAGs    # Errors  Last Runtime    Last Run
-----------------------------------------  -----  ---------  --------  ----------  --------------  -------------------
/opt/airflow/dags/dag1_csv_to_postgres.py    560  2.67s             1           0  12.66s          2026-01-08T16:11:50
================================================================================
[2026-01-08T16:12:53.533+0000] {manager.py:879} INFO - 
================================================================================
DAG File Processing Stats

File Path                                  PID    Runtime      # DAGs    # Errors  Last Runtime    Last Run
-----------------------------------------  -----  ---------  --------  ----------  --------------  -------------------
/opt/airflow/dags/dag1_csv_to_postgres.py                           1           0  8.02s           2026-01-08T16:12:28
================================================================================
[2026-01-08T16:13:23.657+0000] {manager.py:879} INFO - 
================================================================================
DAG File Processing Stats

File Path                                  PID    Runtime      # DAGs    # Errors  Last Runtime    Last Run
-----------------------------------------  -----  ---------  --------  ----------  --------------  -------------------
/opt/airflow/dags/dag1_csv_to_postgres.py                           1           0  1.69s           2026-01-08T16:13:01
================================================================================
[2026-01-08T16:13:54.229+0000] {manager.py:879} INFO - 
================================================================================
DAG File Processing Stats

File Path                                  PID    Runtime      # DAGs    # Errors  Last Runtime    Last Run
-----------------------------------------  -----  ---------  --------  ----------  --------------  -------------------
/opt/airflow/dags/dag1_csv_to_postgres.py                           1           0  1.97s           2026-01-08T16:13:33
================================================================================
[2026-01-08T16:14:24.998+0000] {manager.py:879} INFO - 
================================================================================
DAG File Processing Stats

File Path                                  PID    Runtime      # DAGs    # Errors  Last Runtime    Last Run
-----------------------------------------  -----  ---------  --------  ----------  --------------  -------------------
/opt/airflow/dags/dag1_csv_to_postgres.py                           1           0  1.43s           2026-01-08T16:14:05
================================================================================
[2026-01-08T16:14:55.524+0000] {manager.py:879} INFO - 
================================================================================
DAG File Processing Stats

File Path                                  PID    Runtime      # DAGs    # Errors  Last Runtime    Last Run
-----------------------------------------  -----  ---------  --------  ----------  --------------  -------------------
/opt/airflow/dags/dag1_csv_to_postgres.py                           1           0  1.10s           2026-01-08T16:14:37
================================================================================
[2026-01-08T16:15:26.062+0000] {manager.py:879} INFO - 
================================================================================
DAG File Processing Stats

File Path                                  PID    Runtime      # DAGs    # Errors  Last Runtime    Last Run
-----------------------------------------  -----  ---------  --------  ----------  --------------  -------------------
/opt/airflow/dags/dag1_csv_to_postgres.py                           1           0  1.03s           2026-01-08T16:15:08
================================================================================
[2026-01-08T16:15:56.226+0000] {manager.py:879} INFO - 
================================================================================
DAG File Processing Stats

File Path                                  PID    Runtime      # DAGs    # Errors  Last Runtime    Last Run
-----------------------------------------  -----  ---------  --------  ----------  --------------  -------------------
/opt/airflow/dags/dag1_csv_to_postgres.py                           1           0  1.65s           2026-01-08T16:15:40
================================================================================
[2026-01-08T16:16:23.040+0000] {manager.py:738} INFO - Searching for files in /opt/airflow/dags
[2026-01-08T16:16:23.168+0000] {manager.py:741} INFO - There are 1 files in /opt/airflow/dags
[2026-01-08T16:16:26.281+0000] {manager.py:879} INFO - 
================================================================================
DAG File Processing Stats

File Path                                  PID    Runtime      # DAGs    # Errors  Last Runtime    Last Run
-----------------------------------------  -----  ---------  --------  ----------  --------------  -------------------
/opt/airflow/dags/dag1_csv_to_postgres.py                           1           0  1.61s           2026-01-08T16:16:13
================================================================================
[2026-01-08T16:16:57.011+0000] {manager.py:879} INFO - 
================================================================================
DAG File Processing Stats

File Path                                  PID    Runtime      # DAGs    # Errors  Last Runtime    Last Run
-----------------------------------------  -----  ---------  --------  ----------  --------------  -------------------
/opt/airflow/dags/dag1_csv_to_postgres.py                           1           0  1.46s           2026-01-08T16:16:45
================================================================================
[2026-01-08T16:17:27.551+0000] {manager.py:879} INFO - 
================================================================================
DAG File Processing Stats

File Path                                  PID    Runtime      # DAGs    # Errors  Last Runtime    Last Run
-----------------------------------------  -----  ---------  --------  ----------  --------------  -------------------
/opt/airflow/dags/dag1_csv_to_postgres.py                           1           0  1.09s           2026-01-08T16:17:16
================================================================================
[2026-01-08T16:17:58.188+0000] {manager.py:879} INFO - 
================================================================================
DAG File Processing Stats

File Path                                  PID    Runtime      # DAGs    # Errors  Last Runtime    Last Run
-----------------------------------------  -----  ---------  --------  ----------  --------------  -------------------
/opt/airflow/dags/dag1_csv_to_postgres.py                           1           0  1.17s           2026-01-08T16:17:48
================================================================================
[2026-01-08T16:18:28.766+0000] {manager.py:879} INFO - 
================================================================================
DAG File Processing Stats

File Path                                  PID    Runtime      # DAGs    # Errors  Last Runtime    Last Run
-----------------------------------------  -----  ---------  --------  ----------  --------------  -------------------
/opt/airflow/dags/dag1_csv_to_postgres.py                           1           0  1.41s           2026-01-08T16:18:19
================================================================================
[2026-01-08T16:18:59.646+0000] {manager.py:879} INFO - 
================================================================================
DAG File Processing Stats

File Path                                  PID    Runtime      # DAGs    # Errors  Last Runtime    Last Run
-----------------------------------------  -----  ---------  --------  ----------  --------------  -------------------
/opt/airflow/dags/dag1_csv_to_postgres.py                           1           0  1.54s           2026-01-08T16:18:51
================================================================================
[2026-01-08T16:19:29.770+0000] {manager.py:879} INFO - 
================================================================================
DAG File Processing Stats

File Path                                  PID    Runtime      # DAGs    # Errors  Last Runtime    Last Run
-----------------------------------------  -----  ---------  --------  ----------  --------------  -------------------
/opt/airflow/dags/dag1_csv_to_postgres.py                           1           0  1.60s           2026-01-08T16:19:23
================================================================================
[2026-01-08T16:20:00.330+0000] {manager.py:879} INFO - 
================================================================================
DAG File Processing Stats

File Path                                  PID    Runtime      # DAGs    # Errors  Last Runtime    Last Run
-----------------------------------------  -----  ---------  --------  ----------  --------------  -------------------
/opt/airflow/dags/dag1_csv_to_postgres.py                           1           0  1.34s           2026-01-08T16:19:55
================================================================================
[2026-01-08T16:20:31.129+0000] {manager.py:879} INFO - 
================================================================================
DAG File Processing Stats

File Path                                  PID    Runtime      # DAGs    # Errors  Last Runtime    Last Run
-----------------------------------------  -----  ---------  --------  ----------  --------------  -------------------
/opt/airflow/dags/dag1_csv_to_postgres.py                           1           0  1.30s           2026-01-08T16:20:27
================================================================================
[2026-01-08T16:21:01.786+0000] {manager.py:879} INFO - 
================================================================================
DAG File Processing Stats

File Path                                  PID    Runtime      # DAGs    # Errors  Last Runtime    Last Run
-----------------------------------------  -----  ---------  --------  ----------  --------------  -------------------
/opt/airflow/dags/dag1_csv_to_postgres.py                           1           0  1.32s           2026-01-08T16:20:58
================================================================================
[2026-01-08T16:21:23.127+0000] {manager.py:738} INFO - Searching for files in /opt/airflow/dags
[2026-01-08T16:21:23.243+0000] {manager.py:741} INFO - There are 1 files in /opt/airflow/dags
[2026-01-08T16:21:32.468+0000] {manager.py:879} INFO - 
================================================================================
DAG File Processing Stats

File Path                                  PID    Runtime      # DAGs    # Errors  Last Runtime    Last Run
-----------------------------------------  -----  ---------  --------  ----------  --------------  -------------------
/opt/airflow/dags/dag1_csv_to_postgres.py                           1           0  1.38s           2026-01-08T16:21:30
================================================================================
[2026-01-08T16:22:03.213+0000] {manager.py:879} INFO - 
================================================================================
DAG File Processing Stats

File Path                                  PID    Runtime      # DAGs    # Errors  Last Runtime    Last Run
-----------------------------------------  -----  ---------  --------  ----------  --------------  -------------------
/opt/airflow/dags/dag1_csv_to_postgres.py                           1           0  1.49s           2026-01-08T16:22:02
================================================================================
[2026-01-08T16:22:33.735+0000] {manager.py:879} INFO - 
================================================================================
DAG File Processing Stats

File Path                                    PID  Runtime      # DAGs    # Errors  Last Runtime    Last Run
-----------------------------------------  -----  ---------  --------  ----------  --------------  -------------------
/opt/airflow/dags/dag1_csv_to_postgres.py    674  1.03s             1           0  1.49s           2026-01-08T16:22:02
================================================================================
[2026-01-08T16:23:03.906+0000] {manager.py:879} INFO - 
================================================================================
DAG File Processing Stats

File Path                                  PID    Runtime      # DAGs    # Errors  Last Runtime    Last Run
-----------------------------------------  -----  ---------  --------  ----------  --------------  -------------------
/opt/airflow/dags/dag1_csv_to_postgres.py                           1           0  1.66s           2026-01-08T16:22:34
================================================================================
[2026-01-08T16:23:33.921+0000] {manager.py:879} INFO - 
================================================================================
DAG File Processing Stats

File Path                                  PID    Runtime      # DAGs    # Errors  Last Runtime    Last Run
-----------------------------------------  -----  ---------  --------  ----------  --------------  -------------------
/opt/airflow/dags/dag1_csv_to_postgres.py                           1           0  1.04s           2026-01-08T16:23:05
================================================================================
[2026-01-08T16:24:04.419+0000] {manager.py:879} INFO - 
================================================================================
DAG File Processing Stats

File Path                                  PID    Runtime      # DAGs    # Errors  Last Runtime    Last Run
-----------------------------------------  -----  ---------  --------  ----------  --------------  -------------------
/opt/airflow/dags/dag1_csv_to_postgres.py                           1           0  1.31s           2026-01-08T16:23:37
================================================================================
[2026-01-08T16:24:34.994+0000] {manager.py:879} INFO - 
================================================================================
DAG File Processing Stats

File Path                                  PID    Runtime      # DAGs    # Errors  Last Runtime    Last Run
-----------------------------------------  -----  ---------  --------  ----------  --------------  -------------------
/opt/airflow/dags/dag1_csv_to_postgres.py                           1           0  1.19s           2026-01-08T16:24:08
================================================================================
[2026-01-08T16:25:05.076+0000] {manager.py:879} INFO - 
================================================================================
DAG File Processing Stats

File Path                                  PID    Runtime      # DAGs    # Errors  Last Runtime    Last Run
-----------------------------------------  -----  ---------  --------  ----------  --------------  -------------------
/opt/airflow/dags/dag1_csv_to_postgres.py                           1           0  1.55s           2026-01-08T16:24:40
================================================================================
[2026-01-08T16:25:35.682+0000] {manager.py:879} INFO - 
================================================================================
DAG File Processing Stats

File Path                                  PID    Runtime      # DAGs    # Errors  Last Runtime    Last Run
-----------------------------------------  -----  ---------  --------  ----------  --------------  -------------------
/opt/airflow/dags/dag1_csv_to_postgres.py                           1           0  1.47s           2026-01-08T16:25:12
================================================================================
[2026-01-08T16:26:06.265+0000] {manager.py:879} INFO - 
================================================================================
DAG File Processing Stats

File Path                                  PID    Runtime      # DAGs    # Errors  Last Runtime    Last Run
-----------------------------------------  -----  ---------  --------  ----------  --------------  -------------------
/opt/airflow/dags/dag1_csv_to_postgres.py                           1           0  2.09s           2026-01-08T16:25:44
================================================================================
[2026-01-08T16:26:23.172+0000] {manager.py:738} INFO - Searching for files in /opt/airflow/dags
[2026-01-08T16:26:23.282+0000] {manager.py:741} INFO - There are 1 files in /opt/airflow/dags
[2026-01-08T16:26:36.526+0000] {manager.py:879} INFO - 
================================================================================
DAG File Processing Stats

File Path                                  PID    Runtime      # DAGs    # Errors  Last Runtime    Last Run
-----------------------------------------  -----  ---------  --------  ----------  --------------  -------------------
/opt/airflow/dags/dag1_csv_to_postgres.py                           1           0  1.60s           2026-01-08T16:26:17
================================================================================
[2026-01-08T16:27:06.889+0000] {manager.py:879} INFO - 
================================================================================
DAG File Processing Stats

File Path                                  PID    Runtime      # DAGs    # Errors  Last Runtime    Last Run
-----------------------------------------  -----  ---------  --------  ----------  --------------  -------------------
/opt/airflow/dags/dag1_csv_to_postgres.py                           1           0  1.09s           2026-01-08T16:26:48
================================================================================
[2026-01-08T16:27:37.260+0000] {manager.py:879} INFO - 
================================================================================
DAG File Processing Stats

File Path                                  PID    Runtime      # DAGs    # Errors  Last Runtime    Last Run
-----------------------------------------  -----  ---------  --------  ----------  --------------  -------------------
/opt/airflow/dags/dag1_csv_to_postgres.py                           1           0  1.81s           2026-01-08T16:27:20
================================================================================
[2026-01-08T16:28:07.468+0000] {manager.py:879} INFO - 
================================================================================
DAG File Processing Stats

File Path                                  PID    Runtime      # DAGs    # Errors  Last Runtime    Last Run
-----------------------------------------  -----  ---------  --------  ----------  --------------  -------------------
/opt/airflow/dags/dag1_csv_to_postgres.py                           1           0  1.69s           2026-01-08T16:27:53
================================================================================
[2026-01-08T16:28:38.016+0000] {manager.py:879} INFO - 
================================================================================
DAG File Processing Stats

File Path                                  PID    Runtime      # DAGs    # Errors  Last Runtime    Last Run
-----------------------------------------  -----  ---------  --------  ----------  --------------  -------------------
/opt/airflow/dags/dag1_csv_to_postgres.py                           1           0  1.69s           2026-01-08T16:28:25
================================================================================
[2026-01-08T16:29:08.473+0000] {manager.py:879} INFO - 
================================================================================
DAG File Processing Stats

File Path                                  PID    Runtime      # DAGs    # Errors  Last Runtime    Last Run
-----------------------------------------  -----  ---------  --------  ----------  --------------  -------------------
/opt/airflow/dags/dag1_csv_to_postgres.py                           1           0  1.94s           2026-01-08T16:28:57
================================================================================
[2026-01-08T16:29:38.539+0000] {manager.py:879} INFO - 
================================================================================
DAG File Processing Stats

File Path                                  PID    Runtime      # DAGs    # Errors  Last Runtime    Last Run
-----------------------------------------  -----  ---------  --------  ----------  --------------  -------------------
/opt/airflow/dags/dag1_csv_to_postgres.py                           1           0  1.48s           2026-01-08T16:29:29
================================================================================
[2026-01-08T16:30:09.149+0000] {manager.py:879} INFO - 
================================================================================
DAG File Processing Stats

File Path                                  PID    Runtime      # DAGs    # Errors  Last Runtime    Last Run
-----------------------------------------  -----  ---------  --------  ----------  --------------  -------------------
/opt/airflow/dags/dag1_csv_to_postgres.py                           1           0  1.17s           2026-01-08T16:30:01
================================================================================
[2026-01-08T16:30:39.700+0000] {manager.py:879} INFO - 
================================================================================
DAG File Processing Stats

File Path                                  PID    Runtime      # DAGs    # Errors  Last Runtime    Last Run
-----------------------------------------  -----  ---------  --------  ----------  --------------  -------------------
/opt/airflow/dags/dag1_csv_to_postgres.py                           1           0  2.06s           2026-01-08T16:30:33
================================================================================
[2026-01-08T16:31:10.279+0000] {manager.py:879} INFO - 
================================================================================
DAG File Processing Stats

File Path                                  PID    Runtime      # DAGs    # Errors  Last Runtime    Last Run
-----------------------------------------  -----  ---------  --------  ----------  --------------  -------------------
/opt/airflow/dags/dag1_csv_to_postgres.py                           1           0  1.49s           2026-01-08T16:31:05
================================================================================
[2026-01-08T16:31:23.483+0000] {manager.py:738} INFO - Searching for files in /opt/airflow/dags
[2026-01-08T16:31:23.620+0000] {manager.py:741} INFO - There are 1 files in /opt/airflow/dags
[2026-01-08T16:31:40.716+0000] {manager.py:879} INFO - 
================================================================================
DAG File Processing Stats

File Path                                  PID    Runtime      # DAGs    # Errors  Last Runtime    Last Run
-----------------------------------------  -----  ---------  --------  ----------  --------------  -------------------
/opt/airflow/dags/dag1_csv_to_postgres.py                           1           0  1.74s           2026-01-08T16:31:37
================================================================================
[2026-01-08T16:32:11.263+0000] {manager.py:879} INFO - 
================================================================================
DAG File Processing Stats

File Path                                  PID    Runtime      # DAGs    # Errors  Last Runtime    Last Run
-----------------------------------------  -----  ---------  --------  ----------  --------------  -------------------
/opt/airflow/dags/dag1_csv_to_postgres.py                           1           0  1.30s           2026-01-08T16:32:09
================================================================================
[2026-01-08T16:32:41.858+0000] {manager.py:879} INFO - 
================================================================================
DAG File Processing Stats

File Path                                  PID    Runtime      # DAGs    # Errors  Last Runtime    Last Run
-----------------------------------------  -----  ---------  --------  ----------  --------------  -------------------
/opt/airflow/dags/dag1_csv_to_postgres.py                           1           0  1.17s           2026-01-08T16:32:40
================================================================================
[2026-01-08T16:33:12.377+0000] {manager.py:879} INFO - 
================================================================================
DAG File Processing Stats

File Path                                    PID  Runtime      # DAGs    # Errors  Last Runtime    Last Run
-----------------------------------------  -----  ---------  --------  ----------  --------------  -------------------
/opt/airflow/dags/dag1_csv_to_postgres.py    794  1.02s             1           0  1.17s           2026-01-08T16:32:40
================================================================================
[2026-01-08T16:33:43.069+0000] {manager.py:879} INFO - 
================================================================================
DAG File Processing Stats

File Path                                    PID  Runtime      # DAGs    # Errors  Last Runtime    Last Run
-----------------------------------------  -----  ---------  --------  ----------  --------------  -------------------
/opt/airflow/dags/dag1_csv_to_postgres.py    800  0.02s             1           0  1.51s           2026-01-08T16:33:12
================================================================================
[2026-01-08T16:34:13.863+0000] {manager.py:879} INFO - 
================================================================================
DAG File Processing Stats

File Path                                  PID    Runtime      # DAGs    # Errors  Last Runtime    Last Run
-----------------------------------------  -----  ---------  --------  ----------  --------------  -------------------
/opt/airflow/dags/dag1_csv_to_postgres.py                           1           0  1.42s           2026-01-08T16:33:44
================================================================================
[2026-01-08T16:34:44.443+0000] {manager.py:879} INFO - 
================================================================================
DAG File Processing Stats

File Path                                  PID    Runtime      # DAGs    # Errors  Last Runtime    Last Run
-----------------------------------------  -----  ---------  --------  ----------  --------------  -------------------
/opt/airflow/dags/dag1_csv_to_postgres.py                           1           0  1.43s           2026-01-08T16:34:16
================================================================================
[2026-01-08T16:35:15.160+0000] {manager.py:879} INFO - 
================================================================================
DAG File Processing Stats

File Path                                  PID    Runtime      # DAGs    # Errors  Last Runtime    Last Run
-----------------------------------------  -----  ---------  --------  ----------  --------------  -------------------
/opt/airflow/dags/dag1_csv_to_postgres.py                           1           0  1.34s           2026-01-08T16:34:47
================================================================================
[2026-01-08T16:35:45.530+0000] {manager.py:879} INFO - 
================================================================================
DAG File Processing Stats

File Path                                  PID    Runtime      # DAGs    # Errors  Last Runtime    Last Run
-----------------------------------------  -----  ---------  --------  ----------  --------------  -------------------
/opt/airflow/dags/dag1_csv_to_postgres.py                           1           0  0.99s           2026-01-08T16:35:19
================================================================================
[2026-01-08T16:36:15.920+0000] {manager.py:879} INFO - 
================================================================================
DAG File Processing Stats

File Path                                  PID    Runtime      # DAGs    # Errors  Last Runtime    Last Run
-----------------------------------------  -----  ---------  --------  ----------  --------------  -------------------
/opt/airflow/dags/dag1_csv_to_postgres.py                           1           0  1.22s           2026-01-08T16:35:50
================================================================================
[2026-01-08T16:36:24.158+0000] {manager.py:738} INFO - Searching for files in /opt/airflow/dags
[2026-01-08T16:36:24.211+0000] {manager.py:741} INFO - There are 1 files in /opt/airflow/dags
[2026-01-08T16:36:46.475+0000] {manager.py:879} INFO - 
================================================================================
DAG File Processing Stats

File Path                                  PID    Runtime      # DAGs    # Errors  Last Runtime    Last Run
-----------------------------------------  -----  ---------  --------  ----------  --------------  -------------------
/opt/airflow/dags/dag1_csv_to_postgres.py                           1           0  1.46s           2026-01-08T16:36:22
================================================================================
[2026-01-08T16:37:16.673+0000] {manager.py:879} INFO - 
================================================================================
DAG File Processing Stats

File Path                                  PID    Runtime      # DAGs    # Errors  Last Runtime    Last Run
-----------------------------------------  -----  ---------  --------  ----------  --------------  -------------------
/opt/airflow/dags/dag1_csv_to_postgres.py                           1           0  1.76s           2026-01-08T16:36:54
================================================================================
[2026-01-08T16:37:47.127+0000] {manager.py:879} INFO - 
================================================================================
DAG File Processing Stats

File Path                                  PID    Runtime      # DAGs    # Errors  Last Runtime    Last Run
-----------------------------------------  -----  ---------  --------  ----------  --------------  -------------------
/opt/airflow/dags/dag1_csv_to_postgres.py                           1           0  1.37s           2026-01-08T16:37:26
================================================================================
[2026-01-08T16:38:17.545+0000] {manager.py:879} INFO - 
================================================================================
DAG File Processing Stats

File Path                                  PID    Runtime      # DAGs    # Errors  Last Runtime    Last Run
-----------------------------------------  -----  ---------  --------  ----------  --------------  -------------------
/opt/airflow/dags/dag1_csv_to_postgres.py                           1           0  1.10s           2026-01-08T16:37:57
================================================================================
[2026-01-08T16:38:47.985+0000] {manager.py:879} INFO - 
================================================================================
DAG File Processing Stats

File Path                                  PID    Runtime      # DAGs    # Errors  Last Runtime    Last Run
-----------------------------------------  -----  ---------  --------  ----------  --------------  -------------------
/opt/airflow/dags/dag1_csv_to_postgres.py                           1           0  1.31s           2026-01-08T16:38:29
================================================================================
[2026-01-08T16:39:18.626+0000] {manager.py:879} INFO - 
================================================================================
DAG File Processing Stats

File Path                                  PID    Runtime      # DAGs    # Errors  Last Runtime    Last Run
-----------------------------------------  -----  ---------  --------  ----------  --------------  -------------------
/opt/airflow/dags/dag1_csv_to_postgres.py                           1           0  1.39s           2026-01-08T16:39:00
================================================================================
[2026-01-08T16:39:48.744+0000] {manager.py:879} INFO - 
================================================================================
DAG File Processing Stats

File Path                                  PID    Runtime      # DAGs    # Errors  Last Runtime    Last Run
-----------------------------------------  -----  ---------  --------  ----------  --------------  -------------------
/opt/airflow/dags/dag1_csv_to_postgres.py                           1           0  1.63s           2026-01-08T16:39:32
================================================================================
[2026-01-08T16:40:19.351+0000] {manager.py:879} INFO - 
================================================================================
DAG File Processing Stats

File Path                                  PID    Runtime      # DAGs    # Errors  Last Runtime    Last Run
-----------------------------------------  -----  ---------  --------  ----------  --------------  -------------------
/opt/airflow/dags/dag1_csv_to_postgres.py                           1           0  1.70s           2026-01-08T16:40:04
================================================================================
[2026-01-08T16:40:49.516+0000] {manager.py:879} INFO - 
================================================================================
DAG File Processing Stats

File Path                                  PID    Runtime      # DAGs    # Errors  Last Runtime    Last Run
-----------------------------------------  -----  ---------  --------  ----------  --------------  -------------------
/opt/airflow/dags/dag1_csv_to_postgres.py                           1           0  1.64s           2026-01-08T16:40:36
================================================================================
[2026-01-08T16:41:19.977+0000] {manager.py:879} INFO - 
================================================================================
DAG File Processing Stats

File Path                                  PID    Runtime      # DAGs    # Errors  Last Runtime    Last Run
-----------------------------------------  -----  ---------  --------  ----------  --------------  -------------------
/opt/airflow/dags/dag1_csv_to_postgres.py                           1           0  0.99s           2026-01-08T16:41:07
================================================================================
[2026-01-08T16:41:24.460+0000] {manager.py:738} INFO - Searching for files in /opt/airflow/dags
[2026-01-08T16:41:24.621+0000] {manager.py:741} INFO - There are 1 files in /opt/airflow/dags
[2026-01-08T16:41:50.442+0000] {manager.py:879} INFO - 
================================================================================
DAG File Processing Stats

File Path                                  PID    Runtime      # DAGs    # Errors  Last Runtime    Last Run
-----------------------------------------  -----  ---------  --------  ----------  --------------  -------------------
/opt/airflow/dags/dag1_csv_to_postgres.py                           1           0  1.67s           2026-01-08T16:41:39
================================================================================
[2026-01-08T16:42:20.803+0000] {manager.py:879} INFO - 
================================================================================
DAG File Processing Stats

File Path                                  PID    Runtime      # DAGs    # Errors  Last Runtime    Last Run
-----------------------------------------  -----  ---------  --------  ----------  --------------  -------------------
/opt/airflow/dags/dag1_csv_to_postgres.py                           1           0  1.83s           2026-01-08T16:42:11
================================================================================
[2026-01-08T16:42:51.327+0000] {manager.py:879} INFO - 
================================================================================
DAG File Processing Stats

File Path                                  PID    Runtime      # DAGs    # Errors  Last Runtime    Last Run
-----------------------------------------  -----  ---------  --------  ----------  --------------  -------------------
/opt/airflow/dags/dag1_csv_to_postgres.py                           1           0  1.35s           2026-01-08T16:42:43
================================================================================
[2026-01-08T16:43:22.183+0000] {manager.py:879} INFO - 
================================================================================
DAG File Processing Stats

File Path                                  PID    Runtime      # DAGs    # Errors  Last Runtime    Last Run
-----------------------------------------  -----  ---------  --------  ----------  --------------  -------------------
/opt/airflow/dags/dag1_csv_to_postgres.py                           1           0  1.44s           2026-01-08T16:43:15
================================================================================
[2026-01-08T16:43:52.857+0000] {manager.py:879} INFO - 
================================================================================
DAG File Processing Stats

File Path                                  PID    Runtime      # DAGs    # Errors  Last Runtime    Last Run
-----------------------------------------  -----  ---------  --------  ----------  --------------  -------------------
/opt/airflow/dags/dag1_csv_to_postgres.py                           1           0  1.37s           2026-01-08T16:43:46
================================================================================
[2026-01-08T16:44:23.502+0000] {manager.py:879} INFO - 
================================================================================
DAG File Processing Stats

File Path                                  PID    Runtime      # DAGs    # Errors  Last Runtime    Last Run
-----------------------------------------  -----  ---------  --------  ----------  --------------  -------------------
/opt/airflow/dags/dag1_csv_to_postgres.py                           1           0  1.26s           2026-01-08T16:44:18
================================================================================
[2026-01-08T16:44:54.041+0000] {manager.py:879} INFO - 
================================================================================
DAG File Processing Stats

File Path                                  PID    Runtime      # DAGs    # Errors  Last Runtime    Last Run
-----------------------------------------  -----  ---------  --------  ----------  --------------  -------------------
/opt/airflow/dags/dag1_csv_to_postgres.py                           1           0  1.17s           2026-01-08T16:44:50
================================================================================
[2026-01-08T16:45:24.047+0000] {manager.py:879} INFO - 
================================================================================
DAG File Processing Stats

File Path                                  PID    Runtime      # DAGs    # Errors  Last Runtime    Last Run
-----------------------------------------  -----  ---------  --------  ----------  --------------  -------------------
/opt/airflow/dags/dag1_csv_to_postgres.py                           1           0  1.51s           2026-01-08T16:45:21
================================================================================
[2026-01-08T16:45:54.523+0000] {manager.py:879} INFO - 
================================================================================
DAG File Processing Stats

File Path                                  PID    Runtime      # DAGs    # Errors  Last Runtime    Last Run
-----------------------------------------  -----  ---------  --------  ----------  --------------  -------------------
/opt/airflow/dags/dag1_csv_to_postgres.py                           1           0  1.59s           2026-01-08T16:45:53
================================================================================
[2026-01-08T16:46:25.060+0000] {manager.py:738} INFO - Searching for files in /opt/airflow/dags
[2026-01-08T16:46:25.124+0000] {manager.py:741} INFO - There are 1 files in /opt/airflow/dags
[2026-01-08T16:46:25.154+0000] {manager.py:879} INFO - 
================================================================================
DAG File Processing Stats

File Path                                    PID  Runtime      # DAGs    # Errors  Last Runtime    Last Run
-----------------------------------------  -----  ---------  --------  ----------  --------------  -------------------
/opt/airflow/dags/dag1_csv_to_postgres.py    944  1.12s             1           0  1.59s           2026-01-08T16:45:53
================================================================================
[2026-01-08T16:46:55.905+0000] {manager.py:879} INFO - 
================================================================================
DAG File Processing Stats

File Path                                    PID  Runtime      # DAGs    # Errors  Last Runtime    Last Run
-----------------------------------------  -----  ---------  --------  ----------  --------------  -------------------
/opt/airflow/dags/dag1_csv_to_postgres.py    950  0.03s             1           0  1.41s           2026-01-08T16:46:25
================================================================================
[2026-01-08T16:47:26.665+0000] {manager.py:879} INFO - 
================================================================================
DAG File Processing Stats

File Path                                  PID    Runtime      # DAGs    # Errors  Last Runtime    Last Run
-----------------------------------------  -----  ---------  --------  ----------  --------------  -------------------
/opt/airflow/dags/dag1_csv_to_postgres.py                           1           0  1.47s           2026-01-08T16:46:57
================================================================================
[2026-01-08T16:47:57.405+0000] {manager.py:879} INFO - 
================================================================================
DAG File Processing Stats

File Path                                  PID    Runtime      # DAGs    # Errors  Last Runtime    Last Run
-----------------------------------------  -----  ---------  --------  ----------  --------------  -------------------
/opt/airflow/dags/dag1_csv_to_postgres.py                           1           0  1.44s           2026-01-08T16:47:29
================================================================================
[2026-01-08T16:48:27.797+0000] {manager.py:879} INFO - 
================================================================================
DAG File Processing Stats

File Path                                  PID    Runtime      # DAGs    # Errors  Last Runtime    Last Run
-----------------------------------------  -----  ---------  --------  ----------  --------------  -------------------
/opt/airflow/dags/dag1_csv_to_postgres.py                           1           0  1.88s           2026-01-08T16:48:01
================================================================================
[2026-01-08T16:48:58.112+0000] {manager.py:879} INFO - 
================================================================================
DAG File Processing Stats

File Path                                  PID    Runtime      # DAGs    # Errors  Last Runtime    Last Run
-----------------------------------------  -----  ---------  --------  ----------  --------------  -------------------
/opt/airflow/dags/dag1_csv_to_postgres.py                           1           0  1.75s           2026-01-08T16:48:33
================================================================================
[2026-01-08T16:49:28.263+0000] {manager.py:879} INFO - 
================================================================================
DAG File Processing Stats

File Path                                  PID    Runtime      # DAGs    # Errors  Last Runtime    Last Run
-----------------------------------------  -----  ---------  --------  ----------  --------------  -------------------
/opt/airflow/dags/dag1_csv_to_postgres.py                           1           0  2.19s           2026-01-08T16:49:06
================================================================================
[2026-01-08T16:49:58.819+0000] {manager.py:879} INFO - 
================================================================================
DAG File Processing Stats

File Path                                  PID    Runtime      # DAGs    # Errors  Last Runtime    Last Run
-----------------------------------------  -----  ---------  --------  ----------  --------------  -------------------
/opt/airflow/dags/dag1_csv_to_postgres.py                           1           0  1.92s           2026-01-08T16:49:38
================================================================================
[2026-01-08T16:50:28.948+0000] {manager.py:879} INFO - 
================================================================================
DAG File Processing Stats

File Path                                  PID    Runtime      # DAGs    # Errors  Last Runtime    Last Run
-----------------------------------------  -----  ---------  --------  ----------  --------------  -------------------
/opt/airflow/dags/dag1_csv_to_postgres.py                           1           0  1.60s           2026-01-08T16:50:10
================================================================================
[2026-01-08T16:50:58.982+0000] {manager.py:879} INFO - 
================================================================================
DAG File Processing Stats

File Path                                  PID    Runtime      # DAGs    # Errors  Last Runtime    Last Run
-----------------------------------------  -----  ---------  --------  ----------  --------------  -------------------
/opt/airflow/dags/dag1_csv_to_postgres.py                           1           0  1.32s           2026-01-08T16:50:42
================================================================================
[2026-01-08T16:51:25.062+0000] {manager.py:738} INFO - Searching for files in /opt/airflow/dags
[2026-01-08T16:51:25.121+0000] {manager.py:741} INFO - There are 1 files in /opt/airflow/dags
[2026-01-08T16:51:29.190+0000] {manager.py:879} INFO - 
================================================================================
DAG File Processing Stats

File Path                                  PID    Runtime      # DAGs    # Errors  Last Runtime    Last Run
-----------------------------------------  -----  ---------  --------  ----------  --------------  -------------------
/opt/airflow/dags/dag1_csv_to_postgres.py                           1           0  1.70s           2026-01-08T16:51:13
================================================================================
[2026-01-08T16:51:59.482+0000] {manager.py:879} INFO - 
================================================================================
DAG File Processing Stats

File Path                                  PID    Runtime      # DAGs    # Errors  Last Runtime    Last Run
-----------------------------------------  -----  ---------  --------  ----------  --------------  -------------------
/opt/airflow/dags/dag1_csv_to_postgres.py                           1           0  1.12s           2026-01-08T16:51:45
================================================================================
[2026-01-08T16:52:29.715+0000] {manager.py:879} INFO - 
================================================================================
DAG File Processing Stats

File Path                                  PID    Runtime      # DAGs    # Errors  Last Runtime    Last Run
-----------------------------------------  -----  ---------  --------  ----------  --------------  -------------------
/opt/airflow/dags/dag1_csv_to_postgres.py                           1           0  1.70s           2026-01-08T16:52:17
================================================================================
[2026-01-08T16:52:59.733+0000] {manager.py:879} INFO - 
================================================================================
DAG File Processing Stats

File Path                                  PID    Runtime      # DAGs    # Errors  Last Runtime    Last Run
-----------------------------------------  -----  ---------  --------  ----------  --------------  -------------------
/opt/airflow/dags/dag1_csv_to_postgres.py                           1           0  1.54s           2026-01-08T16:52:49
================================================================================
[2026-01-08T16:53:30.228+0000] {manager.py:879} INFO - 
================================================================================
DAG File Processing Stats

File Path                                  PID    Runtime      # DAGs    # Errors  Last Runtime    Last Run
-----------------------------------------  -----  ---------  --------  ----------  --------------  -------------------
/opt/airflow/dags/dag1_csv_to_postgres.py                           1           0  1.41s           2026-01-08T16:53:21
================================================================================
[2026-01-08T16:54:00.394+0000] {manager.py:879} INFO - 
================================================================================
DAG File Processing Stats

File Path                                  PID    Runtime      # DAGs    # Errors  Last Runtime    Last Run
-----------------------------------------  -----  ---------  --------  ----------  --------------  -------------------
/opt/airflow/dags/dag1_csv_to_postgres.py                           1           0  1.66s           2026-01-08T16:53:53
================================================================================
[2026-01-08T16:54:30.889+0000] {manager.py:879} INFO - 
================================================================================
DAG File Processing Stats

File Path                                  PID    Runtime      # DAGs    # Errors  Last Runtime    Last Run
-----------------------------------------  -----  ---------  --------  ----------  --------------  -------------------
/opt/airflow/dags/dag1_csv_to_postgres.py                           1           0  1.49s           2026-01-08T16:54:24
================================================================================
[2026-01-08T16:55:01.405+0000] {manager.py:879} INFO - 
================================================================================
DAG File Processing Stats

File Path                                  PID    Runtime      # DAGs    # Errors  Last Runtime    Last Run
-----------------------------------------  -----  ---------  --------  ----------  --------------  -------------------
/opt/airflow/dags/dag1_csv_to_postgres.py                           1           0  1.33s           2026-01-08T16:54:56
================================================================================
[2026-01-08T16:55:31.990+0000] {manager.py:879} INFO - 
================================================================================
DAG File Processing Stats

File Path                                  PID    Runtime      # DAGs    # Errors  Last Runtime    Last Run
-----------------------------------------  -----  ---------  --------  ----------  --------------  -------------------
/opt/airflow/dags/dag1_csv_to_postgres.py                           1           0  1.49s           2026-01-08T16:55:28
================================================================================
[2026-01-08T16:56:02.666+0000] {manager.py:879} INFO - 
================================================================================
DAG File Processing Stats

File Path                                  PID    Runtime      # DAGs    # Errors  Last Runtime    Last Run
-----------------------------------------  -----  ---------  --------  ----------  --------------  -------------------
/opt/airflow/dags/dag1_csv_to_postgres.py                           1           0  1.33s           2026-01-08T16:55:59
================================================================================
[2026-01-08T16:56:25.148+0000] {manager.py:738} INFO - Searching for files in /opt/airflow/dags
[2026-01-08T16:56:25.269+0000] {manager.py:741} INFO - There are 1 files in /opt/airflow/dags
[2026-01-08T16:56:33.267+0000] {manager.py:879} INFO - 
================================================================================
DAG File Processing Stats

File Path                                  PID    Runtime      # DAGs    # Errors  Last Runtime    Last Run
-----------------------------------------  -----  ---------  --------  ----------  --------------  -------------------
/opt/airflow/dags/dag1_csv_to_postgres.py                           1           0  1.70s           2026-01-08T16:56:32
================================================================================
[2026-01-08T16:56:59.437+0000] {manager.py:451} INFO - Exiting gracefully upon receiving signal 15
[2026-01-08T16:59:25.549+0000] {manager.py:469} INFO - Processing files using up to 2 processes at a time 
[2026-01-08T16:59:25.550+0000] {manager.py:470} INFO - Process each file at most once every 30 seconds
[2026-01-08T16:59:25.551+0000] {manager.py:471} INFO - Checking for new files in /opt/airflow/dags every 300 seconds
[2026-01-08T16:59:25.552+0000] {manager.py:738} INFO - Searching for files in /opt/airflow/dags
[2026-01-08T16:59:25.589+0000] {manager.py:741} INFO - There are 1 files in /opt/airflow/dags
[2026-01-08T16:59:26.171+0000] {manager.py:879} INFO - 
================================================================================
DAG File Processing Stats

File Path                                    PID  Runtime      # DAGs    # Errors  Last Runtime    Last Run
-----------------------------------------  -----  ---------  --------  ----------  --------------  ----------
/opt/airflow/dags/dag1_csv_to_postgres.py    168  0.21s             0           0
================================================================================
[2026-01-08T16:59:56.560+0000] {manager.py:879} INFO - 
================================================================================
DAG File Processing Stats

File Path                                  PID    Runtime      # DAGs    # Errors  Last Runtime    Last Run
-----------------------------------------  -----  ---------  --------  ----------  --------------  -------------------
/opt/airflow/dags/dag1_csv_to_postgres.py                           1           0  4.53s           2026-01-08T16:59:30
================================================================================
[2026-01-08T17:00:26.642+0000] {manager.py:879} INFO - 
================================================================================
DAG File Processing Stats

File Path                                  PID    Runtime      # DAGs    # Errors  Last Runtime    Last Run
-----------------------------------------  -----  ---------  --------  ----------  --------------  -------------------
/opt/airflow/dags/dag1_csv_to_postgres.py                           1           0  1.55s           2026-01-08T17:00:02
================================================================================
[2026-01-08T17:00:57.255+0000] {manager.py:879} INFO - 
================================================================================
DAG File Processing Stats

File Path                                  PID    Runtime      # DAGs    # Errors  Last Runtime    Last Run
-----------------------------------------  -----  ---------  --------  ----------  --------------  -------------------
/opt/airflow/dags/dag1_csv_to_postgres.py                           1           0  1.54s           2026-01-08T17:00:33
================================================================================
[2026-01-08T17:01:27.293+0000] {manager.py:879} INFO - 
================================================================================
DAG File Processing Stats

File Path                                  PID    Runtime      # DAGs    # Errors  Last Runtime    Last Run
-----------------------------------------  -----  ---------  --------  ----------  --------------  -------------------
/opt/airflow/dags/dag1_csv_to_postgres.py                           1           0  1.43s           2026-01-08T17:01:05
================================================================================
[2026-01-08T17:01:57.801+0000] {manager.py:879} INFO - 
================================================================================
DAG File Processing Stats

File Path                                  PID    Runtime      # DAGs    # Errors  Last Runtime    Last Run
-----------------------------------------  -----  ---------  --------  ----------  --------------  -------------------
/opt/airflow/dags/dag1_csv_to_postgres.py                           1           0  1.71s           2026-01-08T17:01:37
================================================================================
[2026-01-08T17:02:28.336+0000] {manager.py:879} INFO - 
================================================================================
DAG File Processing Stats

File Path                                  PID    Runtime      # DAGs    # Errors  Last Runtime    Last Run
-----------------------------------------  -----  ---------  --------  ----------  --------------  -------------------
/opt/airflow/dags/dag1_csv_to_postgres.py                           1           0  1.30s           2026-01-08T17:02:09
================================================================================
[2026-01-08T17:02:58.374+0000] {manager.py:879} INFO - 
================================================================================
DAG File Processing Stats

File Path                                  PID    Runtime      # DAGs    # Errors  Last Runtime    Last Run
-----------------------------------------  -----  ---------  --------  ----------  --------------  -------------------
/opt/airflow/dags/dag1_csv_to_postgres.py                           1           0  1.50s           2026-01-08T17:02:41
================================================================================
[2026-01-08T17:03:28.502+0000] {manager.py:879} INFO - 
================================================================================
DAG File Processing Stats

File Path                                  PID    Runtime      # DAGs    # Errors  Last Runtime    Last Run
-----------------------------------------  -----  ---------  --------  ----------  --------------  -------------------
/opt/airflow/dags/dag1_csv_to_postgres.py                           1           0  1.52s           2026-01-08T17:03:13
================================================================================
[2026-01-08T17:03:58.956+0000] {manager.py:879} INFO - 
================================================================================
DAG File Processing Stats

File Path                                  PID    Runtime      # DAGs    # Errors  Last Runtime    Last Run
-----------------------------------------  -----  ---------  --------  ----------  --------------  -------------------
/opt/airflow/dags/dag1_csv_to_postgres.py                           1           0  1.68s           2026-01-08T17:03:45
================================================================================
[2026-01-08T17:04:25.595+0000] {manager.py:738} INFO - Searching for files in /opt/airflow/dags
[2026-01-08T17:04:25.653+0000] {manager.py:741} INFO - There are 1 files in /opt/airflow/dags
[2026-01-08T17:04:29.721+0000] {manager.py:879} INFO - 
================================================================================
DAG File Processing Stats

File Path                                  PID    Runtime      # DAGs    # Errors  Last Runtime    Last Run
-----------------------------------------  -----  ---------  --------  ----------  --------------  -------------------
/opt/airflow/dags/dag1_csv_to_postgres.py                           1           0  1.30s           2026-01-08T17:04:17
================================================================================
[2026-01-08T17:05:00.000+0000] {manager.py:879} INFO - 
================================================================================
DAG File Processing Stats

File Path                                  PID    Runtime      # DAGs    # Errors  Last Runtime    Last Run
-----------------------------------------  -----  ---------  --------  ----------  --------------  -------------------
/opt/airflow/dags/dag1_csv_to_postgres.py                           1           0  0.96s           2026-01-08T17:04:48
================================================================================
[2026-01-08T17:05:30.189+0000] {manager.py:879} INFO - 
================================================================================
DAG File Processing Stats

File Path                                  PID    Runtime      # DAGs    # Errors  Last Runtime    Last Run
-----------------------------------------  -----  ---------  --------  ----------  --------------  -------------------
/opt/airflow/dags/dag1_csv_to_postgres.py                           1           0  1.65s           2026-01-08T17:05:21
================================================================================
[2026-01-08T17:06:00.263+0000] {manager.py:879} INFO - 
================================================================================
DAG File Processing Stats

File Path                                  PID    Runtime      # DAGs    # Errors  Last Runtime    Last Run
-----------------------------------------  -----  ---------  --------  ----------  --------------  -------------------
/opt/airflow/dags/dag1_csv_to_postgres.py                           1           0  1.54s           2026-01-08T17:05:53
================================================================================
[2026-01-08T17:06:17.086+0000] {manager.py:451} INFO - Exiting gracefully upon receiving signal 15
[2026-01-08T17:07:57.995+0000] {manager.py:469} INFO - Processing files using up to 2 processes at a time 
[2026-01-08T17:07:57.996+0000] {manager.py:470} INFO - Process each file at most once every 30 seconds
[2026-01-08T17:07:57.997+0000] {manager.py:471} INFO - Checking for new files in /opt/airflow/dags every 300 seconds
[2026-01-08T17:07:57.999+0000] {manager.py:738} INFO - Searching for files in /opt/airflow/dags
[2026-01-08T17:07:58.040+0000] {manager.py:741} INFO - There are 1 files in /opt/airflow/dags
[2026-01-08T17:07:58.454+0000] {manager.py:879} INFO - 
================================================================================
DAG File Processing Stats

File Path                                    PID  Runtime      # DAGs    # Errors  Last Runtime    Last Run
-----------------------------------------  -----  ---------  --------  ----------  --------------  ----------
/opt/airflow/dags/dag1_csv_to_postgres.py    167  0.18s             0           0
================================================================================
[2026-01-08T17:08:28.799+0000] {manager.py:879} INFO - 
================================================================================
DAG File Processing Stats

File Path                                  PID    Runtime      # DAGs    # Errors  Last Runtime    Last Run
-----------------------------------------  -----  ---------  --------  ----------  --------------  -------------------
/opt/airflow/dags/dag1_csv_to_postgres.py                           1           0  3.42s           2026-01-08T17:08:01
================================================================================
[2026-01-08T17:08:59.624+0000] {manager.py:879} INFO - 
================================================================================
DAG File Processing Stats

File Path                                  PID    Runtime      # DAGs    # Errors  Last Runtime    Last Run
-----------------------------------------  -----  ---------  --------  ----------  --------------  -------------------
/opt/airflow/dags/dag1_csv_to_postgres.py                           1           0  1.33s           2026-01-08T17:08:33
================================================================================
[2026-01-08T17:09:29.925+0000] {manager.py:879} INFO - 
================================================================================
DAG File Processing Stats

File Path                                  PID    Runtime      # DAGs    # Errors  Last Runtime    Last Run
-----------------------------------------  -----  ---------  --------  ----------  --------------  -------------------
/opt/airflow/dags/dag1_csv_to_postgres.py                           1           0  1.72s           2026-01-08T17:09:05
================================================================================
[2026-01-08T17:10:00.335+0000] {manager.py:879} INFO - 
================================================================================
DAG File Processing Stats

File Path                                  PID    Runtime      # DAGs    # Errors  Last Runtime    Last Run
-----------------------------------------  -----  ---------  --------  ----------  --------------  -------------------
/opt/airflow/dags/dag1_csv_to_postgres.py                           1           0  1.82s           2026-01-08T17:09:37
================================================================================
[2026-01-08T17:10:30.462+0000] {manager.py:879} INFO - 
================================================================================
DAG File Processing Stats

File Path                                  PID    Runtime      # DAGs    # Errors  Last Runtime    Last Run
-----------------------------------------  -----  ---------  --------  ----------  --------------  -------------------
/opt/airflow/dags/dag1_csv_to_postgres.py                           1           0  0.94s           2026-01-08T17:10:09
================================================================================
[2026-01-08T17:11:00.653+0000] {manager.py:879} INFO - 
================================================================================
DAG File Processing Stats

File Path                                  PID    Runtime      # DAGs    # Errors  Last Runtime    Last Run
-----------------------------------------  -----  ---------  --------  ----------  --------------  -------------------
/opt/airflow/dags/dag1_csv_to_postgres.py                           1           0  0.84s           2026-01-08T17:10:40
================================================================================
[2026-01-08T17:11:31.551+0000] {manager.py:879} INFO - 
================================================================================
DAG File Processing Stats

File Path                                  PID    Runtime      # DAGs    # Errors  Last Runtime    Last Run
-----------------------------------------  -----  ---------  --------  ----------  --------------  -------------------
/opt/airflow/dags/dag1_csv_to_postgres.py                           1           0  1.59s           2026-01-08T17:11:12
================================================================================
[2026-01-08T17:12:01.842+0000] {manager.py:879} INFO - 
================================================================================
DAG File Processing Stats

File Path                                  PID    Runtime      # DAGs    # Errors  Last Runtime    Last Run
-----------------------------------------  -----  ---------  --------  ----------  --------------  -------------------
/opt/airflow/dags/dag1_csv_to_postgres.py                           1           0  1.79s           2026-01-08T17:11:44
================================================================================
[2026-01-08T17:12:32.451+0000] {manager.py:879} INFO - 
================================================================================
DAG File Processing Stats

File Path                                  PID    Runtime      # DAGs    # Errors  Last Runtime    Last Run
-----------------------------------------  -----  ---------  --------  ----------  --------------  -------------------
/opt/airflow/dags/dag1_csv_to_postgres.py                           1           0  1.21s           2026-01-08T17:12:16
================================================================================
[2026-01-08T17:12:33.990+0000] {manager.py:451} INFO - Exiting gracefully upon receiving signal 15
[2026-01-08T17:14:37.952+0000] {manager.py:469} INFO - Processing files using up to 2 processes at a time 
[2026-01-08T17:14:37.953+0000] {manager.py:470} INFO - Process each file at most once every 30 seconds
[2026-01-08T17:14:37.954+0000] {manager.py:471} INFO - Checking for new files in /opt/airflow/dags every 300 seconds
[2026-01-08T17:14:37.955+0000] {manager.py:738} INFO - Searching for files in /opt/airflow/dags
[2026-01-08T17:14:37.997+0000] {manager.py:741} INFO - There are 1 files in /opt/airflow/dags
[2026-01-08T17:14:38.300+0000] {manager.py:879} INFO - 
================================================================================
DAG File Processing Stats

File Path                                    PID  Runtime      # DAGs    # Errors  Last Runtime    Last Run
-----------------------------------------  -----  ---------  --------  ----------  --------------  ----------
/opt/airflow/dags/dag1_csv_to_postgres.py    166  0.10s             0           0
================================================================================
[2026-01-08T17:15:08.578+0000] {manager.py:879} INFO - 
================================================================================
DAG File Processing Stats

File Path                                  PID    Runtime      # DAGs    # Errors  Last Runtime    Last Run
-----------------------------------------  -----  ---------  --------  ----------  --------------  -------------------
/opt/airflow/dags/dag1_csv_to_postgres.py                           1           0  3.48s           2026-01-08T17:14:41
================================================================================
[2026-01-08T17:15:39.404+0000] {manager.py:879} INFO - 
================================================================================
DAG File Processing Stats

File Path                                  PID    Runtime      # DAGs    # Errors  Last Runtime    Last Run
-----------------------------------------  -----  ---------  --------  ----------  --------------  -------------------
/opt/airflow/dags/dag1_csv_to_postgres.py                           1           0  1.12s           2026-01-08T17:15:13
================================================================================
[2026-01-08T17:16:09.887+0000] {manager.py:879} INFO - 
================================================================================
DAG File Processing Stats

File Path                                  PID    Runtime      # DAGs    # Errors  Last Runtime    Last Run
-----------------------------------------  -----  ---------  --------  ----------  --------------  -------------------
/opt/airflow/dags/dag1_csv_to_postgres.py                           1           0  1.85s           2026-01-08T17:15:45
================================================================================
[2026-01-08T17:16:40.680+0000] {manager.py:879} INFO - 
================================================================================
DAG File Processing Stats

File Path                                  PID    Runtime      # DAGs    # Errors  Last Runtime    Last Run
-----------------------------------------  -----  ---------  --------  ----------  --------------  -------------------
/opt/airflow/dags/dag1_csv_to_postgres.py                           1           0  1.28s           2026-01-08T17:16:17
================================================================================
[2026-01-08T17:17:10.854+0000] {manager.py:879} INFO - 
================================================================================
DAG File Processing Stats

File Path                                  PID    Runtime      # DAGs    # Errors  Last Runtime    Last Run
-----------------------------------------  -----  ---------  --------  ----------  --------------  -------------------
/opt/airflow/dags/dag1_csv_to_postgres.py                           1           0  1.67s           2026-01-08T17:16:49
================================================================================
[2026-01-08T17:17:41.536+0000] {manager.py:879} INFO - 
================================================================================
DAG File Processing Stats

File Path                                  PID    Runtime      # DAGs    # Errors  Last Runtime    Last Run
-----------------------------------------  -----  ---------  --------  ----------  --------------  -------------------
/opt/airflow/dags/dag1_csv_to_postgres.py                           1           0  0.95s           2026-01-08T17:17:21
================================================================================
[2026-01-08T17:18:12.024+0000] {manager.py:879} INFO - 
================================================================================
DAG File Processing Stats

File Path                                  PID    Runtime      # DAGs    # Errors  Last Runtime    Last Run
-----------------------------------------  -----  ---------  --------  ----------  --------------  -------------------
/opt/airflow/dags/dag1_csv_to_postgres.py                           1           0  1.10s           2026-01-08T17:17:52
================================================================================
[2026-01-08T17:18:42.658+0000] {manager.py:879} INFO - 
================================================================================
DAG File Processing Stats

File Path                                  PID    Runtime      # DAGs    # Errors  Last Runtime    Last Run
-----------------------------------------  -----  ---------  --------  ----------  --------------  -------------------
/opt/airflow/dags/dag1_csv_to_postgres.py                           1           0  1.15s           2026-01-08T17:18:24
================================================================================
[2026-01-08T17:19:13.327+0000] {manager.py:879} INFO - 
================================================================================
DAG File Processing Stats

File Path                                  PID    Runtime      # DAGs    # Errors  Last Runtime    Last Run
-----------------------------------------  -----  ---------  --------  ----------  --------------  -------------------
/opt/airflow/dags/dag1_csv_to_postgres.py                           1           0  1.35s           2026-01-08T17:18:56
================================================================================
[2026-01-08T17:19:38.010+0000] {manager.py:738} INFO - Searching for files in /opt/airflow/dags
[2026-01-08T17:19:38.122+0000] {manager.py:741} INFO - There are 1 files in /opt/airflow/dags
[2026-01-08T17:19:44.001+0000] {manager.py:879} INFO - 
================================================================================
DAG File Processing Stats

File Path                                  PID    Runtime      # DAGs    # Errors  Last Runtime    Last Run
-----------------------------------------  -----  ---------  --------  ----------  --------------  -------------------
/opt/airflow/dags/dag1_csv_to_postgres.py                           1           0  1.24s           2026-01-08T17:19:27
================================================================================
[2026-01-08T17:20:14.739+0000] {manager.py:879} INFO - 
================================================================================
DAG File Processing Stats

File Path                                  PID    Runtime      # DAGs    # Errors  Last Runtime    Last Run
-----------------------------------------  -----  ---------  --------  ----------  --------------  -------------------
/opt/airflow/dags/dag1_csv_to_postgres.py                           1           0  1.27s           2026-01-08T17:19:59
================================================================================
[2026-01-08T17:20:45.339+0000] {manager.py:879} INFO - 
================================================================================
DAG File Processing Stats

File Path                                  PID    Runtime      # DAGs    # Errors  Last Runtime    Last Run
-----------------------------------------  -----  ---------  --------  ----------  --------------  -------------------
/opt/airflow/dags/dag1_csv_to_postgres.py                           1           0  1.26s           2026-01-08T17:20:31
================================================================================
[2026-01-08T17:21:15.829+0000] {manager.py:879} INFO - 
================================================================================
DAG File Processing Stats

File Path                                  PID    Runtime      # DAGs    # Errors  Last Runtime    Last Run
-----------------------------------------  -----  ---------  --------  ----------  --------------  -------------------
/opt/airflow/dags/dag1_csv_to_postgres.py                           1           0  0.96s           2026-01-08T17:21:02
================================================================================
[2026-01-08T17:21:46.296+0000] {manager.py:879} INFO - 
================================================================================
DAG File Processing Stats

File Path                                  PID    Runtime      # DAGs    # Errors  Last Runtime    Last Run
-----------------------------------------  -----  ---------  --------  ----------  --------------  -------------------
/opt/airflow/dags/dag1_csv_to_postgres.py                           1           0  1.13s           2026-01-08T17:21:34
================================================================================
[2026-01-08T17:22:16.825+0000] {manager.py:879} INFO - 
================================================================================
DAG File Processing Stats

File Path                                  PID    Runtime      # DAGs    # Errors  Last Runtime    Last Run
-----------------------------------------  -----  ---------  --------  ----------  --------------  -------------------
/opt/airflow/dags/dag1_csv_to_postgres.py                           1           0  1.29s           2026-01-08T17:22:05
================================================================================
[2026-01-08T17:22:47.252+0000] {manager.py:879} INFO - 
================================================================================
DAG File Processing Stats

File Path                                  PID    Runtime      # DAGs    # Errors  Last Runtime    Last Run
-----------------------------------------  -----  ---------  --------  ----------  --------------  -------------------
/opt/airflow/dags/dag1_csv_to_postgres.py                           1           0  1.19s           2026-01-08T17:22:37
================================================================================
[2026-01-08T17:23:17.767+0000] {manager.py:879} INFO - 
================================================================================
DAG File Processing Stats

File Path                                  PID    Runtime      # DAGs    # Errors  Last Runtime    Last Run
-----------------------------------------  -----  ---------  --------  ----------  --------------  -------------------
/opt/airflow/dags/dag1_csv_to_postgres.py                           1           0  1.34s           2026-01-08T17:23:08
================================================================================
[2026-01-08T17:23:48.219+0000] {manager.py:879} INFO - 
================================================================================
DAG File Processing Stats

File Path                                  PID    Runtime      # DAGs    # Errors  Last Runtime    Last Run
-----------------------------------------  -----  ---------  --------  ----------  --------------  -------------------
/opt/airflow/dags/dag1_csv_to_postgres.py                           1           0  1.06s           2026-01-08T17:23:40
================================================================================
[2026-01-08T17:24:18.695+0000] {manager.py:879} INFO - 
================================================================================
DAG File Processing Stats

File Path                                  PID    Runtime      # DAGs    # Errors  Last Runtime    Last Run
-----------------------------------------  -----  ---------  --------  ----------  --------------  -------------------
/opt/airflow/dags/dag1_csv_to_postgres.py                           1           0  1.19s           2026-01-08T17:24:11
================================================================================
[2026-01-08T17:24:38.027+0000] {manager.py:738} INFO - Searching for files in /opt/airflow/dags
[2026-01-08T17:24:38.087+0000] {manager.py:741} INFO - There are 1 files in /opt/airflow/dags
[2026-01-08T17:24:48.855+0000] {manager.py:879} INFO - 
================================================================================
DAG File Processing Stats

File Path                                  PID    Runtime      # DAGs    # Errors  Last Runtime    Last Run
-----------------------------------------  -----  ---------  --------  ----------  --------------  -------------------
/opt/airflow/dags/dag1_csv_to_postgres.py                           1           0  0.89s           2026-01-08T17:24:42
================================================================================
[2026-01-08T17:25:19.662+0000] {manager.py:879} INFO - 
================================================================================
DAG File Processing Stats

File Path                                  PID    Runtime      # DAGs    # Errors  Last Runtime    Last Run
-----------------------------------------  -----  ---------  --------  ----------  --------------  -------------------
/opt/airflow/dags/dag1_csv_to_postgres.py                           1           0  1.27s           2026-01-08T17:25:14
================================================================================
[2026-01-08T17:25:49.957+0000] {manager.py:879} INFO - 
================================================================================
DAG File Processing Stats

File Path                                  PID    Runtime      # DAGs    # Errors  Last Runtime    Last Run
-----------------------------------------  -----  ---------  --------  ----------  --------------  -------------------
/opt/airflow/dags/dag1_csv_to_postgres.py                           1           0  1.58s           2026-01-08T17:25:46
================================================================================
[2026-01-08T17:26:20.057+0000] {manager.py:879} INFO - 
================================================================================
DAG File Processing Stats

File Path                                  PID    Runtime      # DAGs    # Errors  Last Runtime    Last Run
-----------------------------------------  -----  ---------  --------  ----------  --------------  -------------------
/opt/airflow/dags/dag1_csv_to_postgres.py                           1           0  1.35s           2026-01-08T17:26:18
================================================================================
[2026-01-08T17:26:50.756+0000] {manager.py:879} INFO - 
================================================================================
DAG File Processing Stats

File Path                                  PID    Runtime      # DAGs    # Errors  Last Runtime    Last Run
-----------------------------------------  -----  ---------  --------  ----------  --------------  -------------------
/opt/airflow/dags/dag1_csv_to_postgres.py                           1           0  1.36s           2026-01-08T17:26:49
================================================================================
[2026-01-08T17:27:21.195+0000] {manager.py:879} INFO - 
================================================================================
DAG File Processing Stats

File Path                                    PID  Runtime      # DAGs    # Errors  Last Runtime    Last Run
-----------------------------------------  -----  ---------  --------  ----------  --------------  -------------------
/opt/airflow/dags/dag1_csv_to_postgres.py    310  1.03s             1           0  1.36s           2026-01-08T17:26:49
================================================================================
[2026-01-08T17:27:51.652+0000] {manager.py:879} INFO - 
================================================================================
DAG File Processing Stats

File Path                                    PID  Runtime      # DAGs    # Errors  Last Runtime    Last Run
-----------------------------------------  -----  ---------  --------  ----------  --------------  -------------------
/opt/airflow/dags/dag1_csv_to_postgres.py    316  0.01s             1           0  1.13s           2026-01-08T17:27:21
================================================================================
[2026-01-08T17:28:22.163+0000] {manager.py:879} INFO - 
================================================================================
DAG File Processing Stats

File Path                                  PID    Runtime      # DAGs    # Errors  Last Runtime    Last Run
-----------------------------------------  -----  ---------  --------  ----------  --------------  -------------------
/opt/airflow/dags/dag1_csv_to_postgres.py                           1           0  1.03s           2026-01-08T17:27:52
================================================================================
[2026-01-08T17:28:52.676+0000] {manager.py:879} INFO - 
================================================================================
DAG File Processing Stats

File Path                                  PID    Runtime      # DAGs    # Errors  Last Runtime    Last Run
-----------------------------------------  -----  ---------  --------  ----------  --------------  -------------------
/opt/airflow/dags/dag1_csv_to_postgres.py                           1           0  1.07s           2026-01-08T17:28:24
================================================================================
[2026-01-08T17:29:23.281+0000] {manager.py:879} INFO - 
================================================================================
DAG File Processing Stats

File Path                                  PID    Runtime      # DAGs    # Errors  Last Runtime    Last Run
-----------------------------------------  -----  ---------  --------  ----------  --------------  -------------------
/opt/airflow/dags/dag1_csv_to_postgres.py                           1           0  1.06s           2026-01-08T17:28:55
================================================================================
[2026-01-08T17:29:38.525+0000] {manager.py:738} INFO - Searching for files in /opt/airflow/dags
[2026-01-08T17:29:38.639+0000] {manager.py:741} INFO - There are 1 files in /opt/airflow/dags
[2026-01-08T17:29:53.955+0000] {manager.py:879} INFO - 
================================================================================
DAG File Processing Stats

File Path                                  PID    Runtime      # DAGs    # Errors  Last Runtime    Last Run
-----------------------------------------  -----  ---------  --------  ----------  --------------  -------------------
/opt/airflow/dags/dag1_csv_to_postgres.py                           1           0  0.95s           2026-01-08T17:29:27
================================================================================
[2026-01-08T17:30:24.533+0000] {manager.py:879} INFO - 
================================================================================
DAG File Processing Stats

File Path                                  PID    Runtime      # DAGs    # Errors  Last Runtime    Last Run
-----------------------------------------  -----  ---------  --------  ----------  --------------  -------------------
/opt/airflow/dags/dag1_csv_to_postgres.py                           1           0  1.40s           2026-01-08T17:29:59
================================================================================
[2026-01-08T17:30:55.103+0000] {manager.py:879} INFO - 
================================================================================
DAG File Processing Stats

File Path                                  PID    Runtime      # DAGs    # Errors  Last Runtime    Last Run
-----------------------------------------  -----  ---------  --------  ----------  --------------  -------------------
/opt/airflow/dags/dag1_csv_to_postgres.py                           1           0  1.13s           2026-01-08T17:30:30
================================================================================
[2026-01-08T17:31:25.542+0000] {manager.py:879} INFO - 
================================================================================
DAG File Processing Stats

File Path                                  PID    Runtime      # DAGs    # Errors  Last Runtime    Last Run
-----------------------------------------  -----  ---------  --------  ----------  --------------  -------------------
/opt/airflow/dags/dag1_csv_to_postgres.py                           1           0  0.99s           2026-01-08T17:31:02
================================================================================
[2026-01-08T17:31:55.553+0000] {manager.py:879} INFO - 
================================================================================
DAG File Processing Stats

File Path                                  PID    Runtime      # DAGs    # Errors  Last Runtime    Last Run
-----------------------------------------  -----  ---------  --------  ----------  --------------  -------------------
/opt/airflow/dags/dag1_csv_to_postgres.py                           1           0  1.51s           2026-01-08T17:31:34
================================================================================
[2026-01-08T17:32:25.658+0000] {manager.py:879} INFO - 
================================================================================
DAG File Processing Stats

File Path                                  PID    Runtime      # DAGs    # Errors  Last Runtime    Last Run
-----------------------------------------  -----  ---------  --------  ----------  --------------  -------------------
/opt/airflow/dags/dag1_csv_to_postgres.py                           1           0  1.08s           2026-01-08T17:32:05
================================================================================
[2026-01-08T17:32:56.249+0000] {manager.py:879} INFO - 
================================================================================
DAG File Processing Stats

File Path                                  PID    Runtime      # DAGs    # Errors  Last Runtime    Last Run
-----------------------------------------  -----  ---------  --------  ----------  --------------  -------------------
/opt/airflow/dags/dag1_csv_to_postgres.py                           1           0  1.45s           2026-01-08T17:32:37
================================================================================
[2026-01-08T17:33:26.694+0000] {manager.py:879} INFO - 
================================================================================
DAG File Processing Stats

File Path                                  PID    Runtime      # DAGs    # Errors  Last Runtime    Last Run
-----------------------------------------  -----  ---------  --------  ----------  --------------  -------------------
/opt/airflow/dags/dag1_csv_to_postgres.py                           1           0  0.98s           2026-01-08T17:33:08
================================================================================
[2026-01-08T17:33:57.266+0000] {manager.py:879} INFO - 
================================================================================
DAG File Processing Stats

File Path                                  PID    Runtime      # DAGs    # Errors  Last Runtime    Last Run
-----------------------------------------  -----  ---------  --------  ----------  --------------  -------------------
/opt/airflow/dags/dag1_csv_to_postgres.py                           1           0  1.41s           2026-01-08T17:33:40
================================================================================
[2026-01-08T17:34:27.793+0000] {manager.py:879} INFO - 
================================================================================
DAG File Processing Stats

File Path                                  PID    Runtime      # DAGs    # Errors  Last Runtime    Last Run
-----------------------------------------  -----  ---------  --------  ----------  --------------  -------------------
/opt/airflow/dags/dag1_csv_to_postgres.py                           1           0  1.31s           2026-01-08T17:34:11
================================================================================
[2026-01-08T17:34:38.959+0000] {manager.py:738} INFO - Searching for files in /opt/airflow/dags
[2026-01-08T17:34:39.065+0000] {manager.py:741} INFO - There are 1 files in /opt/airflow/dags
[2026-01-08T17:34:58.033+0000] {manager.py:879} INFO - 
================================================================================
DAG File Processing Stats

File Path                                  PID    Runtime      # DAGs    # Errors  Last Runtime    Last Run
-----------------------------------------  -----  ---------  --------  ----------  --------------  -------------------
/opt/airflow/dags/dag1_csv_to_postgres.py                           1           0  1.56s           2026-01-08T17:34:43
================================================================================
[2026-01-08T17:35:28.055+0000] {manager.py:879} INFO - 
================================================================================
DAG File Processing Stats

File Path                                  PID    Runtime      # DAGs    # Errors  Last Runtime    Last Run
-----------------------------------------  -----  ---------  --------  ----------  --------------  -------------------
/opt/airflow/dags/dag1_csv_to_postgres.py                           1           0  1.26s           2026-01-08T17:35:15
================================================================================
[2026-01-08T17:35:58.643+0000] {manager.py:879} INFO - 
================================================================================
DAG File Processing Stats

File Path                                  PID    Runtime      # DAGs    # Errors  Last Runtime    Last Run
-----------------------------------------  -----  ---------  --------  ----------  --------------  -------------------
/opt/airflow/dags/dag1_csv_to_postgres.py                           1           0  1.16s           2026-01-08T17:35:46
================================================================================
[2026-01-08T17:36:29.199+0000] {manager.py:879} INFO - 
================================================================================
DAG File Processing Stats

File Path                                  PID    Runtime      # DAGs    # Errors  Last Runtime    Last Run
-----------------------------------------  -----  ---------  --------  ----------  --------------  -------------------
/opt/airflow/dags/dag1_csv_to_postgres.py                           1           0  1.15s           2026-01-08T17:36:18
================================================================================
[2026-01-08T17:36:59.812+0000] {manager.py:879} INFO - 
================================================================================
DAG File Processing Stats

File Path                                  PID    Runtime      # DAGs    # Errors  Last Runtime    Last Run
-----------------------------------------  -----  ---------  --------  ----------  --------------  -------------------
/opt/airflow/dags/dag1_csv_to_postgres.py                           1           0  1.23s           2026-01-08T17:36:49
================================================================================
[2026-01-08T17:37:29.869+0000] {manager.py:879} INFO - 
================================================================================
DAG File Processing Stats

File Path                                  PID    Runtime      # DAGs    # Errors  Last Runtime    Last Run
-----------------------------------------  -----  ---------  --------  ----------  --------------  -------------------
/opt/airflow/dags/dag1_csv_to_postgres.py                           1           0  1.57s           2026-01-08T17:37:21
================================================================================
[2026-01-08T17:38:00.374+0000] {manager.py:879} INFO - 
================================================================================
DAG File Processing Stats

File Path                                  PID    Runtime      # DAGs    # Errors  Last Runtime    Last Run
-----------------------------------------  -----  ---------  --------  ----------  --------------  -------------------
/opt/airflow/dags/dag1_csv_to_postgres.py                           1           0  1.55s           2026-01-08T17:37:53
================================================================================
[2026-01-08T17:38:30.880+0000] {manager.py:879} INFO - 
================================================================================
DAG File Processing Stats

File Path                                  PID    Runtime      # DAGs    # Errors  Last Runtime    Last Run
-----------------------------------------  -----  ---------  --------  ----------  --------------  -------------------
/opt/airflow/dags/dag1_csv_to_postgres.py                           1           0  1.02s           2026-01-08T17:38:24
================================================================================
[2026-01-08T17:39:01.599+0000] {manager.py:879} INFO - 
================================================================================
DAG File Processing Stats

File Path                                  PID    Runtime      # DAGs    # Errors  Last Runtime    Last Run
-----------------------------------------  -----  ---------  --------  ----------  --------------  -------------------
/opt/airflow/dags/dag1_csv_to_postgres.py                           1           0  1.22s           2026-01-08T17:38:56
================================================================================
[2026-01-08T17:39:31.894+0000] {manager.py:879} INFO - 
================================================================================
DAG File Processing Stats

File Path                                  PID    Runtime      # DAGs    # Errors  Last Runtime    Last Run
-----------------------------------------  -----  ---------  --------  ----------  --------------  -------------------
/opt/airflow/dags/dag1_csv_to_postgres.py                           1           0  1.73s           2026-01-08T17:39:28
================================================================================
[2026-01-08T17:39:39.006+0000] {manager.py:738} INFO - Searching for files in /opt/airflow/dags
[2026-01-08T17:39:39.072+0000] {manager.py:741} INFO - There are 1 files in /opt/airflow/dags
[2026-01-08T17:40:02.172+0000] {manager.py:879} INFO - 
================================================================================
DAG File Processing Stats

File Path                                  PID    Runtime      # DAGs    # Errors  Last Runtime    Last Run
-----------------------------------------  -----  ---------  --------  ----------  --------------  -------------------
/opt/airflow/dags/dag1_csv_to_postgres.py                           1           0  1.71s           2026-01-08T17:40:01
================================================================================
[2026-01-08T17:40:32.221+0000] {manager.py:879} INFO - 
================================================================================
DAG File Processing Stats

File Path                                    PID  Runtime      # DAGs    # Errors  Last Runtime    Last Run
-----------------------------------------  -----  ---------  --------  ----------  --------------  -------------------
/opt/airflow/dags/dag1_csv_to_postgres.py    460  1.05s             1           0  1.71s           2026-01-08T17:40:01
================================================================================
[2026-01-08T17:41:02.587+0000] {manager.py:879} INFO - 
================================================================================
DAG File Processing Stats

File Path                                  PID    Runtime      # DAGs    # Errors  Last Runtime    Last Run
-----------------------------------------  -----  ---------  --------  ----------  --------------  -------------------
/opt/airflow/dags/dag1_csv_to_postgres.py                           1           0  1.85s           2026-01-08T17:40:33
================================================================================
[2026-01-08T17:41:04.368+0000] {manager.py:451} INFO - Exiting gracefully upon receiving signal 15
[2026-01-08T17:41:04.368+0000] {manager.py:451} INFO - Exiting gracefully upon receiving signal 15
[2026-01-08T17:43:23.828+0000] {manager.py:469} INFO - Processing files using up to 2 processes at a time 
[2026-01-08T17:43:23.830+0000] {manager.py:470} INFO - Process each file at most once every 30 seconds
[2026-01-08T17:43:23.830+0000] {manager.py:471} INFO - Checking for new files in /opt/airflow/dags every 300 seconds
[2026-01-08T17:43:23.846+0000] {manager.py:738} INFO - Searching for files in /opt/airflow/dags
[2026-01-08T17:43:23.890+0000] {manager.py:741} INFO - There are 1 files in /opt/airflow/dags
[2026-01-08T17:43:24.241+0000] {manager.py:879} INFO - 
================================================================================
DAG File Processing Stats

File Path                                    PID  Runtime      # DAGs    # Errors  Last Runtime    Last Run
-----------------------------------------  -----  ---------  --------  ----------  --------------  ----------
/opt/airflow/dags/dag1_csv_to_postgres.py    185  0.10s             0           0
================================================================================
[2026-01-08T17:43:54.253+0000] {manager.py:879} INFO - 
================================================================================
DAG File Processing Stats

File Path                                  PID    Runtime      # DAGs    # Errors  Last Runtime    Last Run
-----------------------------------------  -----  ---------  --------  ----------  --------------  -------------------
/opt/airflow/dags/dag1_csv_to_postgres.py                           1           0  2.74s           2026-01-08T17:43:26
================================================================================
[2026-01-08T17:44:24.257+0000] {manager.py:879} INFO - 
================================================================================
DAG File Processing Stats

File Path                                  PID    Runtime      # DAGs    # Errors  Last Runtime    Last Run
-----------------------------------------  -----  ---------  --------  ----------  --------------  -------------------
/opt/airflow/dags/dag1_csv_to_postgres.py                           1           0  1.41s           2026-01-08T17:43:58
================================================================================
[2026-01-08T17:44:54.792+0000] {manager.py:879} INFO - 
================================================================================
DAG File Processing Stats

File Path                                  PID    Runtime      # DAGs    # Errors  Last Runtime    Last Run
-----------------------------------------  -----  ---------  --------  ----------  --------------  -------------------
/opt/airflow/dags/dag1_csv_to_postgres.py                           1           0  1.17s           2026-01-08T17:44:30
================================================================================
[2026-01-08T17:45:24.886+0000] {manager.py:879} INFO - 
================================================================================
DAG File Processing Stats

File Path                                  PID    Runtime      # DAGs    # Errors  Last Runtime    Last Run
-----------------------------------------  -----  ---------  --------  ----------  --------------  -------------------
/opt/airflow/dags/dag1_csv_to_postgres.py                           1           0  1.52s           2026-01-08T17:45:02
================================================================================
[2026-01-08T17:45:55.221+0000] {manager.py:879} INFO - 
================================================================================
DAG File Processing Stats

File Path                                  PID    Runtime      # DAGs    # Errors  Last Runtime    Last Run
-----------------------------------------  -----  ---------  --------  ----------  --------------  -------------------
/opt/airflow/dags/dag1_csv_to_postgres.py                           1           0  0.94s           2026-01-08T17:45:33
================================================================================
[2026-01-08T17:46:25.374+0000] {manager.py:879} INFO - 
================================================================================
DAG File Processing Stats

File Path                                  PID    Runtime      # DAGs    # Errors  Last Runtime    Last Run
-----------------------------------------  -----  ---------  --------  ----------  --------------  -------------------
/opt/airflow/dags/dag1_csv_to_postgres.py                           1           0  1.21s           2026-01-08T17:46:05
================================================================================
[2026-01-08T17:46:55.966+0000] {manager.py:879} INFO - 
================================================================================
DAG File Processing Stats

File Path                                  PID    Runtime      # DAGs    # Errors  Last Runtime    Last Run
-----------------------------------------  -----  ---------  --------  ----------  --------------  -------------------
/opt/airflow/dags/dag1_csv_to_postgres.py                           1           0  1.25s           2026-01-08T17:46:36
================================================================================
[2026-01-08T17:47:26.355+0000] {manager.py:879} INFO - 
================================================================================
DAG File Processing Stats

File Path                                  PID    Runtime      # DAGs    # Errors  Last Runtime    Last Run
-----------------------------------------  -----  ---------  --------  ----------  --------------  -------------------
/opt/airflow/dags/dag1_csv_to_postgres.py                           1           0  1.41s           2026-01-08T17:47:08
================================================================================
[2026-01-08T17:47:56.861+0000] {manager.py:879} INFO - 
================================================================================
DAG File Processing Stats

File Path                                  PID    Runtime      # DAGs    # Errors  Last Runtime    Last Run
-----------------------------------------  -----  ---------  --------  ----------  --------------  -------------------
/opt/airflow/dags/dag1_csv_to_postgres.py                           1           0  1.77s           2026-01-08T17:47:40
================================================================================
[2026-01-08T17:48:24.442+0000] {manager.py:738} INFO - Searching for files in /opt/airflow/dags
[2026-01-08T17:48:24.545+0000] {manager.py:741} INFO - There are 1 files in /opt/airflow/dags
[2026-01-08T17:48:27.662+0000] {manager.py:879} INFO - 
================================================================================
DAG File Processing Stats

File Path                                  PID    Runtime      # DAGs    # Errors  Last Runtime    Last Run
-----------------------------------------  -----  ---------  --------  ----------  --------------  -------------------
/opt/airflow/dags/dag1_csv_to_postgres.py                           1           0  1.25s           2026-01-08T17:48:12
================================================================================
[2026-01-08T17:48:57.691+0000] {manager.py:879} INFO - 
================================================================================
DAG File Processing Stats

File Path                                  PID    Runtime      # DAGs    # Errors  Last Runtime    Last Run
-----------------------------------------  -----  ---------  --------  ----------  --------------  -------------------
/opt/airflow/dags/dag1_csv_to_postgres.py                           1           0  1.46s           2026-01-08T17:48:44
================================================================================
[2026-01-08T17:49:28.333+0000] {manager.py:879} INFO - 
================================================================================
DAG File Processing Stats

File Path                                  PID    Runtime      # DAGs    # Errors  Last Runtime    Last Run
-----------------------------------------  -----  ---------  --------  ----------  --------------  -------------------
/opt/airflow/dags/dag1_csv_to_postgres.py                           1           0  1.42s           2026-01-08T17:49:16
================================================================================
[2026-01-08T17:49:58.951+0000] {manager.py:879} INFO - 
================================================================================
DAG File Processing Stats

File Path                                  PID    Runtime      # DAGs    # Errors  Last Runtime    Last Run
-----------------------------------------  -----  ---------  --------  ----------  --------------  -------------------
/opt/airflow/dags/dag1_csv_to_postgres.py                           1           0  1.30s           2026-01-08T17:49:48
================================================================================
[2026-01-08T17:50:29.135+0000] {manager.py:879} INFO - 
================================================================================
DAG File Processing Stats

File Path                                  PID    Runtime      # DAGs    # Errors  Last Runtime    Last Run
-----------------------------------------  -----  ---------  --------  ----------  --------------  -------------------
/opt/airflow/dags/dag1_csv_to_postgres.py                           1           0  1.65s           2026-01-08T17:50:19
================================================================================
[2026-01-08T17:50:59.435+0000] {manager.py:879} INFO - 
================================================================================
DAG File Processing Stats

File Path                                  PID    Runtime      # DAGs    # Errors  Last Runtime    Last Run
-----------------------------------------  -----  ---------  --------  ----------  --------------  -------------------
/opt/airflow/dags/dag1_csv_to_postgres.py                           1           0  1.99s           2026-01-08T17:50:52
================================================================================
[2026-01-08T17:51:30.044+0000] {manager.py:879} INFO - 
================================================================================
DAG File Processing Stats

File Path                                  PID    Runtime      # DAGs    # Errors  Last Runtime    Last Run
-----------------------------------------  -----  ---------  --------  ----------  --------------  -------------------
/opt/airflow/dags/dag1_csv_to_postgres.py                           1           0  1.04s           2026-01-08T17:51:23
================================================================================
[2026-01-08T17:52:00.602+0000] {manager.py:879} INFO - 
================================================================================
DAG File Processing Stats

File Path                                  PID    Runtime      # DAGs    # Errors  Last Runtime    Last Run
-----------------------------------------  -----  ---------  --------  ----------  --------------  -------------------
/opt/airflow/dags/dag1_csv_to_postgres.py                           1           0  1.18s           2026-01-08T17:51:55
================================================================================
[2026-01-08T17:52:31.054+0000] {manager.py:879} INFO - 
================================================================================
DAG File Processing Stats

File Path                                  PID    Runtime      # DAGs    # Errors  Last Runtime    Last Run
-----------------------------------------  -----  ---------  --------  ----------  --------------  -------------------
/opt/airflow/dags/dag1_csv_to_postgres.py                           1           0  0.91s           2026-01-08T17:52:26
================================================================================
[2026-01-08T17:53:01.329+0000] {manager.py:879} INFO - 
================================================================================
DAG File Processing Stats

File Path                                  PID    Runtime      # DAGs    # Errors  Last Runtime    Last Run
-----------------------------------------  -----  ---------  --------  ----------  --------------  -------------------
/opt/airflow/dags/dag1_csv_to_postgres.py                           1           0  0.87s           2026-01-08T17:52:58
================================================================================
[2026-01-08T17:53:24.594+0000] {manager.py:738} INFO - Searching for files in /opt/airflow/dags
[2026-01-08T17:53:24.649+0000] {manager.py:741} INFO - There are 1 files in /opt/airflow/dags
[2026-01-08T17:53:31.903+0000] {manager.py:879} INFO - 
================================================================================
DAG File Processing Stats

File Path                                  PID    Runtime      # DAGs    # Errors  Last Runtime    Last Run
-----------------------------------------  -----  ---------  --------  ----------  --------------  -------------------
/opt/airflow/dags/dag1_csv_to_postgres.py                           1           0  1.34s           2026-01-08T17:53:30
================================================================================
[2026-01-08T17:54:01.982+0000] {manager.py:879} INFO - 
================================================================================
DAG File Processing Stats

File Path                                  PID    Runtime      # DAGs    # Errors  Last Runtime    Last Run
-----------------------------------------  -----  ---------  --------  ----------  --------------  -------------------
/opt/airflow/dags/dag1_csv_to_postgres.py                           1           0  1.39s           2026-01-08T17:54:01
================================================================================
[2026-01-08T17:54:32.171+0000] {manager.py:879} INFO - 
================================================================================
DAG File Processing Stats

File Path                                    PID  Runtime      # DAGs    # Errors  Last Runtime    Last Run
-----------------------------------------  -----  ---------  --------  ----------  --------------  -------------------
/opt/airflow/dags/dag1_csv_to_postgres.py    338  0.02s             1           0  1.39s           2026-01-08T17:54:01
================================================================================
[2026-01-08T17:55:02.633+0000] {manager.py:879} INFO - 
================================================================================
DAG File Processing Stats

File Path                                  PID    Runtime      # DAGs    # Errors  Last Runtime    Last Run
-----------------------------------------  -----  ---------  --------  ----------  --------------  -------------------
/opt/airflow/dags/dag1_csv_to_postgres.py                           1           0  1.30s           2026-01-08T17:54:33
================================================================================
[2026-01-08T17:55:33.139+0000] {manager.py:879} INFO - 
================================================================================
DAG File Processing Stats

File Path                                  PID    Runtime      # DAGs    # Errors  Last Runtime    Last Run
-----------------------------------------  -----  ---------  --------  ----------  --------------  -------------------
/opt/airflow/dags/dag1_csv_to_postgres.py                           1           0  1.24s           2026-01-08T17:55:04
================================================================================
[2026-01-08T17:56:03.769+0000] {manager.py:879} INFO - 
================================================================================
DAG File Processing Stats

File Path                                  PID    Runtime      # DAGs    # Errors  Last Runtime    Last Run
-----------------------------------------  -----  ---------  --------  ----------  --------------  -------------------
/opt/airflow/dags/dag1_csv_to_postgres.py                           1           0  1.18s           2026-01-08T17:55:36
================================================================================
[2026-01-08T17:56:34.340+0000] {manager.py:879} INFO - 
================================================================================
DAG File Processing Stats

File Path                                  PID    Runtime      # DAGs    # Errors  Last Runtime    Last Run
-----------------------------------------  -----  ---------  --------  ----------  --------------  -------------------
/opt/airflow/dags/dag1_csv_to_postgres.py                           1           0  1.09s           2026-01-08T17:56:07
================================================================================
[2026-01-08T17:57:04.954+0000] {manager.py:879} INFO - 
================================================================================
DAG File Processing Stats

File Path                                  PID    Runtime      # DAGs    # Errors  Last Runtime    Last Run
-----------------------------------------  -----  ---------  --------  ----------  --------------  -------------------
/opt/airflow/dags/dag1_csv_to_postgres.py                           1           0  1.19s           2026-01-08T17:56:39
================================================================================
[2026-01-08T17:57:35.545+0000] {manager.py:879} INFO - 
================================================================================
DAG File Processing Stats

File Path                                  PID    Runtime      # DAGs    # Errors  Last Runtime    Last Run
-----------------------------------------  -----  ---------  --------  ----------  --------------  -------------------
/opt/airflow/dags/dag1_csv_to_postgres.py                           1           0  1.18s           2026-01-08T17:57:11
================================================================================
[2026-01-08T17:58:05.705+0000] {manager.py:879} INFO - 
================================================================================
DAG File Processing Stats

File Path                                  PID    Runtime      # DAGs    # Errors  Last Runtime    Last Run
-----------------------------------------  -----  ---------  --------  ----------  --------------  -------------------
/opt/airflow/dags/dag1_csv_to_postgres.py                           1           0  1.67s           2026-01-08T17:57:43
================================================================================
[2026-01-08T17:58:25.073+0000] {manager.py:738} INFO - Searching for files in /opt/airflow/dags
[2026-01-08T17:58:25.202+0000] {manager.py:741} INFO - There are 1 files in /opt/airflow/dags
[2026-01-08T17:58:36.383+0000] {manager.py:879} INFO - 
================================================================================
DAG File Processing Stats

File Path                                  PID    Runtime      # DAGs    # Errors  Last Runtime    Last Run
-----------------------------------------  -----  ---------  --------  ----------  --------------  -------------------
/opt/airflow/dags/dag1_csv_to_postgres.py                           1           0  1.15s           2026-01-08T17:58:15
================================================================================
[2026-01-08T17:59:06.795+0000] {manager.py:879} INFO - 
================================================================================
DAG File Processing Stats

File Path                                  PID    Runtime      # DAGs    # Errors  Last Runtime    Last Run
-----------------------------------------  -----  ---------  --------  ----------  --------------  -------------------
/opt/airflow/dags/dag1_csv_to_postgres.py                           1           0  1.12s           2026-01-08T17:58:46
================================================================================
[2026-01-08T17:59:37.163+0000] {manager.py:879} INFO - 
================================================================================
DAG File Processing Stats

File Path                                  PID    Runtime      # DAGs    # Errors  Last Runtime    Last Run
-----------------------------------------  -----  ---------  --------  ----------  --------------  -------------------
/opt/airflow/dags/dag1_csv_to_postgres.py                           1           0  1.10s           2026-01-08T17:59:18
================================================================================
[2026-01-08T18:00:07.575+0000] {manager.py:879} INFO - 
================================================================================
DAG File Processing Stats

File Path                                  PID    Runtime      # DAGs    # Errors  Last Runtime    Last Run
-----------------------------------------  -----  ---------  --------  ----------  --------------  -------------------
/opt/airflow/dags/dag1_csv_to_postgres.py                           1           0  1.36s           2026-01-08T17:59:49
================================================================================
[2026-01-08T18:00:38.365+0000] {manager.py:879} INFO - 
================================================================================
DAG File Processing Stats

File Path                                  PID    Runtime      # DAGs    # Errors  Last Runtime    Last Run
-----------------------------------------  -----  ---------  --------  ----------  --------------  -------------------
/opt/airflow/dags/dag1_csv_to_postgres.py                           1           0  1.38s           2026-01-08T18:00:21
================================================================================
[2026-01-08T18:01:08.940+0000] {manager.py:879} INFO - 
================================================================================
DAG File Processing Stats

File Path                                  PID    Runtime      # DAGs    # Errors  Last Runtime    Last Run
-----------------------------------------  -----  ---------  --------  ----------  --------------  -------------------
/opt/airflow/dags/dag1_csv_to_postgres.py                           1           0  1.24s           2026-01-08T18:00:52
================================================================================
[2026-01-08T18:01:39.539+0000] {manager.py:879} INFO - 
================================================================================
DAG File Processing Stats

File Path                                  PID    Runtime      # DAGs    # Errors  Last Runtime    Last Run
-----------------------------------------  -----  ---------  --------  ----------  --------------  -------------------
/opt/airflow/dags/dag1_csv_to_postgres.py                           1           0  1.06s           2026-01-08T18:01:24
================================================================================
[2026-01-08T18:02:10.174+0000] {manager.py:879} INFO - 
================================================================================
DAG File Processing Stats

File Path                                  PID    Runtime      # DAGs    # Errors  Last Runtime    Last Run
-----------------------------------------  -----  ---------  --------  ----------  --------------  -------------------
/opt/airflow/dags/dag1_csv_to_postgres.py                           1           0  1.22s           2026-01-08T18:01:56
================================================================================
[2026-01-08T18:02:40.788+0000] {manager.py:879} INFO - 
================================================================================
DAG File Processing Stats

File Path                                  PID    Runtime      # DAGs    # Errors  Last Runtime    Last Run
-----------------------------------------  -----  ---------  --------  ----------  --------------  -------------------
/opt/airflow/dags/dag1_csv_to_postgres.py                           1           0  1.24s           2026-01-08T18:02:27
================================================================================
[2026-01-08T18:03:11.378+0000] {manager.py:879} INFO - 
================================================================================
DAG File Processing Stats

File Path                                  PID    Runtime      # DAGs    # Errors  Last Runtime    Last Run
-----------------------------------------  -----  ---------  --------  ----------  --------------  -------------------
/opt/airflow/dags/dag1_csv_to_postgres.py                           1           0  1.28s           2026-01-08T18:02:59
================================================================================
[2026-01-08T18:03:25.623+0000] {manager.py:738} INFO - Searching for files in /opt/airflow/dags
[2026-01-08T18:03:25.766+0000] {manager.py:741} INFO - There are 1 files in /opt/airflow/dags
[2026-01-08T18:03:42.217+0000] {manager.py:879} INFO - 
================================================================================
DAG File Processing Stats

File Path                                  PID    Runtime      # DAGs    # Errors  Last Runtime    Last Run
-----------------------------------------  -----  ---------  --------  ----------  --------------  -------------------
/opt/airflow/dags/dag1_csv_to_postgres.py                           1           0  1.25s           2026-01-08T18:03:31
================================================================================
[2026-01-08T18:04:12.873+0000] {manager.py:879} INFO - 
================================================================================
DAG File Processing Stats

File Path                                  PID    Runtime      # DAGs    # Errors  Last Runtime    Last Run
-----------------------------------------  -----  ---------  --------  ----------  --------------  -------------------
/opt/airflow/dags/dag1_csv_to_postgres.py                           1           0  1.23s           2026-01-08T18:04:02
================================================================================
[2026-01-08T18:04:43.489+0000] {manager.py:879} INFO - 
================================================================================
DAG File Processing Stats

File Path                                  PID    Runtime      # DAGs    # Errors  Last Runtime    Last Run
-----------------------------------------  -----  ---------  --------  ----------  --------------  -------------------
/opt/airflow/dags/dag1_csv_to_postgres.py                           1           0  1.30s           2026-01-08T18:04:34
================================================================================
[2026-01-08T18:05:14.203+0000] {manager.py:879} INFO - 
================================================================================
DAG File Processing Stats

File Path                                  PID    Runtime      # DAGs    # Errors  Last Runtime    Last Run
-----------------------------------------  -----  ---------  --------  ----------  --------------  -------------------
/opt/airflow/dags/dag1_csv_to_postgres.py                           1           0  1.40s           2026-01-08T18:05:06
================================================================================
[2026-01-08T18:05:44.876+0000] {manager.py:879} INFO - 
================================================================================
DAG File Processing Stats

File Path                                  PID    Runtime      # DAGs    # Errors  Last Runtime    Last Run
-----------------------------------------  -----  ---------  --------  ----------  --------------  -------------------
/opt/airflow/dags/dag1_csv_to_postgres.py                           1           0  1.31s           2026-01-08T18:05:37
================================================================================
[2026-01-08T18:06:14.938+0000] {manager.py:879} INFO - 
================================================================================
DAG File Processing Stats

File Path                                  PID    Runtime      # DAGs    # Errors  Last Runtime    Last Run
-----------------------------------------  -----  ---------  --------  ----------  --------------  -------------------
/opt/airflow/dags/dag1_csv_to_postgres.py                           1           0  1.62s           2026-01-08T18:06:09
================================================================================
[2026-01-08T18:06:45.025+0000] {manager.py:879} INFO - 
================================================================================
DAG File Processing Stats

File Path                                  PID    Runtime      # DAGs    # Errors  Last Runtime    Last Run
-----------------------------------------  -----  ---------  --------  ----------  --------------  -------------------
/opt/airflow/dags/dag1_csv_to_postgres.py                           1           0  1.37s           2026-01-08T18:06:41
================================================================================
[2026-01-08T18:07:15.565+0000] {manager.py:879} INFO - 
================================================================================
DAG File Processing Stats

File Path                                  PID    Runtime      # DAGs    # Errors  Last Runtime    Last Run
-----------------------------------------  -----  ---------  --------  ----------  --------------  -------------------
/opt/airflow/dags/dag1_csv_to_postgres.py                           1           0  1.19s           2026-01-08T18:07:12
================================================================================
[2026-01-08T18:07:46.280+0000] {manager.py:879} INFO - 
================================================================================
DAG File Processing Stats

File Path                                  PID    Runtime      # DAGs    # Errors  Last Runtime    Last Run
-----------------------------------------  -----  ---------  --------  ----------  --------------  -------------------
/opt/airflow/dags/dag1_csv_to_postgres.py                           1           0  1.32s           2026-01-08T18:07:44
================================================================================
[2026-01-08T18:08:16.546+0000] {manager.py:879} INFO - 
================================================================================
DAG File Processing Stats

File Path                                  PID    Runtime      # DAGs    # Errors  Last Runtime    Last Run
-----------------------------------------  -----  ---------  --------  ----------  --------------  -------------------
/opt/airflow/dags/dag1_csv_to_postgres.py                           1           0  1.73s           2026-01-08T18:08:16
================================================================================
[2026-01-08T18:08:25.693+0000] {manager.py:738} INFO - Searching for files in /opt/airflow/dags
[2026-01-08T18:08:25.761+0000] {manager.py:741} INFO - There are 1 files in /opt/airflow/dags
[2026-01-08T18:08:46.617+0000] {manager.py:879} INFO - 
================================================================================
DAG File Processing Stats

File Path                                    PID  Runtime      # DAGs    # Errors  Last Runtime    Last Run
-----------------------------------------  -----  ---------  --------  ----------  --------------  -------------------
/opt/airflow/dags/dag1_csv_to_postgres.py    500  0.01s             1           0  1.73s           2026-01-08T18:08:16
================================================================================
[2026-01-08T18:09:17.044+0000] {manager.py:879} INFO - 
================================================================================
DAG File Processing Stats

File Path                                  PID    Runtime      # DAGs    # Errors  Last Runtime    Last Run
-----------------------------------------  -----  ---------  --------  ----------  --------------  -------------------
/opt/airflow/dags/dag1_csv_to_postgres.py                           1           0  1.76s           2026-01-08T18:08:48
================================================================================
[2026-01-08T18:09:47.594+0000] {manager.py:879} INFO - 
================================================================================
DAG File Processing Stats

File Path                                  PID    Runtime      # DAGs    # Errors  Last Runtime    Last Run
-----------------------------------------  -----  ---------  --------  ----------  --------------  -------------------
/opt/airflow/dags/dag1_csv_to_postgres.py                           1           0  2.11s           2026-01-08T18:09:21
================================================================================
[2026-01-08T18:10:18.250+0000] {manager.py:879} INFO - 
================================================================================
DAG File Processing Stats

File Path                                  PID    Runtime      # DAGs    # Errors  Last Runtime    Last Run
-----------------------------------------  -----  ---------  --------  ----------  --------------  -------------------
/opt/airflow/dags/dag1_csv_to_postgres.py                           1           0  2.22s           2026-01-08T18:09:53
================================================================================
[2026-01-08T18:10:48.763+0000] {manager.py:879} INFO - 
================================================================================
DAG File Processing Stats

File Path                                  PID    Runtime      # DAGs    # Errors  Last Runtime    Last Run
-----------------------------------------  -----  ---------  --------  ----------  --------------  -------------------
/opt/airflow/dags/dag1_csv_to_postgres.py                           1           0  1.35s           2026-01-08T18:10:25
================================================================================
[2026-01-08T18:11:19.369+0000] {manager.py:879} INFO - 
================================================================================
DAG File Processing Stats

File Path                                  PID    Runtime      # DAGs    # Errors  Last Runtime    Last Run
-----------------------------------------  -----  ---------  --------  ----------  --------------  -------------------
/opt/airflow/dags/dag1_csv_to_postgres.py                           1           0  1.19s           2026-01-08T18:10:57
================================================================================
[2026-01-08T18:11:49.951+0000] {manager.py:879} INFO - 
================================================================================
DAG File Processing Stats

File Path                                  PID    Runtime      # DAGs    # Errors  Last Runtime    Last Run
-----------------------------------------  -----  ---------  --------  ----------  --------------  -------------------
/opt/airflow/dags/dag1_csv_to_postgres.py                           1           0  1.15s           2026-01-08T18:11:28
================================================================================
[2026-01-08T18:12:20.017+0000] {manager.py:879} INFO - 
================================================================================
DAG File Processing Stats

File Path                                  PID    Runtime      # DAGs    # Errors  Last Runtime    Last Run
-----------------------------------------  -----  ---------  --------  ----------  --------------  -------------------
/opt/airflow/dags/dag1_csv_to_postgres.py                           1           0  1.55s           2026-01-08T18:12:00
================================================================================
[2026-01-08T18:12:51.004+0000] {manager.py:879} INFO - 
================================================================================
DAG File Processing Stats

File Path                                  PID    Runtime      # DAGs    # Errors  Last Runtime    Last Run
-----------------------------------------  -----  ---------  --------  ----------  --------------  -------------------
/opt/airflow/dags/dag1_csv_to_postgres.py                           1           0  1.54s           2026-01-08T18:12:32
================================================================================
[2026-01-08T18:13:21.327+0000] {manager.py:879} INFO - 
================================================================================
DAG File Processing Stats

File Path                                  PID    Runtime      # DAGs    # Errors  Last Runtime    Last Run
-----------------------------------------  -----  ---------  --------  ----------  --------------  -------------------
/opt/airflow/dags/dag1_csv_to_postgres.py                           1           0  0.56s           2026-01-08T18:13:03
================================================================================
[2026-01-08T18:13:25.967+0000] {manager.py:738} INFO - Searching for files in /opt/airflow/dags
[2026-01-08T18:13:26.004+0000] {manager.py:741} INFO - There are 1 files in /opt/airflow/dags
[2026-01-08T18:13:51.638+0000] {manager.py:879} INFO - 
================================================================================
DAG File Processing Stats

File Path                                  PID    Runtime      # DAGs    # Errors  Last Runtime    Last Run
-----------------------------------------  -----  ---------  --------  ----------  --------------  -------------------
/opt/airflow/dags/dag1_csv_to_postgres.py                           1           0  0.51s           2026-01-08T18:13:34
================================================================================
[2026-01-08T18:14:22.171+0000] {manager.py:879} INFO - 
================================================================================
DAG File Processing Stats

File Path                                  PID    Runtime      # DAGs    # Errors  Last Runtime    Last Run
-----------------------------------------  -----  ---------  --------  ----------  --------------  -------------------
/opt/airflow/dags/dag1_csv_to_postgres.py                           1           0  0.46s           2026-01-08T18:14:05
================================================================================
[2026-01-08T18:14:52.381+0000] {manager.py:879} INFO - 
================================================================================
DAG File Processing Stats

File Path                                  PID    Runtime      # DAGs    # Errors  Last Runtime    Last Run
-----------------------------------------  -----  ---------  --------  ----------  --------------  -------------------
/opt/airflow/dags/dag1_csv_to_postgres.py                           1           0  0.96s           2026-01-08T18:14:36
================================================================================
[2026-01-08T18:15:22.560+0000] {manager.py:879} INFO - 
================================================================================
DAG File Processing Stats

File Path                                  PID    Runtime      # DAGs    # Errors  Last Runtime    Last Run
-----------------------------------------  -----  ---------  --------  ----------  --------------  -------------------
/opt/airflow/dags/dag1_csv_to_postgres.py                           1           0  0.72s           2026-01-08T18:15:07
================================================================================
[2026-01-08T18:15:52.902+0000] {manager.py:879} INFO - 
================================================================================
DAG File Processing Stats

File Path                                  PID    Runtime      # DAGs    # Errors  Last Runtime    Last Run
-----------------------------------------  -----  ---------  --------  ----------  --------------  -------------------
/opt/airflow/dags/dag1_csv_to_postgres.py                           1           0  0.64s           2026-01-08T18:15:38
================================================================================
[2026-01-08T18:16:23.223+0000] {manager.py:879} INFO - 
================================================================================
DAG File Processing Stats

File Path                                  PID    Runtime      # DAGs    # Errors  Last Runtime    Last Run
-----------------------------------------  -----  ---------  --------  ----------  --------------  -------------------
/opt/airflow/dags/dag1_csv_to_postgres.py                           1           0  0.46s           2026-01-08T18:16:09
================================================================================
[2026-01-08T18:16:53.588+0000] {manager.py:879} INFO - 
================================================================================
DAG File Processing Stats

File Path                                  PID    Runtime      # DAGs    # Errors  Last Runtime    Last Run
-----------------------------------------  -----  ---------  --------  ----------  --------------  -------------------
/opt/airflow/dags/dag1_csv_to_postgres.py                           1           0  0.59s           2026-01-08T18:16:39
================================================================================
[2026-01-08T18:17:23.919+0000] {manager.py:879} INFO - 
================================================================================
DAG File Processing Stats

File Path                                  PID    Runtime      # DAGs    # Errors  Last Runtime    Last Run
-----------------------------------------  -----  ---------  --------  ----------  --------------  -------------------
/opt/airflow/dags/dag1_csv_to_postgres.py                           1           0  0.67s           2026-01-08T18:17:10
================================================================================
[2026-01-08T18:17:53.978+0000] {manager.py:879} INFO - 
================================================================================
DAG File Processing Stats

File Path                                  PID    Runtime      # DAGs    # Errors  Last Runtime    Last Run
-----------------------------------------  -----  ---------  --------  ----------  --------------  -------------------
/opt/airflow/dags/dag1_csv_to_postgres.py                           1           0  0.79s           2026-01-08T18:17:41
================================================================================
[2026-01-08T18:18:24.289+0000] {manager.py:879} INFO - 
================================================================================
DAG File Processing Stats

File Path                                  PID    Runtime      # DAGs    # Errors  Last Runtime    Last Run
-----------------------------------------  -----  ---------  --------  ----------  --------------  -------------------
/opt/airflow/dags/dag1_csv_to_postgres.py                           1           0  1.06s           2026-01-08T18:18:13
================================================================================
[2026-01-08T18:18:26.308+0000] {manager.py:738} INFO - Searching for files in /opt/airflow/dags
[2026-01-08T18:18:26.348+0000] {manager.py:741} INFO - There are 1 files in /opt/airflow/dags
[2026-01-08T18:18:54.320+0000] {manager.py:879} INFO - 
================================================================================
DAG File Processing Stats

File Path                                  PID    Runtime      # DAGs    # Errors  Last Runtime    Last Run
-----------------------------------------  -----  ---------  --------  ----------  --------------  -------------------
/opt/airflow/dags/dag1_csv_to_postgres.py                           1           0  0.71s           2026-01-08T18:18:44
================================================================================
[2026-01-08T18:19:24.853+0000] {manager.py:879} INFO - 
================================================================================
DAG File Processing Stats

File Path                                  PID    Runtime      # DAGs    # Errors  Last Runtime    Last Run
-----------------------------------------  -----  ---------  --------  ----------  --------------  -------------------
/opt/airflow/dags/dag1_csv_to_postgres.py                           1           0  0.49s           2026-01-08T18:19:15
================================================================================
[2026-01-08T18:19:55.387+0000] {manager.py:879} INFO - 
================================================================================
DAG File Processing Stats

File Path                                  PID    Runtime      # DAGs    # Errors  Last Runtime    Last Run
-----------------------------------------  -----  ---------  --------  ----------  --------------  -------------------
/opt/airflow/dags/dag1_csv_to_postgres.py                           1           0  0.52s           2026-01-08T18:19:45
================================================================================
[2026-01-08T18:20:25.936+0000] {manager.py:879} INFO - 
================================================================================
DAG File Processing Stats

File Path                                  PID    Runtime      # DAGs    # Errors  Last Runtime    Last Run
-----------------------------------------  -----  ---------  --------  ----------  --------------  -------------------
/opt/airflow/dags/dag1_csv_to_postgres.py                           1           0  0.46s           2026-01-08T18:20:16
================================================================================
[2026-01-08T18:20:56.461+0000] {manager.py:879} INFO - 
================================================================================
DAG File Processing Stats

File Path                                  PID    Runtime      # DAGs    # Errors  Last Runtime    Last Run
-----------------------------------------  -----  ---------  --------  ----------  --------------  -------------------
/opt/airflow/dags/dag1_csv_to_postgres.py                           1           0  0.67s           2026-01-08T18:20:46
================================================================================
[2026-01-08T18:21:26.771+0000] {manager.py:879} INFO - 
================================================================================
DAG File Processing Stats

File Path                                  PID    Runtime      # DAGs    # Errors  Last Runtime    Last Run
-----------------------------------------  -----  ---------  --------  ----------  --------------  -------------------
/opt/airflow/dags/dag1_csv_to_postgres.py                           1           0  0.75s           2026-01-08T18:21:17
================================================================================
[2026-01-08T18:21:57.125+0000] {manager.py:879} INFO - 
================================================================================
DAG File Processing Stats

File Path                                  PID    Runtime      # DAGs    # Errors  Last Runtime    Last Run
-----------------------------------------  -----  ---------  --------  ----------  --------------  -------------------
/opt/airflow/dags/dag1_csv_to_postgres.py                           1           0  0.54s           2026-01-08T18:21:48
================================================================================
[2026-01-08T18:22:27.262+0000] {manager.py:879} INFO - 
================================================================================
DAG File Processing Stats

File Path                                  PID    Runtime      # DAGs    # Errors  Last Runtime    Last Run
-----------------------------------------  -----  ---------  --------  ----------  --------------  -------------------
/opt/airflow/dags/dag1_csv_to_postgres.py                           1           0  0.54s           2026-01-08T18:22:19
================================================================================
[2026-01-08T18:22:58.007+0000] {manager.py:879} INFO - 
================================================================================
DAG File Processing Stats

File Path                                  PID    Runtime      # DAGs    # Errors  Last Runtime    Last Run
-----------------------------------------  -----  ---------  --------  ----------  --------------  -------------------
/opt/airflow/dags/dag1_csv_to_postgres.py                           1           0  0.52s           2026-01-08T18:22:49
================================================================================
[2026-01-08T18:23:26.388+0000] {manager.py:738} INFO - Searching for files in /opt/airflow/dags
[2026-01-08T18:23:26.462+0000] {manager.py:741} INFO - There are 1 files in /opt/airflow/dags
[2026-01-08T18:23:28.509+0000] {manager.py:879} INFO - 
================================================================================
DAG File Processing Stats

File Path                                  PID    Runtime      # DAGs    # Errors  Last Runtime    Last Run
-----------------------------------------  -----  ---------  --------  ----------  --------------  -------------------
/opt/airflow/dags/dag1_csv_to_postgres.py                           1           0  0.55s           2026-01-08T18:23:20
================================================================================
[2026-01-08T18:23:58.720+0000] {manager.py:879} INFO - 
================================================================================
DAG File Processing Stats

File Path                                  PID    Runtime      # DAGs    # Errors  Last Runtime    Last Run
-----------------------------------------  -----  ---------  --------  ----------  --------------  -------------------
/opt/airflow/dags/dag1_csv_to_postgres.py                           1           0  0.65s           2026-01-08T18:23:51
================================================================================
[2026-01-08T18:24:28.933+0000] {manager.py:879} INFO - 
================================================================================
DAG File Processing Stats

File Path                                  PID    Runtime      # DAGs    # Errors  Last Runtime    Last Run
-----------------------------------------  -----  ---------  --------  ----------  --------------  -------------------
/opt/airflow/dags/dag1_csv_to_postgres.py                           1           0  0.63s           2026-01-08T18:24:22
================================================================================
[2026-01-08T18:24:59.132+0000] {manager.py:879} INFO - 
================================================================================
DAG File Processing Stats

File Path                                  PID    Runtime      # DAGs    # Errors  Last Runtime    Last Run
-----------------------------------------  -----  ---------  --------  ----------  --------------  -------------------
/opt/airflow/dags/dag1_csv_to_postgres.py                           1           0  0.48s           2026-01-08T18:24:53
================================================================================
[2026-01-08T18:25:29.496+0000] {manager.py:879} INFO - 
================================================================================
DAG File Processing Stats

File Path                                  PID    Runtime      # DAGs    # Errors  Last Runtime    Last Run
-----------------------------------------  -----  ---------  --------  ----------  --------------  -------------------
/opt/airflow/dags/dag1_csv_to_postgres.py                           1           0  0.52s           2026-01-08T18:25:23
================================================================================
[2026-01-08T18:25:59.703+0000] {manager.py:879} INFO - 
================================================================================
DAG File Processing Stats

File Path                                  PID    Runtime      # DAGs    # Errors  Last Runtime    Last Run
-----------------------------------------  -----  ---------  --------  ----------  --------------  -------------------
/opt/airflow/dags/dag1_csv_to_postgres.py                           1           0  0.59s           2026-01-08T18:25:54
================================================================================
[2026-01-08T18:26:30.021+0000] {manager.py:879} INFO - 
================================================================================
DAG File Processing Stats

File Path                                  PID    Runtime      # DAGs    # Errors  Last Runtime    Last Run
-----------------------------------------  -----  ---------  --------  ----------  --------------  -------------------
/opt/airflow/dags/dag1_csv_to_postgres.py                           1           0  0.70s           2026-01-08T18:26:25
================================================================================
[2026-01-08T18:27:00.299+0000] {manager.py:879} INFO - 
================================================================================
DAG File Processing Stats

File Path                                  PID    Runtime      # DAGs    # Errors  Last Runtime    Last Run
-----------------------------------------  -----  ---------  --------  ----------  --------------  -------------------
/opt/airflow/dags/dag1_csv_to_postgres.py                           1           0  0.63s           2026-01-08T18:26:56
================================================================================
[2026-01-08T18:27:30.591+0000] {manager.py:879} INFO - 
================================================================================
DAG File Processing Stats

File Path                                  PID    Runtime      # DAGs    # Errors  Last Runtime    Last Run
-----------------------------------------  -----  ---------  --------  ----------  --------------  -------------------
/opt/airflow/dags/dag1_csv_to_postgres.py                           1           0  0.68s           2026-01-08T18:27:27
================================================================================
[2026-01-08T18:28:00.926+0000] {manager.py:879} INFO - 
================================================================================
DAG File Processing Stats

File Path                                  PID    Runtime      # DAGs    # Errors  Last Runtime    Last Run
-----------------------------------------  -----  ---------  --------  ----------  --------------  -------------------
/opt/airflow/dags/dag1_csv_to_postgres.py                           1           0  0.51s           2026-01-08T18:27:58
================================================================================
[2026-01-08T18:28:26.541+0000] {manager.py:738} INFO - Searching for files in /opt/airflow/dags
[2026-01-08T18:28:26.567+0000] {manager.py:741} INFO - There are 1 files in /opt/airflow/dags
[2026-01-08T18:28:31.208+0000] {manager.py:879} INFO - 
================================================================================
DAG File Processing Stats

File Path                                  PID    Runtime      # DAGs    # Errors  Last Runtime    Last Run
-----------------------------------------  -----  ---------  --------  ----------  --------------  -------------------
/opt/airflow/dags/dag1_csv_to_postgres.py                           1           0  0.58s           2026-01-08T18:28:29
================================================================================
[2026-01-08T18:29:01.813+0000] {manager.py:879} INFO - 
================================================================================
DAG File Processing Stats

File Path                                  PID    Runtime      # DAGs    # Errors  Last Runtime    Last Run
-----------------------------------------  -----  ---------  --------  ----------  --------------  -------------------
/opt/airflow/dags/dag1_csv_to_postgres.py                           1           0  0.51s           2026-01-08T18:29:00
================================================================================
[2026-01-08T18:29:31.989+0000] {manager.py:879} INFO - 
================================================================================
DAG File Processing Stats

File Path                                  PID    Runtime      # DAGs    # Errors  Last Runtime    Last Run
-----------------------------------------  -----  ---------  --------  ----------  --------------  -------------------
/opt/airflow/dags/dag1_csv_to_postgres.py                           1           0  0.89s           2026-01-08T18:29:30
================================================================================
[2026-01-08T18:30:02.578+0000] {manager.py:879} INFO - 
================================================================================
DAG File Processing Stats

File Path                                  PID    Runtime      # DAGs    # Errors  Last Runtime    Last Run
-----------------------------------------  -----  ---------  --------  ----------  --------------  -------------------
/opt/airflow/dags/dag1_csv_to_postgres.py                           1           0  0.61s           2026-01-08T18:30:01
================================================================================
[2026-01-08T18:30:33.108+0000] {manager.py:879} INFO - 
================================================================================
DAG File Processing Stats

File Path                                  PID    Runtime      # DAGs    # Errors  Last Runtime    Last Run
-----------------------------------------  -----  ---------  --------  ----------  --------------  -------------------
/opt/airflow/dags/dag1_csv_to_postgres.py                           1           0  0.60s           2026-01-08T18:30:32
================================================================================
[2026-01-08T18:31:03.380+0000] {manager.py:879} INFO - 
================================================================================
DAG File Processing Stats

File Path                                    PID  Runtime      # DAGs    # Errors  Last Runtime    Last Run
-----------------------------------------  -----  ---------  --------  ----------  --------------  -------------------
/opt/airflow/dags/dag1_csv_to_postgres.py    758  0.53s             1           0  0.60s           2026-01-08T18:30:32
================================================================================
[2026-01-08T18:31:33.768+0000] {manager.py:879} INFO - 
================================================================================
DAG File Processing Stats

File Path                                    PID  Runtime      # DAGs    # Errors  Last Runtime    Last Run
-----------------------------------------  -----  ---------  --------  ----------  --------------  -------------------
/opt/airflow/dags/dag1_csv_to_postgres.py    764  0.01s             1           0  0.56s           2026-01-08T18:31:03
================================================================================
[2026-01-08T18:32:04.038+0000] {manager.py:879} INFO - 
================================================================================
DAG File Processing Stats

File Path                                  PID    Runtime      # DAGs    # Errors  Last Runtime    Last Run
-----------------------------------------  -----  ---------  --------  ----------  --------------  -------------------
/opt/airflow/dags/dag1_csv_to_postgres.py                           1           0  0.54s           2026-01-08T18:31:34
================================================================================
[2026-01-08T18:32:34.296+0000] {manager.py:879} INFO - 
================================================================================
DAG File Processing Stats

File Path                                  PID    Runtime      # DAGs    # Errors  Last Runtime    Last Run
-----------------------------------------  -----  ---------  --------  ----------  --------------  -------------------
/opt/airflow/dags/dag1_csv_to_postgres.py                           1           0  0.57s           2026-01-08T18:32:05
================================================================================
[2026-01-08T18:33:04.407+0000] {manager.py:879} INFO - 
================================================================================
DAG File Processing Stats

File Path                                  PID    Runtime      # DAGs    # Errors  Last Runtime    Last Run
-----------------------------------------  -----  ---------  --------  ----------  --------------  -------------------
/opt/airflow/dags/dag1_csv_to_postgres.py                           1           0  0.81s           2026-01-08T18:32:36
================================================================================
[2026-01-08T18:33:26.830+0000] {manager.py:738} INFO - Searching for files in /opt/airflow/dags
[2026-01-08T18:33:26.861+0000] {manager.py:741} INFO - There are 2 files in /opt/airflow/dags
[2026-01-08T18:33:34.552+0000] {manager.py:879} INFO - 
================================================================================
DAG File Processing Stats

File Path                                      PID    Runtime      # DAGs    # Errors  Last Runtime    Last Run
---------------------------------------------  -----  ---------  --------  ----------  --------------  -------------------
/opt/airflow/dags/dag1_csv_to_postgres.py                               1           0  0.84s           2026-01-08T18:33:07
/opt/airflow/dags/dag2_data_transformation.py                           1           0  0.81s           2026-01-08T18:33:27
================================================================================
[2026-01-08T18:34:04.683+0000] {manager.py:879} INFO - 
================================================================================
DAG File Processing Stats

File Path                                      PID    Runtime      # DAGs    # Errors  Last Runtime    Last Run
---------------------------------------------  -----  ---------  --------  ----------  --------------  -------------------
/opt/airflow/dags/dag1_csv_to_postgres.py                               1           0  0.62s           2026-01-08T18:33:38
/opt/airflow/dags/dag2_data_transformation.py                           1           0  0.53s           2026-01-08T18:33:58
================================================================================
[2026-01-08T18:34:35.351+0000] {manager.py:879} INFO - 
================================================================================
DAG File Processing Stats

File Path                                      PID    Runtime      # DAGs    # Errors  Last Runtime    Last Run
---------------------------------------------  -----  ---------  --------  ----------  --------------  -------------------
/opt/airflow/dags/dag1_csv_to_postgres.py                               1           0  0.57s           2026-01-08T18:34:09
/opt/airflow/dags/dag2_data_transformation.py                           1           0  0.55s           2026-01-08T18:34:29
================================================================================
